id,student_id,lesson_id,group_id,date,status,minutes_late,marked_by_mentor_id,note
1,1,1,1,2026-02-03,absent_unexcused,0,14,Sababsiz
2,1,2,1,2026-02-05,present,0,14,
3,1,3,1,2026-02-07,present,0,14,
4,1,4,1,2026-02-10,present,0,14,
5,1,5,1,2026-02-12,present,0,14,
6,1,6,1,2026-02-14,present,0,14,
7,1,7,1,2026-02-17,present,0,14,
8,1,8,1,2026-02-19,present,0,14,
9,1,9,1,2026-02-21,present,0,14,
10,1,10,1,2026-02-24,present,0,14,
11,1,11,1,2026-02-26,present,0,14,
12,1,12,1,2026-02-28,present,0,14,
13,1,13,1,2026-03-03,present,0,14,
14,1,14,1,2026-03-05,present,0,14,
15,1,15,1,2026-03-07,present,0,14,
16,1,16,1,2026-03-10,present,0,14,
17,1,17,1,2026-03-12,present,0,14,
18,1,18,1,2026-03-14,late,8,14,
19,1,19,1,2026-03-17,present,0,14,
20,1,20,1,2026-03-19,present,0,14,
21,1,21,1,2026-03-24,late,20,14,
22,1,22,1,2026-03-26,present,0,14,
23,1,23,1,2026-03-28,present,0,14,
24,1,24,1,2026-03-31,late,5,14,
25,1,25,1,2026-04-02,present,0,14,
26,1,26,1,2026-04-04,present,0,14,
27,1,27,1,2026-04-07,absent_unexcused,0,14,Sababsiz
28,1,28,1,2026-04-09,late,10,14,
29,1,29,1,2026-04-11,late,5,14,
30,1,30,1,2026-04-14,absent_unexcused,0,14,Sababsiz
31,1,31,1,2026-04-16,present,0,14,
32,1,32,1,2026-04-18,present,0,14,
33,1,33,1,2026-04-21,present,0,14,
34,1,34,1,2026-04-23,present,0,14,
35,1,35,1,2026-04-25,present,0,14,
36,1,36,1,2026-04-28,present,0,14,
37,1,37,1,2026-04-30,present,0,14,
38,1,38,1,2026-05-02,present,0,14,
39,1,39,1,2026-05-05,late,20,14,
40,1,40,1,2026-05-07,late,9,14,
41,1,41,1,2026-05-12,present,0,14,
42,1,42,1,2026-05-14,present,0,14,
43,1,43,1,2026-05-16,present,0,14,
44,1,44,1,2026-05-19,present,0,14,
45,1,45,1,2026-05-21,present,0,14,
46,1,46,1,2026-05-23,present,0,14,
47,1,47,1,2026-05-26,present,0,14,
48,1,48,1,2026-05-28,present,0,14,
49,1,49,1,2026-05-30,present,0,14,
50,1,50,1,2026-06-02,absent_unexcused,0,14,Sababsiz
51,1,51,1,2026-06-04,present,0,14,
52,1,52,1,2026-06-06,present,0,14,
53,1,53,1,2026-06-09,present,0,14,
54,1,54,1,2026-06-11,present,0,14,
55,1,55,1,2026-06-13,absent_excused,0,14,Ota-ona xabar berdi
56,1,56,1,2026-06-16,present,0,14,
57,1,57,1,2026-06-18,present,0,14,
58,1,58,1,2026-06-20,present,0,14,
59,1,59,1,2026-06-23,present,0,14,
60,1,60,1,2026-06-25,present,0,14,
61,1,61,1,2026-06-27,absent_excused,0,14,Ota-ona xabar berdi
62,1,62,1,2026-06-30,present,0,14,
63,1,63,1,2026-07-02,present,0,14,
64,1,64,1,2026-07-04,present,0,14,
65,1,65,1,2026-07-07,present,0,14,
66,1,66,1,2026-07-09,present,0,14,
67,1,67,1,2026-07-11,late,21,14,
68,1,68,1,2026-07-14,present,0,14,
69,1,69,1,2026-07-16,present,0,14,
70,1,70,1,2026-07-18,present,0,14,
71,1,71,1,2026-07-21,present,0,14,
72,1,72,1,2026-07-23,present,0,14,
73,1,73,1,2026-07-25,absent_unexcused,0,14,Sababsiz
74,1,74,1,2026-07-28,present,0,14,
75,1,75,1,2026-07-30,present,0,14,
76,2,1,1,2026-02-03,present,0,14,
77,2,2,1,2026-02-05,present,0,14,
78,2,3,1,2026-02-07,present,0,14,
79,2,4,1,2026-02-10,present,0,14,
80,2,5,1,2026-02-12,present,0,14,
81,2,6,1,2026-02-14,present,0,14,
82,2,7,1,2026-02-17,present,0,14,
83,2,8,1,2026-02-19,present,0,14,
84,2,9,1,2026-02-21,present,0,14,
85,2,10,1,2026-02-24,present,0,14,
86,2,11,1,2026-02-26,present,0,14,
87,2,12,1,2026-02-28,present,0,14,
88,2,13,1,2026-03-03,present,0,14,
89,2,14,1,2026-03-05,present,0,14,
90,2,15,1,2026-03-07,present,0,14,
91,2,16,1,2026-03-10,present,0,14,
92,2,17,1,2026-03-12,absent_excused,0,14,Ota-ona xabar berdi
93,2,18,1,2026-03-14,present,0,14,
94,2,19,1,2026-03-17,present,0,14,
95,2,20,1,2026-03-19,present,0,14,
96,2,21,1,2026-03-24,present,0,14,
97,2,22,1,2026-03-26,present,0,14,
98,2,23,1,2026-03-28,present,0,14,
99,2,24,1,2026-03-31,present,0,14,
100,2,25,1,2026-04-02,present,0,14,
101,2,26,1,2026-04-04,late,20,14,
102,2,27,1,2026-04-07,present,0,14,
103,2,28,1,2026-04-09,present,0,14,
104,2,29,1,2026-04-11,absent_excused,0,14,Ota-ona xabar berdi
105,2,30,1,2026-04-14,present,0,14,
106,2,31,1,2026-04-16,present,0,14,
107,2,32,1,2026-04-18,present,0,14,
108,2,33,1,2026-04-21,present,0,14,
109,2,34,1,2026-04-23,late,12,14,
110,2,35,1,2026-04-25,present,0,14,
111,2,36,1,2026-04-28,present,0,14,
112,2,37,1,2026-04-30,absent_unexcused,0,14,Sababsiz
113,2,38,1,2026-05-02,absent_excused,0,14,Ota-ona xabar berdi
114,2,39,1,2026-05-05,absent_excused,0,14,Ota-ona xabar berdi
115,2,40,1,2026-05-07,present,0,14,
116,2,41,1,2026-05-12,late,6,14,
117,2,42,1,2026-05-14,present,0,14,
118,2,43,1,2026-05-16,present,0,14,
119,2,44,1,2026-05-19,present,0,14,
120,2,45,1,2026-05-21,absent_unexcused,0,14,Sababsiz
121,2,46,1,2026-05-23,late,10,14,
122,2,47,1,2026-05-26,absent_unexcused,0,14,Sababsiz
123,2,48,1,2026-05-28,late,22,14,
124,2,49,1,2026-05-30,present,0,14,
125,2,50,1,2026-06-02,present,0,14,
126,2,51,1,2026-06-04,absent_unexcused,0,14,Sababsiz
127,2,52,1,2026-06-06,present,0,14,
128,2,53,1,2026-06-09,late,8,14,
129,2,54,1,2026-06-11,absent_excused,0,14,Ota-ona xabar berdi
130,2,55,1,2026-06-13,present,0,14,
131,2,56,1,2026-06-16,late,12,14,
132,2,57,1,2026-06-18,late,12,14,
133,2,58,1,2026-06-20,present,0,14,
134,2,59,1,2026-06-23,present,0,14,
135,2,60,1,2026-06-25,present,0,14,
136,2,61,1,2026-06-27,present,0,14,
137,2,62,1,2026-06-30,absent_unexcused,0,14,Sababsiz
138,2,63,1,2026-07-02,present,0,14,
139,2,64,1,2026-07-04,present,0,14,
140,2,65,1,2026-07-07,present,0,14,
141,2,66,1,2026-07-09,late,23,14,
142,2,67,1,2026-07-11,present,0,14,
143,2,68,1,2026-07-14,present,0,14,
144,2,69,1,2026-07-16,present,0,14,
145,2,70,1,2026-07-18,present,0,14,
146,2,71,1,2026-07-21,present,0,14,
147,2,72,1,2026-07-23,present,0,14,
148,2,73,1,2026-07-25,present,0,14,
149,2,74,1,2026-07-28,present,0,14,
150,2,75,1,2026-07-30,present,0,14,
151,3,1,1,2026-02-03,present,0,14,
152,3,2,1,2026-02-05,absent_excused,0,14,Ota-ona xabar berdi
153,3,3,1,2026-02-07,present,0,14,
154,3,4,1,2026-02-10,present,0,14,
155,3,5,1,2026-02-12,late,20,14,
156,3,6,1,2026-02-14,present,0,14,
157,3,7,1,2026-02-17,present,0,14,
158,3,8,1,2026-02-19,present,0,14,
159,3,9,1,2026-02-21,present,0,14,
160,3,10,1,2026-02-24,present,0,14,
161,3,11,1,2026-02-26,present,0,14,
162,3,12,1,2026-02-28,late,25,14,
163,3,13,1,2026-03-03,present,0,14,
164,3,14,1,2026-03-05,present,0,14,
165,3,15,1,2026-03-07,present,0,14,
166,3,16,1,2026-03-10,present,0,14,
167,3,17,1,2026-03-12,present,0,14,
168,3,18,1,2026-03-14,present,0,14,
169,3,19,1,2026-03-17,absent_unexcused,0,14,Sababsiz
170,3,20,1,2026-03-19,present,0,14,
171,3,21,1,2026-03-24,present,0,14,
172,3,22,1,2026-03-26,present,0,14,
173,3,23,1,2026-03-28,late,18,14,
174,3,24,1,2026-03-31,present,0,14,
175,3,25,1,2026-04-02,present,0,14,
176,3,26,1,2026-04-04,present,0,14,
177,3,27,1,2026-04-07,present,0,14,
178,3,28,1,2026-04-09,present,0,14,
179,3,29,1,2026-04-11,absent_unexcused,0,14,Sababsiz
180,3,30,1,2026-04-14,present,0,14,
181,3,31,1,2026-04-16,absent_unexcused,0,14,Sababsiz
182,3,32,1,2026-04-18,present,0,14,
183,3,33,1,2026-04-21,present,0,14,
184,3,34,1,2026-04-23,present,0,14,
185,3,35,1,2026-04-25,present,0,14,
186,3,36,1,2026-04-28,absent_unexcused,0,14,Sababsiz
187,3,37,1,2026-04-30,present,0,14,
188,3,38,1,2026-05-02,present,0,14,
189,3,39,1,2026-05-05,present,0,14,
190,3,40,1,2026-05-07,present,0,14,
191,3,41,1,2026-05-12,present,0,14,
192,3,42,1,2026-05-14,present,0,14,
193,3,43,1,2026-05-16,late,5,14,
194,3,44,1,2026-05-19,present,0,14,
195,3,45,1,2026-05-21,present,0,14,
196,3,46,1,2026-05-23,absent_unexcused,0,14,Sababsiz
197,3,47,1,2026-05-26,present,0,14,
198,3,48,1,2026-05-28,present,0,14,
199,3,49,1,2026-05-30,present,0,14,
200,3,50,1,2026-06-02,present,0,14,
201,3,51,1,2026-06-04,present,0,14,
202,3,52,1,2026-06-06,present,0,14,
203,3,53,1,2026-06-09,present,0,14,
204,3,54,1,2026-06-11,present,0,14,
205,3,55,1,2026-06-13,present,0,14,
206,3,56,1,2026-06-16,absent_unexcused,0,14,Sababsiz
207,3,57,1,2026-06-18,present,0,14,
208,3,58,1,2026-06-20,present,0,14,
209,3,59,1,2026-06-23,present,0,14,
210,3,60,1,2026-06-25,present,0,14,
211,3,61,1,2026-06-27,present,0,14,
212,3,62,1,2026-06-30,absent_unexcused,0,14,Sababsiz
213,3,63,1,2026-07-02,present,0,14,
214,3,64,1,2026-07-04,present,0,14,
215,3,65,1,2026-07-07,present,0,14,
216,3,66,1,2026-07-09,absent_excused,0,14,Ota-ona xabar berdi
217,3,67,1,2026-07-11,present,0,14,
218,3,68,1,2026-07-14,present,0,14,
219,3,69,1,2026-07-16,present,0,14,
220,3,70,1,2026-07-18,present,0,14,
221,3,71,1,2026-07-21,absent_unexcused,0,14,Sababsiz
222,3,72,1,2026-07-23,present,0,14,
223,3,73,1,2026-07-25,present,0,14,
224,3,74,1,2026-07-28,present,0,14,
225,3,75,1,2026-07-30,present,0,14,
226,4,1,1,2026-02-03,present,0,14,
227,4,2,1,2026-02-05,present,0,14,
228,4,3,1,2026-02-07,present,0,14,
229,4,4,1,2026-02-10,present,0,14,
230,4,5,1,2026-02-12,present,0,14,
231,4,6,1,2026-02-14,present,0,14,
232,4,7,1,2026-02-17,absent_excused,0,14,Ota-ona xabar berdi
233,4,8,1,2026-02-19,present,0,14,
234,4,9,1,2026-02-21,present,0,14,
235,4,10,1,2026-02-24,present,0,14,
236,4,11,1,2026-02-26,present,0,14,
237,4,12,1,2026-02-28,absent_unexcused,0,14,Sababsiz
238,4,13,1,2026-03-03,present,0,14,
239,4,14,1,2026-03-05,present,0,14,
240,4,15,1,2026-03-07,present,0,14,
241,4,16,1,2026-03-10,present,0,14,
242,4,17,1,2026-03-12,present,0,14,
243,4,18,1,2026-03-14,present,0,14,
244,4,19,1,2026-03-17,present,0,14,
245,4,20,1,2026-03-19,present,0,14,
246,4,21,1,2026-03-24,present,0,14,
247,4,22,1,2026-03-26,present,0,14,
248,4,23,1,2026-03-28,present,0,14,
249,4,24,1,2026-03-31,present,0,14,
250,4,25,1,2026-04-02,present,0,14,
251,4,26,1,2026-04-04,present,0,14,
252,4,27,1,2026-04-07,present,0,14,
253,4,28,1,2026-04-09,present,0,14,
254,4,29,1,2026-04-11,present,0,14,
255,4,30,1,2026-04-14,present,0,14,
256,4,31,1,2026-04-16,present,0,14,
257,4,32,1,2026-04-18,present,0,14,
258,4,33,1,2026-04-21,present,0,14,
259,4,34,1,2026-04-23,late,10,14,
260,4,35,1,2026-04-25,present,0,14,
261,4,36,1,2026-04-28,absent_unexcused,0,14,Sababsiz
262,4,37,1,2026-04-30,present,0,14,
263,4,38,1,2026-05-02,present,0,14,
264,4,39,1,2026-05-05,present,0,14,
265,4,40,1,2026-05-07,present,0,14,
266,4,41,1,2026-05-12,absent_unexcused,0,14,Sababsiz
267,4,42,1,2026-05-14,present,0,14,
268,4,43,1,2026-05-16,present,0,14,
269,4,44,1,2026-05-19,present,0,14,
270,4,45,1,2026-05-21,present,0,14,
271,4,46,1,2026-05-23,present,0,14,
272,4,47,1,2026-05-26,present,0,14,
273,4,48,1,2026-05-28,absent_excused,0,14,Ota-ona xabar berdi
274,4,49,1,2026-05-30,present,0,14,
275,4,50,1,2026-06-02,present,0,14,
276,4,51,1,2026-06-04,present,0,14,
277,4,52,1,2026-06-06,present,0,14,
278,4,53,1,2026-06-09,present,0,14,
279,4,54,1,2026-06-11,present,0,14,
280,4,55,1,2026-06-13,present,0,14,
281,4,56,1,2026-06-16,present,0,14,
282,4,57,1,2026-06-18,present,0,14,
283,4,58,1,2026-06-20,present,0,14,
284,4,59,1,2026-06-23,present,0,14,
285,4,60,1,2026-06-25,present,0,14,
286,4,61,1,2026-06-27,present,0,14,
287,4,62,1,2026-06-30,present,0,14,
288,4,63,1,2026-07-02,present,0,14,
289,4,64,1,2026-07-04,late,11,14,
290,4,65,1,2026-07-07,present,0,14,
291,4,66,1,2026-07-09,present,0,14,
292,4,67,1,2026-07-11,absent_excused,0,14,Ota-ona xabar berdi
293,4,68,1,2026-07-14,present,0,14,
294,4,69,1,2026-07-16,present,0,14,
295,4,70,1,2026-07-18,present,0,14,
296,4,71,1,2026-07-21,present,0,14,
297,4,72,1,2026-07-23,late,20,14,
298,4,73,1,2026-07-25,present,0,14,
299,4,74,1,2026-07-28,absent_unexcused,0,14,Sababsiz
300,4,75,1,2026-07-30,present,0,14,
301,5,1,1,2026-02-03,present,0,14,
302,5,2,1,2026-02-05,present,0,14,
303,5,3,1,2026-02-07,present,0,14,
304,5,4,1,2026-02-10,present,0,14,
305,5,5,1,2026-02-12,present,0,14,
306,5,6,1,2026-02-14,present,0,14,
307,5,7,1,2026-02-17,present,0,14,
308,5,8,1,2026-02-19,present,0,14,
309,5,9,1,2026-02-21,present,0,14,
310,5,10,1,2026-02-24,present,0,14,
311,5,11,1,2026-02-26,present,0,14,
312,5,12,1,2026-02-28,present,0,14,
313,5,13,1,2026-03-03,present,0,14,
314,5,14,1,2026-03-05,present,0,14,
315,5,15,1,2026-03-07,present,0,14,
316,5,16,1,2026-03-10,present,0,14,
317,5,17,1,2026-03-12,present,0,14,
318,5,18,1,2026-03-14,present,0,14,
319,5,19,1,2026-03-17,present,0,14,
320,5,20,1,2026-03-19,present,0,14,
321,5,21,1,2026-03-24,present,0,14,
322,5,22,1,2026-03-26,present,0,14,
323,5,23,1,2026-03-28,present,0,14,
324,5,24,1,2026-03-31,present,0,14,
325,5,25,1,2026-04-02,present,0,14,
326,5,26,1,2026-04-04,present,0,14,
327,5,27,1,2026-04-07,present,0,14,
328,5,28,1,2026-04-09,present,0,14,
329,5,29,1,2026-04-11,present,0,14,
330,5,30,1,2026-04-14,present,0,14,
331,5,31,1,2026-04-16,present,0,14,
332,5,32,1,2026-04-18,late,8,14,
333,5,33,1,2026-04-21,present,0,14,
334,5,34,1,2026-04-23,present,0,14,
335,5,35,1,2026-04-25,present,0,14,
336,5,36,1,2026-04-28,absent_unexcused,0,14,Sababsiz
337,5,37,1,2026-04-30,present,0,14,
338,5,38,1,2026-05-02,present,0,14,
339,5,39,1,2026-05-05,present,0,14,
340,5,40,1,2026-05-07,present,0,14,
341,5,41,1,2026-05-12,absent_excused,0,14,Ota-ona xabar berdi
342,5,42,1,2026-05-14,late,10,14,
343,5,43,1,2026-05-16,present,0,14,
344,5,44,1,2026-05-19,absent_unexcused,0,14,Sababsiz
345,5,45,1,2026-05-21,present,0,14,
346,5,46,1,2026-05-23,present,0,14,
347,5,47,1,2026-05-26,present,0,14,
348,5,48,1,2026-05-28,present,0,14,
349,5,49,1,2026-05-30,present,0,14,
350,5,50,1,2026-06-02,present,0,14,
351,5,51,1,2026-06-04,present,0,14,
352,5,52,1,2026-06-06,present,0,14,
353,5,53,1,2026-06-09,present,0,14,
354,5,54,1,2026-06-11,present,0,14,
355,5,55,1,2026-06-13,present,0,14,
356,5,56,1,2026-06-16,present,0,14,
357,5,57,1,2026-06-18,present,0,14,
358,5,58,1,2026-06-20,present,0,14,
359,5,59,1,2026-06-23,present,0,14,
360,5,60,1,2026-06-25,present,0,14,
361,5,61,1,2026-06-27,present,0,14,
362,5,62,1,2026-06-30,present,0,14,
363,5,63,1,2026-07-02,present,0,14,
364,5,64,1,2026-07-04,present,0,14,
365,5,65,1,2026-07-07,present,0,14,
366,5,66,1,2026-07-09,late,22,14,
367,5,67,1,2026-07-11,present,0,14,
368,5,68,1,2026-07-14,present,0,14,
369,5,69,1,2026-07-16,present,0,14,
370,5,70,1,2026-07-18,present,0,14,
371,5,71,1,2026-07-21,present,0,14,
372,5,72,1,2026-07-23,present,0,14,
373,5,73,1,2026-07-25,present,0,14,
374,5,74,1,2026-07-28,present,0,14,
375,5,75,1,2026-07-30,present,0,14,
376,6,1,1,2026-02-03,present,0,14,
377,6,2,1,2026-02-05,present,0,14,
378,6,3,1,2026-02-07,present,0,14,
379,6,4,1,2026-02-10,present,0,14,
380,6,5,1,2026-02-12,present,0,14,
381,6,6,1,2026-02-14,present,0,14,
382,6,7,1,2026-02-17,present,0,14,
383,6,8,1,2026-02-19,present,0,14,
384,6,9,1,2026-02-21,late,11,14,
385,6,10,1,2026-02-24,present,0,14,
386,6,11,1,2026-02-26,present,0,14,
387,6,12,1,2026-02-28,present,0,14,
388,6,13,1,2026-03-03,present,0,14,
389,6,14,1,2026-03-05,absent_excused,0,14,Ota-ona xabar berdi
390,6,15,1,2026-03-07,present,0,14,
391,6,16,1,2026-03-10,present,0,14,
392,6,17,1,2026-03-12,present,0,14,
393,6,18,1,2026-03-14,present,0,14,
394,6,19,1,2026-03-17,present,0,14,
395,6,20,1,2026-03-19,present,0,14,
396,6,21,1,2026-03-24,present,0,14,
397,6,22,1,2026-03-26,present,0,14,
398,6,23,1,2026-03-28,present,0,14,
399,6,24,1,2026-03-31,present,0,14,
400,6,25,1,2026-04-02,present,0,14,
401,6,26,1,2026-04-04,present,0,14,
402,6,27,1,2026-04-07,present,0,14,
403,6,28,1,2026-04-09,absent_unexcused,0,14,Sababsiz
404,6,29,1,2026-04-11,present,0,14,
405,6,30,1,2026-04-14,late,22,14,
406,6,31,1,2026-04-16,present,0,14,
407,6,32,1,2026-04-18,present,0,14,
408,6,33,1,2026-04-21,present,0,14,
409,6,34,1,2026-04-23,present,0,14,
410,6,35,1,2026-04-25,present,0,14,
411,6,36,1,2026-04-28,present,0,14,
412,6,37,1,2026-04-30,present,0,14,
413,6,38,1,2026-05-02,absent_excused,0,14,Ota-ona xabar berdi
414,6,39,1,2026-05-05,present,0,14,
415,6,40,1,2026-05-07,present,0,14,
416,6,41,1,2026-05-12,present,0,14,
417,6,42,1,2026-05-14,present,0,14,
418,6,43,1,2026-05-16,present,0,14,
419,6,44,1,2026-05-19,present,0,14,
420,6,45,1,2026-05-21,late,6,14,
421,6,46,1,2026-05-23,present,0,14,
422,6,47,1,2026-05-26,present,0,14,
423,6,48,1,2026-05-28,present,0,14,
424,6,49,1,2026-05-30,present,0,14,
425,6,50,1,2026-06-02,present,0,14,
426,6,51,1,2026-06-04,present,0,14,
427,6,52,1,2026-06-06,present,0,14,
428,6,53,1,2026-06-09,present,0,14,
429,6,54,1,2026-06-11,present,0,14,
430,6,55,1,2026-06-13,present,0,14,
431,6,56,1,2026-06-16,present,0,14,
432,6,57,1,2026-06-18,absent_excused,0,14,Ota-ona xabar berdi
433,6,58,1,2026-06-20,present,0,14,
434,6,59,1,2026-06-23,present,0,14,
435,6,60,1,2026-06-25,present,0,14,
436,6,61,1,2026-06-27,late,19,14,
437,6,62,1,2026-06-30,present,0,14,
438,6,63,1,2026-07-02,present,0,14,
439,6,64,1,2026-07-04,present,0,14,
440,6,65,1,2026-07-07,present,0,14,
441,6,66,1,2026-07-09,present,0,14,
442,6,67,1,2026-07-11,present,0,14,
443,6,68,1,2026-07-14,present,0,14,
444,6,69,1,2026-07-16,present,0,14,
445,6,70,1,2026-07-18,present,0,14,
446,6,71,1,2026-07-21,present,0,14,
447,6,72,1,2026-07-23,present,0,14,
448,6,73,1,2026-07-25,present,0,14,
449,6,74,1,2026-07-28,late,6,14,
450,6,75,1,2026-07-30,present,0,14,
451,7,1,1,2026-02-03,absent_excused,0,14,Ota-ona xabar berdi
452,7,2,1,2026-02-05,present,0,14,
453,7,3,1,2026-02-07,absent_unexcused,0,14,Sababsiz
454,7,4,1,2026-02-10,present,0,14,
455,7,5,1,2026-02-12,present,0,14,
456,7,6,1,2026-02-14,present,0,14,
457,7,7,1,2026-02-17,absent_unexcused,0,14,Sababsiz
458,7,8,1,2026-02-19,absent_excused,0,14,Ota-ona xabar berdi
459,7,9,1,2026-02-21,present,0,14,
460,7,10,1,2026-02-24,present,0,14,
461,7,11,1,2026-02-26,absent_unexcused,0,14,Sababsiz
462,7,12,1,2026-02-28,absent_unexcused,0,14,Sababsiz
463,7,13,1,2026-03-03,present,0,14,
464,7,14,1,2026-03-05,present,0,14,
465,7,15,1,2026-03-07,absent_excused,0,14,Ota-ona xabar berdi
466,7,16,1,2026-03-10,present,0,14,
467,7,17,1,2026-03-12,present,0,14,
468,7,18,1,2026-03-14,absent_excused,0,14,Ota-ona xabar berdi
469,7,19,1,2026-03-17,present,0,14,
470,7,20,1,2026-03-19,late,20,14,
471,7,21,1,2026-03-24,absent_excused,0,14,Ota-ona xabar berdi
472,7,22,1,2026-03-26,absent_unexcused,0,14,Sababsiz
473,7,23,1,2026-03-28,late,13,14,
474,7,24,1,2026-03-31,absent_unexcused,0,14,Sababsiz
475,7,25,1,2026-04-02,present,0,14,
476,7,26,1,2026-04-04,present,0,14,
477,7,27,1,2026-04-07,absent_excused,0,14,Ota-ona xabar berdi
478,7,28,1,2026-04-09,late,20,14,
479,7,29,1,2026-04-11,late,7,14,
480,7,30,1,2026-04-14,present,0,14,
481,7,31,1,2026-04-16,present,0,14,
482,7,32,1,2026-04-18,late,20,14,
483,7,33,1,2026-04-21,late,15,14,
484,7,34,1,2026-04-23,absent_excused,0,14,Ota-ona xabar berdi
485,7,35,1,2026-04-25,present,0,14,
486,7,36,1,2026-04-28,present,0,14,
487,7,37,1,2026-04-30,present,0,14,
488,7,38,1,2026-05-02,present,0,14,
489,7,39,1,2026-05-05,present,0,14,
490,7,40,1,2026-05-07,present,0,14,
491,7,41,1,2026-05-12,present,0,14,
492,7,42,1,2026-05-14,present,0,14,
493,7,43,1,2026-05-16,present,0,14,
494,7,44,1,2026-05-19,present,0,14,
495,7,45,1,2026-05-21,absent_excused,0,14,Ota-ona xabar berdi
496,7,46,1,2026-05-23,absent_unexcused,0,14,Sababsiz
497,7,47,1,2026-05-26,present,0,14,
498,7,48,1,2026-05-28,present,0,14,
499,7,49,1,2026-05-30,absent_excused,0,14,Ota-ona xabar berdi
500,7,50,1,2026-06-02,present,0,14,
501,7,51,1,2026-06-04,present,0,14,
502,7,52,1,2026-06-06,absent_excused,0,14,Ota-ona xabar berdi
503,7,53,1,2026-06-09,present,0,14,
504,7,54,1,2026-06-11,absent_excused,0,14,Ota-ona xabar berdi
505,7,55,1,2026-06-13,late,10,14,
506,7,56,1,2026-06-16,absent_unexcused,0,14,Sababsiz
507,7,57,1,2026-06-18,present,0,14,
508,7,58,1,2026-06-20,present,0,14,
509,7,59,1,2026-06-23,present,0,14,
510,7,60,1,2026-06-25,present,0,14,
511,7,61,1,2026-06-27,present,0,14,
512,7,62,1,2026-06-30,absent_unexcused,0,14,Sababsiz
513,7,63,1,2026-07-02,present,0,14,
514,7,64,1,2026-07-04,late,5,14,
515,7,65,1,2026-07-07,present,0,14,
516,7,66,1,2026-07-09,present,0,14,
517,7,67,1,2026-07-11,absent_unexcused,0,14,Sababsiz
518,7,68,1,2026-07-14,absent_excused,0,14,Ota-ona xabar berdi
519,7,69,1,2026-07-16,absent_unexcused,0,14,Sababsiz
520,7,70,1,2026-07-18,present,0,14,
521,7,71,1,2026-07-21,present,0,14,
522,7,72,1,2026-07-23,present,0,14,
523,7,73,1,2026-07-25,late,20,14,
524,7,74,1,2026-07-28,absent_unexcused,0,14,Sababsiz
525,7,75,1,2026-07-30,late,21,14,
526,8,1,1,2026-02-03,absent_unexcused,0,14,Sababsiz
527,8,2,1,2026-02-05,present,0,14,
528,8,3,1,2026-02-07,absent_unexcused,0,14,Sababsiz
529,8,4,1,2026-02-10,present,0,14,
530,8,5,1,2026-02-12,absent_excused,0,14,Ota-ona xabar berdi
531,8,6,1,2026-02-14,absent_unexcused,0,14,Sababsiz
532,8,7,1,2026-02-17,present,0,14,
533,8,8,1,2026-02-19,present,0,14,
534,8,9,1,2026-02-21,late,25,14,
535,8,10,1,2026-02-24,present,0,14,
536,8,11,1,2026-02-26,present,0,14,
537,8,12,1,2026-02-28,absent_unexcused,0,14,Sababsiz
538,8,13,1,2026-03-03,absent_unexcused,0,14,Sababsiz
539,8,14,1,2026-03-05,present,0,14,
540,8,15,1,2026-03-07,present,0,14,
541,8,16,1,2026-03-10,present,0,14,
542,8,17,1,2026-03-12,absent_unexcused,0,14,Sababsiz
543,8,18,1,2026-03-14,absent_unexcused,0,14,Sababsiz
544,8,19,1,2026-03-17,present,0,14,
545,8,20,1,2026-03-19,absent_unexcused,0,14,Sababsiz
546,8,21,1,2026-03-24,present,0,14,
547,8,22,1,2026-03-26,present,0,14,
548,8,23,1,2026-03-28,present,0,14,
549,8,24,1,2026-03-31,present,0,14,
550,8,25,1,2026-04-02,absent_excused,0,14,Ota-ona xabar berdi
551,8,26,1,2026-04-04,late,13,14,
552,8,27,1,2026-04-07,absent_unexcused,0,14,Sababsiz
553,8,28,1,2026-04-09,present,0,14,
554,8,29,1,2026-04-11,present,0,14,
555,8,30,1,2026-04-14,present,0,14,
556,8,31,1,2026-04-16,absent_excused,0,14,Ota-ona xabar berdi
557,8,32,1,2026-04-18,present,0,14,
558,8,33,1,2026-04-21,present,0,14,
559,8,34,1,2026-04-23,absent_unexcused,0,14,Sababsiz
560,8,35,1,2026-04-25,absent_excused,0,14,Ota-ona xabar berdi
561,8,36,1,2026-04-28,late,6,14,
562,8,37,1,2026-04-30,absent_excused,0,14,Ota-ona xabar berdi
563,8,38,1,2026-05-02,absent_unexcused,0,14,Sababsiz
564,8,39,1,2026-05-05,absent_excused,0,14,Ota-ona xabar berdi
565,8,40,1,2026-05-07,absent_unexcused,0,14,Sababsiz
566,8,41,1,2026-05-12,absent_unexcused,0,14,Sababsiz
567,8,42,1,2026-05-14,absent_unexcused,0,14,Sababsiz
568,8,43,1,2026-05-16,absent_unexcused,0,14,Sababsiz
569,8,44,1,2026-05-19,present,0,14,
570,8,45,1,2026-05-21,absent_unexcused,0,14,Sababsiz
571,8,46,1,2026-05-23,present,0,14,
572,8,47,1,2026-05-26,absent_excused,0,14,Ota-ona xabar berdi
573,8,48,1,2026-05-28,absent_unexcused,0,14,Sababsiz
574,8,49,1,2026-05-30,absent_excused,0,14,Ota-ona xabar berdi
575,8,50,1,2026-06-02,absent_unexcused,0,14,Sababsiz
576,8,51,1,2026-06-04,absent_excused,0,14,Ota-ona xabar berdi
577,8,52,1,2026-06-06,absent_unexcused,0,14,Sababsiz
578,8,53,1,2026-06-09,present,0,14,
579,8,54,1,2026-06-11,present,0,14,
580,8,55,1,2026-06-13,present,0,14,
581,8,56,1,2026-06-16,absent_excused,0,14,Ota-ona xabar berdi
582,8,57,1,2026-06-18,absent_unexcused,0,14,Sababsiz
583,8,58,1,2026-06-20,present,0,14,
584,8,59,1,2026-06-23,absent_unexcused,0,14,Sababsiz
585,8,60,1,2026-06-25,absent_unexcused,0,14,Sababsiz
586,8,61,1,2026-06-27,present,0,14,
587,8,62,1,2026-06-30,present,0,14,
588,8,63,1,2026-07-02,present,0,14,
589,8,64,1,2026-07-04,late,16,14,
590,8,65,1,2026-07-07,present,0,14,
591,8,66,1,2026-07-09,absent_unexcused,0,14,Sababsiz
592,8,67,1,2026-07-11,present,0,14,
593,8,68,1,2026-07-14,present,0,14,
594,8,69,1,2026-07-16,absent_unexcused,0,14,Sababsiz
595,8,70,1,2026-07-18,absent_unexcused,0,14,Sababsiz
596,8,71,1,2026-07-21,present,0,14,
597,8,72,1,2026-07-23,present,0,14,
598,8,73,1,2026-07-25,absent_unexcused,0,14,Sababsiz
599,8,74,1,2026-07-28,present,0,14,
600,8,75,1,2026-07-30,late,8,14,
601,9,1,1,2026-02-03,present,0,14,
602,9,2,1,2026-02-05,present,0,14,
603,9,3,1,2026-02-07,present,0,14,
604,9,4,1,2026-02-10,present,0,14,
605,9,5,1,2026-02-12,present,0,14,
606,9,6,1,2026-02-14,present,0,14,
607,9,7,1,2026-02-17,absent_excused,0,14,Ota-ona xabar berdi
608,9,8,1,2026-02-19,absent_unexcused,0,14,Sababsiz
609,9,9,1,2026-02-21,present,0,14,
610,9,10,1,2026-02-24,absent_excused,0,14,Ota-ona xabar berdi
611,9,11,1,2026-02-26,late,19,14,
612,9,12,1,2026-02-28,late,20,14,
613,9,13,1,2026-03-03,present,0,14,
614,9,14,1,2026-03-05,late,16,14,
615,9,15,1,2026-03-07,absent_excused,0,14,Ota-ona xabar berdi
616,9,16,1,2026-03-10,absent_unexcused,0,14,Sababsiz
617,9,17,1,2026-03-12,present,0,14,
618,9,18,1,2026-03-14,present,0,14,
619,9,19,1,2026-03-17,late,12,14,
620,9,20,1,2026-03-19,present,0,14,
621,9,21,1,2026-03-24,late,19,14,
622,9,22,1,2026-03-26,present,0,14,
623,9,23,1,2026-03-28,present,0,14,
624,9,24,1,2026-03-31,present,0,14,
625,9,25,1,2026-04-02,present,0,14,
626,9,26,1,2026-04-04,present,0,14,
627,9,27,1,2026-04-07,present,0,14,
628,9,28,1,2026-04-09,late,18,14,
629,9,29,1,2026-04-11,present,0,14,
630,9,30,1,2026-04-14,present,0,14,
631,9,31,1,2026-04-16,present,0,14,
632,9,32,1,2026-04-18,absent_excused,0,14,Ota-ona xabar berdi
633,9,33,1,2026-04-21,present,0,14,
634,9,34,1,2026-04-23,present,0,14,
635,9,35,1,2026-04-25,present,0,14,
636,9,36,1,2026-04-28,present,0,14,
637,9,37,1,2026-04-30,absent_excused,0,14,Ota-ona xabar berdi
638,9,38,1,2026-05-02,present,0,14,
639,9,39,1,2026-05-05,late,20,14,
640,9,40,1,2026-05-07,absent_excused,0,14,Ota-ona xabar berdi
641,9,41,1,2026-05-12,present,0,14,
642,9,42,1,2026-05-14,present,0,14,
643,9,43,1,2026-05-16,present,0,14,
644,9,44,1,2026-05-19,present,0,14,
645,9,45,1,2026-05-21,present,0,14,
646,9,46,1,2026-05-23,present,0,14,
647,9,47,1,2026-05-26,present,0,14,
648,9,48,1,2026-05-28,present,0,14,
649,9,49,1,2026-05-30,present,0,14,
650,9,50,1,2026-06-02,present,0,14,
651,9,51,1,2026-06-04,present,0,14,
652,9,52,1,2026-06-06,present,0,14,
653,9,53,1,2026-06-09,late,8,14,
654,9,54,1,2026-06-11,present,0,14,
655,9,55,1,2026-06-13,present,0,14,
656,9,56,1,2026-06-16,absent_excused,0,14,Ota-ona xabar berdi
657,9,57,1,2026-06-18,present,0,14,
658,9,58,1,2026-06-20,present,0,14,
659,9,59,1,2026-06-23,present,0,14,
660,9,60,1,2026-06-25,present,0,14,
661,9,61,1,2026-06-27,absent_unexcused,0,14,Sababsiz
662,9,62,1,2026-06-30,present,0,14,
663,9,63,1,2026-07-02,present,0,14,
664,9,64,1,2026-07-04,present,0,14,
665,9,65,1,2026-07-07,late,22,14,
666,9,66,1,2026-07-09,absent_unexcused,0,14,Sababsiz
667,9,67,1,2026-07-11,present,0,14,
668,9,68,1,2026-07-14,absent_excused,0,14,Ota-ona xabar berdi
669,9,69,1,2026-07-16,present,0,14,
670,9,70,1,2026-07-18,present,0,14,
671,9,71,1,2026-07-21,present,0,14,
672,9,72,1,2026-07-23,present,0,14,
673,9,73,1,2026-07-25,present,0,14,
674,9,74,1,2026-07-28,present,0,14,
675,9,75,1,2026-07-30,present,0,14,
676,10,76,2,2026-02-03,late,22,2,
677,10,77,2,2026-02-05,present,0,2,
678,10,78,2,2026-02-07,present,0,2,
679,10,79,2,2026-02-10,present,0,2,
680,10,80,2,2026-02-12,absent_unexcused,0,2,Sababsiz
681,10,81,2,2026-02-14,absent_unexcused,0,2,Sababsiz
682,10,82,2,2026-02-17,present,0,2,
683,10,83,2,2026-02-19,present,0,2,
684,10,84,2,2026-02-21,absent_excused,0,2,Ota-ona xabar berdi
685,10,85,2,2026-02-24,absent_unexcused,0,2,Sababsiz
686,10,86,2,2026-02-26,absent_unexcused,0,2,Sababsiz
687,10,87,2,2026-02-28,present,0,2,
688,10,88,2,2026-03-03,present,0,2,
689,10,89,2,2026-03-05,late,12,2,
690,10,90,2,2026-03-07,present,0,2,
691,10,91,2,2026-03-10,present,0,2,
692,10,92,2,2026-03-12,absent_unexcused,0,2,Sababsiz
693,10,93,2,2026-03-14,present,0,2,
694,10,94,2,2026-03-17,present,0,2,
695,10,95,2,2026-03-19,absent_unexcused,0,2,Sababsiz
696,10,96,2,2026-03-24,present,0,2,
697,10,97,2,2026-03-26,absent_unexcused,0,2,Sababsiz
698,10,98,2,2026-03-28,present,0,2,
699,10,99,2,2026-03-31,absent_unexcused,0,2,Sababsiz
700,10,100,2,2026-04-02,present,0,2,
701,10,101,2,2026-04-04,present,0,2,
702,10,102,2,2026-04-07,present,0,2,
703,10,103,2,2026-04-09,present,0,2,
704,10,104,2,2026-04-11,present,0,2,
705,10,105,2,2026-04-14,absent_excused,0,2,Ota-ona xabar berdi
706,10,106,2,2026-04-16,late,21,2,
707,10,107,2,2026-04-18,absent_unexcused,0,2,Sababsiz
708,10,108,2,2026-04-21,absent_unexcused,0,2,Sababsiz
709,10,109,2,2026-04-23,absent_unexcused,0,2,Sababsiz
710,10,110,2,2026-04-25,absent_excused,0,2,Ota-ona xabar berdi
711,10,111,2,2026-04-28,present,0,2,
712,10,112,2,2026-04-30,late,19,2,
713,10,113,2,2026-05-02,present,0,2,
714,10,114,2,2026-05-05,present,0,2,
715,10,115,2,2026-05-07,absent_unexcused,0,2,Sababsiz
716,10,116,2,2026-05-12,absent_excused,0,2,Ota-ona xabar berdi
717,10,117,2,2026-05-14,present,0,2,
718,10,118,2,2026-05-16,late,12,2,
719,10,119,2,2026-05-19,absent_unexcused,0,2,Sababsiz
720,10,120,2,2026-05-21,late,20,2,
721,10,121,2,2026-05-23,late,18,2,
722,10,122,2,2026-05-26,absent_unexcused,0,2,Sababsiz
723,10,123,2,2026-05-28,present,0,2,
724,10,124,2,2026-05-30,present,0,2,
725,10,125,2,2026-06-02,late,5,2,
726,10,126,2,2026-06-04,present,0,2,
727,10,127,2,2026-06-06,absent_excused,0,2,Ota-ona xabar berdi
728,10,128,2,2026-06-09,present,0,2,
729,10,129,2,2026-06-11,present,0,2,
730,10,130,2,2026-06-13,absent_unexcused,0,2,Sababsiz
731,10,131,2,2026-06-16,present,0,2,
732,10,132,2,2026-06-18,present,0,2,
733,10,133,2,2026-06-20,absent_excused,0,2,Ota-ona xabar berdi
734,10,134,2,2026-06-23,late,21,2,
735,10,135,2,2026-06-25,absent_unexcused,0,2,Sababsiz
736,10,136,2,2026-06-27,absent_unexcused,0,2,Sababsiz
737,10,137,2,2026-06-30,present,0,2,
738,10,138,2,2026-07-02,present,0,2,
739,10,139,2,2026-07-04,present,0,2,
740,10,140,2,2026-07-07,present,0,2,
741,10,141,2,2026-07-09,late,12,2,
742,10,142,2,2026-07-11,absent_unexcused,0,2,Sababsiz
743,10,143,2,2026-07-14,absent_unexcused,0,2,Sababsiz
744,10,144,2,2026-07-16,absent_unexcused,0,2,Sababsiz
745,10,145,2,2026-07-18,absent_unexcused,0,2,Sababsiz
746,10,146,2,2026-07-21,present,0,2,
747,10,147,2,2026-07-23,present,0,2,
748,10,148,2,2026-07-25,absent_unexcused,0,2,Sababsiz
749,10,149,2,2026-07-28,absent_unexcused,0,2,Sababsiz
750,10,150,2,2026-07-30,absent_unexcused,0,2,Sababsiz
751,11,76,2,2026-02-03,present,0,2,
752,11,77,2,2026-02-05,present,0,2,
753,11,78,2,2026-02-07,present,0,2,
754,11,79,2,2026-02-10,present,0,2,
755,11,80,2,2026-02-12,present,0,2,
756,11,81,2,2026-02-14,present,0,2,
757,11,82,2,2026-02-17,present,0,2,
758,11,83,2,2026-02-19,present,0,2,
759,11,84,2,2026-02-21,present,0,2,
760,11,85,2,2026-02-24,present,0,2,
761,11,86,2,2026-02-26,present,0,2,
762,11,87,2,2026-02-28,present,0,2,
763,11,88,2,2026-03-03,late,13,2,
764,11,89,2,2026-03-05,present,0,2,
765,11,90,2,2026-03-07,present,0,2,
766,11,91,2,2026-03-10,late,6,2,
767,11,92,2,2026-03-12,present,0,2,
768,11,93,2,2026-03-14,present,0,2,
769,11,94,2,2026-03-17,present,0,2,
770,11,95,2,2026-03-19,present,0,2,
771,11,96,2,2026-03-24,present,0,2,
772,11,97,2,2026-03-26,late,5,2,
773,11,98,2,2026-03-28,present,0,2,
774,11,99,2,2026-03-31,present,0,2,
775,11,100,2,2026-04-02,present,0,2,
776,11,101,2,2026-04-04,present,0,2,
777,11,102,2,2026-04-07,present,0,2,
778,11,103,2,2026-04-09,absent_unexcused,0,2,Sababsiz
779,11,104,2,2026-04-11,late,13,2,
780,11,105,2,2026-04-14,present,0,2,
781,11,106,2,2026-04-16,present,0,2,
782,11,107,2,2026-04-18,present,0,2,
783,11,108,2,2026-04-21,present,0,2,
784,11,109,2,2026-04-23,present,0,2,
785,11,110,2,2026-04-25,present,0,2,
786,11,111,2,2026-04-28,present,0,2,
787,11,112,2,2026-04-30,present,0,2,
788,11,113,2,2026-05-02,present,0,2,
789,11,114,2,2026-05-05,present,0,2,
790,11,115,2,2026-05-07,present,0,2,
791,11,116,2,2026-05-12,present,0,2,
792,11,117,2,2026-05-14,present,0,2,
793,11,118,2,2026-05-16,present,0,2,
794,11,119,2,2026-05-19,late,24,2,
795,11,120,2,2026-05-21,present,0,2,
796,11,121,2,2026-05-23,present,0,2,
797,11,122,2,2026-05-26,present,0,2,
798,11,123,2,2026-05-28,present,0,2,
799,11,124,2,2026-05-30,present,0,2,
800,11,125,2,2026-06-02,present,0,2,
801,11,126,2,2026-06-04,present,0,2,
802,11,127,2,2026-06-06,present,0,2,
803,11,128,2,2026-06-09,present,0,2,
804,11,129,2,2026-06-11,present,0,2,
805,11,130,2,2026-06-13,present,0,2,
806,11,131,2,2026-06-16,present,0,2,
807,11,132,2,2026-06-18,present,0,2,
808,11,133,2,2026-06-20,present,0,2,
809,11,134,2,2026-06-23,present,0,2,
810,11,135,2,2026-06-25,present,0,2,
811,11,136,2,2026-06-27,present,0,2,
812,11,137,2,2026-06-30,present,0,2,
813,11,138,2,2026-07-02,present,0,2,
814,11,139,2,2026-07-04,present,0,2,
815,11,140,2,2026-07-07,present,0,2,
816,11,141,2,2026-07-09,present,0,2,
817,11,142,2,2026-07-11,present,0,2,
818,11,143,2,2026-07-14,present,0,2,
819,11,144,2,2026-07-16,present,0,2,
820,11,145,2,2026-07-18,present,0,2,
821,11,146,2,2026-07-21,present,0,2,
822,11,147,2,2026-07-23,present,0,2,
823,11,148,2,2026-07-25,present,0,2,
824,11,149,2,2026-07-28,present,0,2,
825,11,150,2,2026-07-30,present,0,2,
826,12,76,2,2026-02-03,late,21,2,
827,12,77,2,2026-02-05,late,5,2,
828,12,78,2,2026-02-07,present,0,2,
829,12,79,2,2026-02-10,present,0,2,
830,12,80,2,2026-02-12,present,0,2,
831,12,81,2,2026-02-14,present,0,2,
832,12,82,2,2026-02-17,present,0,2,
833,12,83,2,2026-02-19,present,0,2,
834,12,84,2,2026-02-21,present,0,2,
835,12,85,2,2026-02-24,present,0,2,
836,12,86,2,2026-02-26,present,0,2,
837,12,87,2,2026-02-28,absent_unexcused,0,2,Sababsiz
838,12,88,2,2026-03-03,absent_excused,0,2,Ota-ona xabar berdi
839,12,89,2,2026-03-05,present,0,2,
840,12,90,2,2026-03-07,present,0,2,
841,12,91,2,2026-03-10,present,0,2,
842,12,92,2,2026-03-12,present,0,2,
843,12,93,2,2026-03-14,present,0,2,
844,12,94,2,2026-03-17,present,0,2,
845,12,95,2,2026-03-19,absent_unexcused,0,2,Sababsiz
846,12,96,2,2026-03-24,present,0,2,
847,12,97,2,2026-03-26,present,0,2,
848,12,98,2,2026-03-28,late,19,2,
849,12,99,2,2026-03-31,present,0,2,
850,12,100,2,2026-04-02,late,15,2,
851,12,101,2,2026-04-04,late,10,2,
852,12,102,2,2026-04-07,absent_excused,0,2,Ota-ona xabar berdi
853,12,103,2,2026-04-09,late,25,2,
854,12,104,2,2026-04-11,absent_unexcused,0,2,Sababsiz
855,12,105,2,2026-04-14,present,0,2,
856,12,106,2,2026-04-16,present,0,2,
857,12,107,2,2026-04-18,present,0,2,
858,12,108,2,2026-04-21,present,0,2,
859,12,109,2,2026-04-23,present,0,2,
860,12,110,2,2026-04-25,present,0,2,
861,12,111,2,2026-04-28,present,0,2,
862,12,112,2,2026-04-30,absent_unexcused,0,2,Sababsiz
863,12,113,2,2026-05-02,late,25,2,
864,12,114,2,2026-05-05,present,0,2,
865,12,115,2,2026-05-07,absent_unexcused,0,2,Sababsiz
866,12,116,2,2026-05-12,present,0,2,
867,12,117,2,2026-05-14,present,0,2,
868,12,118,2,2026-05-16,present,0,2,
869,12,119,2,2026-05-19,absent_unexcused,0,2,Sababsiz
870,12,120,2,2026-05-21,present,0,2,
871,12,121,2,2026-05-23,present,0,2,
872,12,122,2,2026-05-26,present,0,2,
873,12,123,2,2026-05-28,late,25,2,
874,12,124,2,2026-05-30,absent_unexcused,0,2,Sababsiz
875,12,125,2,2026-06-02,present,0,2,
876,12,126,2,2026-06-04,absent_excused,0,2,Ota-ona xabar berdi
877,12,127,2,2026-06-06,late,17,2,
878,12,128,2,2026-06-09,present,0,2,
879,12,129,2,2026-06-11,present,0,2,
880,12,130,2,2026-06-13,late,24,2,
881,12,131,2,2026-06-16,present,0,2,
882,12,132,2,2026-06-18,present,0,2,
883,12,133,2,2026-06-20,absent_excused,0,2,Ota-ona xabar berdi
884,12,134,2,2026-06-23,late,5,2,
885,12,135,2,2026-06-25,present,0,2,
886,12,136,2,2026-06-27,present,0,2,
887,12,137,2,2026-06-30,present,0,2,
888,12,138,2,2026-07-02,present,0,2,
889,12,139,2,2026-07-04,absent_unexcused,0,2,Sababsiz
890,12,140,2,2026-07-07,present,0,2,
891,12,141,2,2026-07-09,present,0,2,
892,12,142,2,2026-07-11,present,0,2,
893,12,143,2,2026-07-14,present,0,2,
894,12,144,2,2026-07-16,present,0,2,
895,12,145,2,2026-07-18,present,0,2,
896,12,146,2,2026-07-21,present,0,2,
897,12,147,2,2026-07-23,absent_excused,0,2,Ota-ona xabar berdi
898,12,148,2,2026-07-25,present,0,2,
899,12,149,2,2026-07-28,late,16,2,
900,12,150,2,2026-07-30,present,0,2,
901,13,76,2,2026-02-03,present,0,2,
902,13,77,2,2026-02-05,present,0,2,
903,13,78,2,2026-02-07,present,0,2,
904,13,79,2,2026-02-10,present,0,2,
905,13,80,2,2026-02-12,absent_excused,0,2,Ota-ona xabar berdi
906,13,81,2,2026-02-14,present,0,2,
907,13,82,2,2026-02-17,present,0,2,
908,13,83,2,2026-02-19,present,0,2,
909,13,84,2,2026-02-21,present,0,2,
910,13,85,2,2026-02-24,absent_excused,0,2,Ota-ona xabar berdi
911,13,86,2,2026-02-26,present,0,2,
912,13,87,2,2026-02-28,present,0,2,
913,13,88,2,2026-03-03,present,0,2,
914,13,89,2,2026-03-05,present,0,2,
915,13,90,2,2026-03-07,present,0,2,
916,13,91,2,2026-03-10,present,0,2,
917,13,92,2,2026-03-12,present,0,2,
918,13,93,2,2026-03-14,late,8,2,
919,13,94,2,2026-03-17,present,0,2,
920,13,95,2,2026-03-19,present,0,2,
921,13,96,2,2026-03-24,present,0,2,
922,13,97,2,2026-03-26,present,0,2,
923,13,98,2,2026-03-28,absent_unexcused,0,2,Sababsiz
924,13,99,2,2026-03-31,absent_unexcused,0,2,Sababsiz
925,13,100,2,2026-04-02,present,0,2,
926,13,101,2,2026-04-04,present,0,2,
927,13,102,2,2026-04-07,present,0,2,
928,13,103,2,2026-04-09,present,0,2,
929,13,104,2,2026-04-11,present,0,2,
930,13,105,2,2026-04-14,present,0,2,
931,13,106,2,2026-04-16,present,0,2,
932,13,107,2,2026-04-18,present,0,2,
933,13,108,2,2026-04-21,present,0,2,
934,13,109,2,2026-04-23,present,0,2,
935,13,110,2,2026-04-25,present,0,2,
936,13,111,2,2026-04-28,present,0,2,
937,13,112,2,2026-04-30,present,0,2,
938,13,113,2,2026-05-02,present,0,2,
939,13,114,2,2026-05-05,present,0,2,
940,13,115,2,2026-05-07,present,0,2,
941,13,116,2,2026-05-12,present,0,2,
942,13,117,2,2026-05-14,present,0,2,
943,13,118,2,2026-05-16,present,0,2,
944,13,119,2,2026-05-19,present,0,2,
945,13,120,2,2026-05-21,present,0,2,
946,13,121,2,2026-05-23,present,0,2,
947,13,122,2,2026-05-26,present,0,2,
948,13,123,2,2026-05-28,present,0,2,
949,13,124,2,2026-05-30,late,21,2,
950,13,125,2,2026-06-02,present,0,2,
951,13,126,2,2026-06-04,present,0,2,
952,13,127,2,2026-06-06,present,0,2,
953,13,128,2,2026-06-09,late,7,2,
954,13,129,2,2026-06-11,late,21,2,
955,13,130,2,2026-06-13,present,0,2,
956,13,131,2,2026-06-16,present,0,2,
957,13,132,2,2026-06-18,present,0,2,
958,13,133,2,2026-06-20,present,0,2,
959,13,134,2,2026-06-23,present,0,2,
960,13,135,2,2026-06-25,present,0,2,
961,13,136,2,2026-06-27,present,0,2,
962,13,137,2,2026-06-30,present,0,2,
963,13,138,2,2026-07-02,present,0,2,
964,13,139,2,2026-07-04,present,0,2,
965,13,140,2,2026-07-07,present,0,2,
966,13,141,2,2026-07-09,late,25,2,
967,13,142,2,2026-07-11,present,0,2,
968,13,143,2,2026-07-14,present,0,2,
969,13,144,2,2026-07-16,present,0,2,
970,13,145,2,2026-07-18,present,0,2,
971,13,146,2,2026-07-21,present,0,2,
972,13,147,2,2026-07-23,absent_unexcused,0,2,Sababsiz
973,13,148,2,2026-07-25,present,0,2,
974,13,149,2,2026-07-28,present,0,2,
975,13,150,2,2026-07-30,present,0,2,
976,14,76,2,2026-02-03,late,17,2,
977,14,77,2,2026-02-05,present,0,2,
978,14,78,2,2026-02-07,present,0,2,
979,14,79,2,2026-02-10,present,0,2,
980,14,80,2,2026-02-12,present,0,2,
981,14,81,2,2026-02-14,present,0,2,
982,14,82,2,2026-02-17,absent_excused,0,2,Ota-ona xabar berdi
983,14,83,2,2026-02-19,present,0,2,
984,14,84,2,2026-02-21,late,23,2,
985,14,85,2,2026-02-24,late,22,2,
986,14,86,2,2026-02-26,absent_unexcused,0,2,Sababsiz
987,14,87,2,2026-02-28,present,0,2,
988,14,88,2,2026-03-03,present,0,2,
989,14,89,2,2026-03-05,present,0,2,
990,14,90,2,2026-03-07,present,0,2,
991,14,91,2,2026-03-10,absent_excused,0,2,Ota-ona xabar berdi
992,14,92,2,2026-03-12,present,0,2,
993,14,93,2,2026-03-14,absent_unexcused,0,2,Sababsiz
994,14,94,2,2026-03-17,present,0,2,
995,14,95,2,2026-03-19,present,0,2,
996,14,96,2,2026-03-24,present,0,2,
997,14,97,2,2026-03-26,present,0,2,
998,14,98,2,2026-03-28,late,21,2,
999,14,99,2,2026-03-31,absent_unexcused,0,2,Sababsiz
1000,14,100,2,2026-04-02,present,0,2,
1001,14,101,2,2026-04-04,present,0,2,
1002,14,102,2,2026-04-07,late,12,2,
1003,14,103,2,2026-04-09,absent_unexcused,0,2,Sababsiz
1004,14,104,2,2026-04-11,absent_unexcused,0,2,Sababsiz
1005,14,105,2,2026-04-14,present,0,2,
1006,14,106,2,2026-04-16,present,0,2,
1007,14,107,2,2026-04-18,present,0,2,
1008,14,108,2,2026-04-21,present,0,2,
1009,14,109,2,2026-04-23,present,0,2,
1010,14,110,2,2026-04-25,present,0,2,
1011,14,111,2,2026-04-28,present,0,2,
1012,14,112,2,2026-04-30,late,11,2,
1013,14,113,2,2026-05-02,present,0,2,
1014,14,114,2,2026-05-05,present,0,2,
1015,14,115,2,2026-05-07,late,13,2,
1016,14,116,2,2026-05-12,absent_excused,0,2,Ota-ona xabar berdi
1017,14,117,2,2026-05-14,present,0,2,
1018,14,118,2,2026-05-16,present,0,2,
1019,14,119,2,2026-05-19,present,0,2,
1020,14,120,2,2026-05-21,present,0,2,
1021,14,121,2,2026-05-23,present,0,2,
1022,14,122,2,2026-05-26,present,0,2,
1023,14,123,2,2026-05-28,present,0,2,
1024,14,124,2,2026-05-30,present,0,2,
1025,14,125,2,2026-06-02,absent_excused,0,2,Ota-ona xabar berdi
1026,14,126,2,2026-06-04,present,0,2,
1027,14,127,2,2026-06-06,present,0,2,
1028,14,128,2,2026-06-09,late,9,2,
1029,14,129,2,2026-06-11,absent_unexcused,0,2,Sababsiz
1030,14,130,2,2026-06-13,present,0,2,
1031,14,131,2,2026-06-16,late,8,2,
1032,14,132,2,2026-06-18,present,0,2,
1033,14,133,2,2026-06-20,present,0,2,
1034,14,134,2,2026-06-23,present,0,2,
1035,14,135,2,2026-06-25,present,0,2,
1036,14,136,2,2026-06-27,present,0,2,
1037,14,137,2,2026-06-30,present,0,2,
1038,14,138,2,2026-07-02,late,9,2,
1039,14,139,2,2026-07-04,present,0,2,
1040,14,140,2,2026-07-07,present,0,2,
1041,14,141,2,2026-07-09,present,0,2,
1042,14,142,2,2026-07-11,present,0,2,
1043,14,143,2,2026-07-14,present,0,2,
1044,14,144,2,2026-07-16,present,0,2,
1045,14,145,2,2026-07-18,present,0,2,
1046,14,146,2,2026-07-21,present,0,2,
1047,14,147,2,2026-07-23,late,7,2,
1048,14,148,2,2026-07-25,present,0,2,
1049,14,149,2,2026-07-28,present,0,2,
1050,14,150,2,2026-07-30,absent_unexcused,0,2,Sababsiz
1051,15,76,2,2026-02-03,absent_unexcused,0,2,Sababsiz
1052,15,77,2,2026-02-05,present,0,2,
1053,15,78,2,2026-02-07,present,0,2,
1054,15,79,2,2026-02-10,present,0,2,
1055,15,80,2,2026-02-12,present,0,2,
1056,15,81,2,2026-02-14,absent_unexcused,0,2,Sababsiz
1057,15,82,2,2026-02-17,present,0,2,
1058,15,83,2,2026-02-19,present,0,2,
1059,15,84,2,2026-02-21,present,0,2,
1060,15,85,2,2026-02-24,absent_excused,0,2,Ota-ona xabar berdi
1061,15,86,2,2026-02-26,present,0,2,
1062,15,87,2,2026-02-28,present,0,2,
1063,15,88,2,2026-03-03,present,0,2,
1064,15,89,2,2026-03-05,present,0,2,
1065,15,90,2,2026-03-07,late,13,2,
1066,15,91,2,2026-03-10,present,0,2,
1067,15,92,2,2026-03-12,present,0,2,
1068,15,93,2,2026-03-14,present,0,2,
1069,15,94,2,2026-03-17,present,0,2,
1070,15,95,2,2026-03-19,present,0,2,
1071,15,96,2,2026-03-24,present,0,2,
1072,15,97,2,2026-03-26,present,0,2,
1073,15,98,2,2026-03-28,present,0,2,
1074,15,99,2,2026-03-31,absent_excused,0,2,Ota-ona xabar berdi
1075,15,100,2,2026-04-02,present,0,2,
1076,15,101,2,2026-04-04,present,0,2,
1077,15,102,2,2026-04-07,present,0,2,
1078,15,103,2,2026-04-09,present,0,2,
1079,15,104,2,2026-04-11,present,0,2,
1080,15,105,2,2026-04-14,present,0,2,
1081,15,106,2,2026-04-16,late,5,2,
1082,15,107,2,2026-04-18,present,0,2,
1083,15,108,2,2026-04-21,present,0,2,
1084,15,109,2,2026-04-23,late,5,2,
1085,15,110,2,2026-04-25,present,0,2,
1086,15,111,2,2026-04-28,present,0,2,
1087,15,112,2,2026-04-30,present,0,2,
1088,15,113,2,2026-05-02,present,0,2,
1089,15,114,2,2026-05-05,present,0,2,
1090,15,115,2,2026-05-07,present,0,2,
1091,15,116,2,2026-05-12,absent_excused,0,2,Ota-ona xabar berdi
1092,15,117,2,2026-05-14,present,0,2,
1093,15,118,2,2026-05-16,present,0,2,
1094,15,119,2,2026-05-19,present,0,2,
1095,15,120,2,2026-05-21,absent_unexcused,0,2,Sababsiz
1096,15,121,2,2026-05-23,present,0,2,
1097,15,122,2,2026-05-26,late,19,2,
1098,15,123,2,2026-05-28,present,0,2,
1099,15,124,2,2026-05-30,late,10,2,
1100,15,125,2,2026-06-02,present,0,2,
1101,15,126,2,2026-06-04,present,0,2,
1102,15,127,2,2026-06-06,present,0,2,
1103,15,128,2,2026-06-09,present,0,2,
1104,15,129,2,2026-06-11,present,0,2,
1105,15,130,2,2026-06-13,late,12,2,
1106,15,131,2,2026-06-16,present,0,2,
1107,15,132,2,2026-06-18,present,0,2,
1108,15,133,2,2026-06-20,present,0,2,
1109,15,134,2,2026-06-23,present,0,2,
1110,15,135,2,2026-06-25,present,0,2,
1111,15,136,2,2026-06-27,present,0,2,
1112,15,137,2,2026-06-30,present,0,2,
1113,15,138,2,2026-07-02,late,7,2,
1114,15,139,2,2026-07-04,present,0,2,
1115,15,140,2,2026-07-07,present,0,2,
1116,15,141,2,2026-07-09,present,0,2,
1117,15,142,2,2026-07-11,present,0,2,
1118,15,143,2,2026-07-14,present,0,2,
1119,15,144,2,2026-07-16,present,0,2,
1120,15,145,2,2026-07-18,present,0,2,
1121,15,146,2,2026-07-21,present,0,2,
1122,15,147,2,2026-07-23,present,0,2,
1123,15,148,2,2026-07-25,late,7,2,
1124,15,149,2,2026-07-28,late,22,2,
1125,15,150,2,2026-07-30,present,0,2,
1126,16,76,2,2026-02-03,present,0,2,
1127,16,77,2,2026-02-05,present,0,2,
1128,16,78,2,2026-02-07,absent_unexcused,0,2,Sababsiz
1129,16,79,2,2026-02-10,late,18,2,
1130,16,80,2,2026-02-12,present,0,2,
1131,16,81,2,2026-02-14,present,0,2,
1132,16,82,2,2026-02-17,absent_excused,0,2,Ota-ona xabar berdi
1133,16,83,2,2026-02-19,late,19,2,
1134,16,84,2,2026-02-21,absent_excused,0,2,Ota-ona xabar berdi
1135,16,85,2,2026-02-24,late,25,2,
1136,16,86,2,2026-02-26,present,0,2,
1137,16,87,2,2026-02-28,present,0,2,
1138,16,88,2,2026-03-03,present,0,2,
1139,16,89,2,2026-03-05,present,0,2,
1140,16,90,2,2026-03-07,present,0,2,
1141,16,91,2,2026-03-10,present,0,2,
1142,16,92,2,2026-03-12,present,0,2,
1143,16,93,2,2026-03-14,present,0,2,
1144,16,94,2,2026-03-17,present,0,2,
1145,16,95,2,2026-03-19,absent_unexcused,0,2,Sababsiz
1146,16,96,2,2026-03-24,present,0,2,
1147,16,97,2,2026-03-26,present,0,2,
1148,16,98,2,2026-03-28,present,0,2,
1149,16,99,2,2026-03-31,present,0,2,
1150,16,100,2,2026-04-02,present,0,2,
1151,16,101,2,2026-04-04,present,0,2,
1152,16,102,2,2026-04-07,present,0,2,
1153,16,103,2,2026-04-09,present,0,2,
1154,16,104,2,2026-04-11,absent_unexcused,0,2,Sababsiz
1155,16,105,2,2026-04-14,present,0,2,
1156,16,106,2,2026-04-16,present,0,2,
1157,16,107,2,2026-04-18,present,0,2,
1158,16,108,2,2026-04-21,absent_excused,0,2,Ota-ona xabar berdi
1159,16,109,2,2026-04-23,late,18,2,
1160,16,110,2,2026-04-25,present,0,2,
1161,16,111,2,2026-04-28,present,0,2,
1162,16,112,2,2026-04-30,present,0,2,
1163,16,113,2,2026-05-02,present,0,2,
1164,16,114,2,2026-05-05,present,0,2,
1165,16,115,2,2026-05-07,absent_excused,0,2,Ota-ona xabar berdi
1166,16,116,2,2026-05-12,present,0,2,
1167,16,117,2,2026-05-14,absent_unexcused,0,2,Sababsiz
1168,16,118,2,2026-05-16,present,0,2,
1169,16,119,2,2026-05-19,present,0,2,
1170,16,120,2,2026-05-21,present,0,2,
1171,16,121,2,2026-05-23,present,0,2,
1172,16,122,2,2026-05-26,absent_excused,0,2,Ota-ona xabar berdi
1173,16,123,2,2026-05-28,present,0,2,
1174,16,124,2,2026-05-30,absent_excused,0,2,Ota-ona xabar berdi
1175,16,125,2,2026-06-02,present,0,2,
1176,16,126,2,2026-06-04,present,0,2,
1177,16,127,2,2026-06-06,present,0,2,
1178,16,128,2,2026-06-09,present,0,2,
1179,16,129,2,2026-06-11,present,0,2,
1180,16,130,2,2026-06-13,present,0,2,
1181,16,131,2,2026-06-16,present,0,2,
1182,16,132,2,2026-06-18,present,0,2,
1183,16,133,2,2026-06-20,present,0,2,
1184,16,134,2,2026-06-23,present,0,2,
1185,16,135,2,2026-06-25,present,0,2,
1186,16,136,2,2026-06-27,absent_excused,0,2,Ota-ona xabar berdi
1187,16,137,2,2026-06-30,present,0,2,
1188,16,138,2,2026-07-02,absent_excused,0,2,Ota-ona xabar berdi
1189,16,139,2,2026-07-04,late,7,2,
1190,16,140,2,2026-07-07,present,0,2,
1191,16,141,2,2026-07-09,present,0,2,
1192,16,142,2,2026-07-11,present,0,2,
1193,16,143,2,2026-07-14,present,0,2,
1194,16,144,2,2026-07-16,present,0,2,
1195,16,145,2,2026-07-18,present,0,2,
1196,16,146,2,2026-07-21,late,5,2,
1197,16,147,2,2026-07-23,absent_unexcused,0,2,Sababsiz
1198,16,148,2,2026-07-25,present,0,2,
1199,16,149,2,2026-07-28,present,0,2,
1200,16,150,2,2026-07-30,absent_unexcused,0,2,Sababsiz
1201,17,76,2,2026-02-03,present,0,2,
1202,17,77,2,2026-02-05,present,0,2,
1203,17,78,2,2026-02-07,present,0,2,
1204,17,79,2,2026-02-10,present,0,2,
1205,17,80,2,2026-02-12,present,0,2,
1206,17,81,2,2026-02-14,present,0,2,
1207,17,82,2,2026-02-17,present,0,2,
1208,17,83,2,2026-02-19,absent_excused,0,2,Ota-ona xabar berdi
1209,17,84,2,2026-02-21,absent_excused,0,2,Ota-ona xabar berdi
1210,17,85,2,2026-02-24,present,0,2,
1211,17,86,2,2026-02-26,absent_excused,0,2,Ota-ona xabar berdi
1212,17,87,2,2026-02-28,absent_excused,0,2,Ota-ona xabar berdi
1213,17,88,2,2026-03-03,present,0,2,
1214,17,89,2,2026-03-05,present,0,2,
1215,17,90,2,2026-03-07,present,0,2,
1216,17,91,2,2026-03-10,present,0,2,
1217,17,92,2,2026-03-12,present,0,2,
1218,17,93,2,2026-03-14,present,0,2,
1219,17,94,2,2026-03-17,present,0,2,
1220,17,95,2,2026-03-19,present,0,2,
1221,17,96,2,2026-03-24,present,0,2,
1222,17,97,2,2026-03-26,present,0,2,
1223,17,98,2,2026-03-28,present,0,2,
1224,17,99,2,2026-03-31,present,0,2,
1225,17,100,2,2026-04-02,present,0,2,
1226,17,101,2,2026-04-04,absent_unexcused,0,2,Sababsiz
1227,17,102,2,2026-04-07,present,0,2,
1228,17,103,2,2026-04-09,absent_unexcused,0,2,Sababsiz
1229,17,104,2,2026-04-11,late,20,2,
1230,17,105,2,2026-04-14,absent_unexcused,0,2,Sababsiz
1231,17,106,2,2026-04-16,absent_unexcused,0,2,Sababsiz
1232,17,107,2,2026-04-18,present,0,2,
1233,17,108,2,2026-04-21,present,0,2,
1234,17,109,2,2026-04-23,absent_unexcused,0,2,Sababsiz
1235,17,110,2,2026-04-25,late,11,2,
1236,17,111,2,2026-04-28,present,0,2,
1237,17,112,2,2026-04-30,absent_excused,0,2,Ota-ona xabar berdi
1238,17,113,2,2026-05-02,absent_excused,0,2,Ota-ona xabar berdi
1239,17,114,2,2026-05-05,present,0,2,
1240,17,115,2,2026-05-07,present,0,2,
1241,17,116,2,2026-05-12,present,0,2,
1242,17,117,2,2026-05-14,present,0,2,
1243,17,118,2,2026-05-16,present,0,2,
1244,17,119,2,2026-05-19,late,13,2,
1245,17,120,2,2026-05-21,absent_excused,0,2,Ota-ona xabar berdi
1246,17,121,2,2026-05-23,absent_unexcused,0,2,Sababsiz
1247,17,122,2,2026-05-26,late,12,2,
1248,17,123,2,2026-05-28,present,0,2,
1249,17,124,2,2026-05-30,absent_excused,0,2,Ota-ona xabar berdi
1250,17,125,2,2026-06-02,absent_unexcused,0,2,Sababsiz
1251,17,126,2,2026-06-04,present,0,2,
1252,17,127,2,2026-06-06,absent_excused,0,2,Ota-ona xabar berdi
1253,17,128,2,2026-06-09,present,0,2,
1254,17,129,2,2026-06-11,present,0,2,
1255,17,130,2,2026-06-13,present,0,2,
1256,17,131,2,2026-06-16,present,0,2,
1257,17,132,2,2026-06-18,present,0,2,
1258,17,133,2,2026-06-20,present,0,2,
1259,17,134,2,2026-06-23,present,0,2,
1260,17,135,2,2026-06-25,present,0,2,
1261,17,136,2,2026-06-27,present,0,2,
1262,17,137,2,2026-06-30,present,0,2,
1263,17,138,2,2026-07-02,absent_excused,0,2,Ota-ona xabar berdi
1264,17,139,2,2026-07-04,present,0,2,
1265,17,140,2,2026-07-07,present,0,2,
1266,17,141,2,2026-07-09,present,0,2,
1267,17,142,2,2026-07-11,present,0,2,
1268,17,143,2,2026-07-14,present,0,2,
1269,17,144,2,2026-07-16,absent_unexcused,0,2,Sababsiz
1270,17,145,2,2026-07-18,absent_unexcused,0,2,Sababsiz
1271,17,146,2,2026-07-21,absent_unexcused,0,2,Sababsiz
1272,17,147,2,2026-07-23,present,0,2,
1273,17,148,2,2026-07-25,present,0,2,
1274,17,149,2,2026-07-28,absent_unexcused,0,2,Sababsiz
1275,17,150,2,2026-07-30,present,0,2,
1276,18,151,3,2026-02-09,present,0,2,
1277,18,152,3,2026-02-11,absent_unexcused,0,2,Sababsiz
1278,18,153,3,2026-02-13,present,0,2,
1279,18,154,3,2026-02-16,absent_unexcused,0,2,Sababsiz
1280,18,155,3,2026-02-18,present,0,2,
1281,18,156,3,2026-02-20,present,0,2,
1282,18,157,3,2026-02-23,present,0,2,
1283,18,158,3,2026-02-25,present,0,2,
1284,18,159,3,2026-02-27,present,0,2,
1285,18,160,3,2026-03-02,absent_unexcused,0,2,Sababsiz
1286,18,161,3,2026-03-04,late,16,2,
1287,18,162,3,2026-03-06,late,22,2,
1288,18,163,3,2026-03-09,present,0,2,
1289,18,164,3,2026-03-11,present,0,2,
1290,18,165,3,2026-03-13,present,0,2,
1291,18,166,3,2026-03-16,absent_unexcused,0,2,Sababsiz
1292,18,167,3,2026-03-18,present,0,2,
1293,18,168,3,2026-03-25,present,0,2,
1294,18,169,3,2026-03-27,absent_unexcused,0,2,Sababsiz
1295,18,170,3,2026-03-30,absent_unexcused,0,2,Sababsiz
1296,18,171,3,2026-04-01,present,0,2,
1297,18,172,3,2026-04-03,present,0,2,
1298,18,173,3,2026-04-06,absent_unexcused,0,2,Sababsiz
1299,18,174,3,2026-04-08,present,0,2,
1300,18,175,3,2026-04-10,absent_unexcused,0,2,Sababsiz
1301,18,176,3,2026-04-13,present,0,2,
1302,18,177,3,2026-04-15,present,0,2,
1303,18,178,3,2026-04-17,absent_excused,0,2,Ota-ona xabar berdi
1304,18,179,3,2026-04-20,present,0,2,
1305,18,180,3,2026-04-22,present,0,2,
1306,18,181,3,2026-04-24,present,0,2,
1307,18,182,3,2026-04-27,absent_unexcused,0,2,Sababsiz
1308,18,183,3,2026-04-29,present,0,2,
1309,18,184,3,2026-05-01,present,0,2,
1310,18,185,3,2026-05-04,present,0,2,
1311,18,186,3,2026-05-06,absent_excused,0,2,Ota-ona xabar berdi
1312,18,187,3,2026-05-08,present,0,2,
1313,18,188,3,2026-05-11,absent_excused,0,2,Ota-ona xabar berdi
1314,18,189,3,2026-05-13,present,0,2,
1315,18,190,3,2026-05-15,present,0,2,
1316,18,191,3,2026-05-18,absent_unexcused,0,2,Sababsiz
1317,18,192,3,2026-05-20,present,0,2,
1318,18,193,3,2026-05-22,absent_excused,0,2,Ota-ona xabar berdi
1319,18,194,3,2026-05-25,absent_unexcused,0,2,Sababsiz
1320,18,195,3,2026-05-27,late,7,2,
1321,18,196,3,2026-05-29,present,0,2,
1322,18,197,3,2026-06-01,present,0,2,
1323,18,198,3,2026-06-03,absent_excused,0,2,Ota-ona xabar berdi
1324,18,199,3,2026-06-05,absent_unexcused,0,2,Sababsiz
1325,18,200,3,2026-06-08,present,0,2,
1326,18,201,3,2026-06-10,present,0,2,
1327,18,202,3,2026-06-12,absent_excused,0,2,Ota-ona xabar berdi
1328,18,203,3,2026-06-15,absent_unexcused,0,2,Sababsiz
1329,18,204,3,2026-06-17,present,0,2,
1330,18,205,3,2026-06-19,present,0,2,
1331,18,206,3,2026-06-22,present,0,2,
1332,18,207,3,2026-06-24,present,0,2,
1333,18,208,3,2026-06-26,present,0,2,
1334,18,209,3,2026-06-29,present,0,2,
1335,18,210,3,2026-07-01,late,5,2,
1336,18,211,3,2026-07-03,absent_excused,0,2,Ota-ona xabar berdi
1337,18,212,3,2026-07-06,absent_unexcused,0,2,Sababsiz
1338,18,213,3,2026-07-08,late,22,2,
1339,18,214,3,2026-07-10,absent_unexcused,0,2,Sababsiz
1340,18,215,3,2026-07-13,late,6,2,
1341,18,216,3,2026-07-15,present,0,2,
1342,18,217,3,2026-07-17,present,0,2,
1343,18,218,3,2026-07-20,present,0,2,
1344,18,219,3,2026-07-22,present,0,2,
1345,18,220,3,2026-07-24,absent_excused,0,2,Ota-ona xabar berdi
1346,18,221,3,2026-07-27,present,0,2,
1347,18,222,3,2026-07-29,late,5,2,
1348,18,223,3,2026-07-31,present,0,2,
1349,19,151,3,2026-02-09,present,0,2,
1350,19,152,3,2026-02-11,present,0,2,
1351,19,153,3,2026-02-13,absent_excused,0,2,Ota-ona xabar berdi
1352,19,154,3,2026-02-16,present,0,2,
1353,19,155,3,2026-02-18,present,0,2,
1354,19,156,3,2026-02-20,late,18,2,
1355,19,157,3,2026-02-23,present,0,2,
1356,19,158,3,2026-02-25,present,0,2,
1357,19,159,3,2026-02-27,late,10,2,
1358,19,160,3,2026-03-02,absent_excused,0,2,Ota-ona xabar berdi
1359,19,161,3,2026-03-04,present,0,2,
1360,19,162,3,2026-03-06,absent_unexcused,0,2,Sababsiz
1361,19,163,3,2026-03-09,present,0,2,
1362,19,164,3,2026-03-11,present,0,2,
1363,19,165,3,2026-03-13,absent_unexcused,0,2,Sababsiz
1364,19,166,3,2026-03-16,late,6,2,
1365,19,167,3,2026-03-18,present,0,2,
1366,19,168,3,2026-03-25,present,0,2,
1367,19,169,3,2026-03-27,absent_excused,0,2,Ota-ona xabar berdi
1368,19,170,3,2026-03-30,present,0,2,
1369,19,171,3,2026-04-01,present,0,2,
1370,19,172,3,2026-04-03,present,0,2,
1371,19,173,3,2026-04-06,absent_excused,0,2,Ota-ona xabar berdi
1372,19,174,3,2026-04-08,absent_unexcused,0,2,Sababsiz
1373,19,175,3,2026-04-10,absent_unexcused,0,2,Sababsiz
1374,19,176,3,2026-04-13,present,0,2,
1375,19,177,3,2026-04-15,present,0,2,
1376,19,178,3,2026-04-17,present,0,2,
1377,19,179,3,2026-04-20,present,0,2,
1378,19,180,3,2026-04-22,present,0,2,
1379,19,181,3,2026-04-24,present,0,2,
1380,19,182,3,2026-04-27,present,0,2,
1381,19,183,3,2026-04-29,present,0,2,
1382,19,184,3,2026-05-01,present,0,2,
1383,19,185,3,2026-05-04,absent_excused,0,2,Ota-ona xabar berdi
1384,19,186,3,2026-05-06,present,0,2,
1385,19,187,3,2026-05-08,present,0,2,
1386,19,188,3,2026-05-11,present,0,2,
1387,19,189,3,2026-05-13,present,0,2,
1388,19,190,3,2026-05-15,absent_unexcused,0,2,Sababsiz
1389,19,191,3,2026-05-18,present,0,2,
1390,19,192,3,2026-05-20,present,0,2,
1391,19,193,3,2026-05-22,present,0,2,
1392,19,194,3,2026-05-25,present,0,2,
1393,19,195,3,2026-05-27,present,0,2,
1394,19,196,3,2026-05-29,present,0,2,
1395,19,197,3,2026-06-01,present,0,2,
1396,19,198,3,2026-06-03,present,0,2,
1397,19,199,3,2026-06-05,absent_excused,0,2,Ota-ona xabar berdi
1398,19,200,3,2026-06-08,present,0,2,
1399,19,201,3,2026-06-10,absent_unexcused,0,2,Sababsiz
1400,19,202,3,2026-06-12,present,0,2,
1401,19,203,3,2026-06-15,present,0,2,
1402,19,204,3,2026-06-17,present,0,2,
1403,19,205,3,2026-06-19,absent_excused,0,2,Ota-ona xabar berdi
1404,19,206,3,2026-06-22,present,0,2,
1405,19,207,3,2026-06-24,present,0,2,
1406,19,208,3,2026-06-26,present,0,2,
1407,19,209,3,2026-06-29,present,0,2,
1408,19,210,3,2026-07-01,present,0,2,
1409,19,211,3,2026-07-03,present,0,2,
1410,19,212,3,2026-07-06,present,0,2,
1411,19,213,3,2026-07-08,present,0,2,
1412,19,214,3,2026-07-10,absent_excused,0,2,Ota-ona xabar berdi
1413,19,215,3,2026-07-13,present,0,2,
1414,19,216,3,2026-07-15,present,0,2,
1415,19,217,3,2026-07-17,present,0,2,
1416,19,218,3,2026-07-20,present,0,2,
1417,19,219,3,2026-07-22,present,0,2,
1418,19,220,3,2026-07-24,present,0,2,
1419,19,221,3,2026-07-27,absent_unexcused,0,2,Sababsiz
1420,19,222,3,2026-07-29,present,0,2,
1421,19,223,3,2026-07-31,present,0,2,
1422,20,151,3,2026-02-09,absent_excused,0,2,Ota-ona xabar berdi
1423,20,152,3,2026-02-11,present,0,2,
1424,20,153,3,2026-02-13,present,0,2,
1425,20,154,3,2026-02-16,absent_unexcused,0,2,Sababsiz
1426,20,155,3,2026-02-18,present,0,2,
1427,20,156,3,2026-02-20,present,0,2,
1428,20,157,3,2026-02-23,present,0,2,
1429,20,158,3,2026-02-25,present,0,2,
1430,20,159,3,2026-02-27,present,0,2,
1431,20,160,3,2026-03-02,present,0,2,
1432,20,161,3,2026-03-04,present,0,2,
1433,20,162,3,2026-03-06,absent_unexcused,0,2,Sababsiz
1434,20,163,3,2026-03-09,present,0,2,
1435,20,164,3,2026-03-11,present,0,2,
1436,20,165,3,2026-03-13,present,0,2,
1437,20,166,3,2026-03-16,absent_unexcused,0,2,Sababsiz
1438,20,167,3,2026-03-18,present,0,2,
1439,20,168,3,2026-03-25,late,17,2,
1440,20,169,3,2026-03-27,present,0,2,
1441,20,170,3,2026-03-30,late,18,2,
1442,20,171,3,2026-04-01,present,0,2,
1443,20,172,3,2026-04-03,present,0,2,
1444,20,173,3,2026-04-06,absent_unexcused,0,2,Sababsiz
1445,20,174,3,2026-04-08,present,0,2,
1446,20,175,3,2026-04-10,present,0,2,
1447,20,176,3,2026-04-13,absent_excused,0,2,Ota-ona xabar berdi
1448,20,177,3,2026-04-15,present,0,2,
1449,20,178,3,2026-04-17,present,0,2,
1450,20,179,3,2026-04-20,present,0,2,
1451,20,180,3,2026-04-22,present,0,2,
1452,20,181,3,2026-04-24,absent_unexcused,0,2,Sababsiz
1453,20,182,3,2026-04-27,present,0,2,
1454,20,183,3,2026-04-29,absent_excused,0,2,Ota-ona xabar berdi
1455,20,184,3,2026-05-01,present,0,2,
1456,20,185,3,2026-05-04,present,0,2,
1457,20,186,3,2026-05-06,present,0,2,
1458,20,187,3,2026-05-08,present,0,2,
1459,20,188,3,2026-05-11,absent_unexcused,0,2,Sababsiz
1460,20,189,3,2026-05-13,absent_unexcused,0,2,Sababsiz
1461,20,190,3,2026-05-15,late,8,2,
1462,20,191,3,2026-05-18,present,0,2,
1463,20,192,3,2026-05-20,present,0,2,
1464,20,193,3,2026-05-22,present,0,2,
1465,20,194,3,2026-05-25,late,7,2,
1466,20,195,3,2026-05-27,absent_unexcused,0,2,Sababsiz
1467,20,196,3,2026-05-29,present,0,2,
1468,20,197,3,2026-06-01,late,9,2,
1469,20,198,3,2026-06-03,present,0,2,
1470,20,199,3,2026-06-05,present,0,2,
1471,20,200,3,2026-06-08,present,0,2,
1472,20,201,3,2026-06-10,absent_excused,0,2,Ota-ona xabar berdi
1473,20,202,3,2026-06-12,present,0,2,
1474,20,203,3,2026-06-15,present,0,2,
1475,20,204,3,2026-06-17,present,0,2,
1476,20,205,3,2026-06-19,present,0,2,
1477,20,206,3,2026-06-22,late,25,2,
1478,20,207,3,2026-06-24,present,0,2,
1479,20,208,3,2026-06-26,absent_excused,0,2,Ota-ona xabar berdi
1480,20,209,3,2026-06-29,present,0,2,
1481,20,210,3,2026-07-01,present,0,2,
1482,20,211,3,2026-07-03,absent_excused,0,2,Ota-ona xabar berdi
1483,20,212,3,2026-07-06,present,0,2,
1484,20,213,3,2026-07-08,absent_unexcused,0,2,Sababsiz
1485,20,214,3,2026-07-10,present,0,2,
1486,20,215,3,2026-07-13,present,0,2,
1487,20,216,3,2026-07-15,present,0,2,
1488,20,217,3,2026-07-17,absent_excused,0,2,Ota-ona xabar berdi
1489,20,218,3,2026-07-20,present,0,2,
1490,20,219,3,2026-07-22,present,0,2,
1491,20,220,3,2026-07-24,present,0,2,
1492,20,221,3,2026-07-27,present,0,2,
1493,20,222,3,2026-07-29,present,0,2,
1494,20,223,3,2026-07-31,present,0,2,
1495,21,151,3,2026-02-09,present,0,2,
1496,21,152,3,2026-02-11,present,0,2,
1497,21,153,3,2026-02-13,present,0,2,
1498,21,154,3,2026-02-16,present,0,2,
1499,21,155,3,2026-02-18,present,0,2,
1500,21,156,3,2026-02-20,present,0,2,
1501,21,157,3,2026-02-23,present,0,2,
1502,21,158,3,2026-02-25,present,0,2,
1503,21,159,3,2026-02-27,present,0,2,
1504,21,160,3,2026-03-02,present,0,2,
1505,21,161,3,2026-03-04,present,0,2,
1506,21,162,3,2026-03-06,absent_unexcused,0,2,Sababsiz
1507,21,163,3,2026-03-09,present,0,2,
1508,21,164,3,2026-03-11,present,0,2,
1509,21,165,3,2026-03-13,present,0,2,
1510,21,166,3,2026-03-16,present,0,2,
1511,21,167,3,2026-03-18,present,0,2,
1512,21,168,3,2026-03-25,present,0,2,
1513,21,169,3,2026-03-27,present,0,2,
1514,21,170,3,2026-03-30,present,0,2,
1515,21,171,3,2026-04-01,present,0,2,
1516,21,172,3,2026-04-03,present,0,2,
1517,21,173,3,2026-04-06,present,0,2,
1518,21,174,3,2026-04-08,present,0,2,
1519,21,175,3,2026-04-10,present,0,2,
1520,21,176,3,2026-04-13,present,0,2,
1521,21,177,3,2026-04-15,present,0,2,
1522,21,178,3,2026-04-17,present,0,2,
1523,21,179,3,2026-04-20,present,0,2,
1524,21,180,3,2026-04-22,present,0,2,
1525,21,181,3,2026-04-24,present,0,2,
1526,21,182,3,2026-04-27,present,0,2,
1527,21,183,3,2026-04-29,present,0,2,
1528,21,184,3,2026-05-01,present,0,2,
1529,21,185,3,2026-05-04,present,0,2,
1530,21,186,3,2026-05-06,present,0,2,
1531,21,187,3,2026-05-08,present,0,2,
1532,21,188,3,2026-05-11,present,0,2,
1533,21,189,3,2026-05-13,present,0,2,
1534,21,190,3,2026-05-15,present,0,2,
1535,21,191,3,2026-05-18,present,0,2,
1536,21,192,3,2026-05-20,present,0,2,
1537,21,193,3,2026-05-22,present,0,2,
1538,21,194,3,2026-05-25,present,0,2,
1539,21,195,3,2026-05-27,present,0,2,
1540,21,196,3,2026-05-29,present,0,2,
1541,21,197,3,2026-06-01,present,0,2,
1542,21,198,3,2026-06-03,present,0,2,
1543,21,199,3,2026-06-05,late,20,2,
1544,21,200,3,2026-06-08,present,0,2,
1545,21,201,3,2026-06-10,present,0,2,
1546,21,202,3,2026-06-12,present,0,2,
1547,21,203,3,2026-06-15,present,0,2,
1548,21,204,3,2026-06-17,present,0,2,
1549,21,205,3,2026-06-19,present,0,2,
1550,21,206,3,2026-06-22,present,0,2,
1551,21,207,3,2026-06-24,late,22,2,
1552,21,208,3,2026-06-26,present,0,2,
1553,21,209,3,2026-06-29,present,0,2,
1554,21,210,3,2026-07-01,present,0,2,
1555,21,211,3,2026-07-03,present,0,2,
1556,21,212,3,2026-07-06,present,0,2,
1557,21,213,3,2026-07-08,present,0,2,
1558,21,214,3,2026-07-10,present,0,2,
1559,21,215,3,2026-07-13,absent_excused,0,2,Ota-ona xabar berdi
1560,21,216,3,2026-07-15,present,0,2,
1561,21,217,3,2026-07-17,present,0,2,
1562,21,218,3,2026-07-20,present,0,2,
1563,21,219,3,2026-07-22,present,0,2,
1564,21,220,3,2026-07-24,present,0,2,
1565,21,221,3,2026-07-27,present,0,2,
1566,21,222,3,2026-07-29,present,0,2,
1567,21,223,3,2026-07-31,present,0,2,
1568,22,151,3,2026-02-09,present,0,2,
1569,22,152,3,2026-02-11,present,0,2,
1570,22,153,3,2026-02-13,present,0,2,
1571,22,154,3,2026-02-16,absent_excused,0,2,Ota-ona xabar berdi
1572,22,155,3,2026-02-18,present,0,2,
1573,22,156,3,2026-02-20,late,25,2,
1574,22,157,3,2026-02-23,present,0,2,
1575,22,158,3,2026-02-25,present,0,2,
1576,22,159,3,2026-02-27,absent_excused,0,2,Ota-ona xabar berdi
1577,22,160,3,2026-03-02,present,0,2,
1578,22,161,3,2026-03-04,absent_unexcused,0,2,Sababsiz
1579,22,162,3,2026-03-06,present,0,2,
1580,22,163,3,2026-03-09,present,0,2,
1581,22,164,3,2026-03-11,present,0,2,
1582,22,165,3,2026-03-13,present,0,2,
1583,22,166,3,2026-03-16,present,0,2,
1584,22,167,3,2026-03-18,present,0,2,
1585,22,168,3,2026-03-25,absent_unexcused,0,2,Sababsiz
1586,22,169,3,2026-03-27,present,0,2,
1587,22,170,3,2026-03-30,present,0,2,
1588,22,171,3,2026-04-01,late,5,2,
1589,22,172,3,2026-04-03,present,0,2,
1590,22,173,3,2026-04-06,late,19,2,
1591,22,174,3,2026-04-08,present,0,2,
1592,22,175,3,2026-04-10,present,0,2,
1593,22,176,3,2026-04-13,present,0,2,
1594,22,177,3,2026-04-15,present,0,2,
1595,22,178,3,2026-04-17,present,0,2,
1596,22,179,3,2026-04-20,present,0,2,
1597,22,180,3,2026-04-22,present,0,2,
1598,22,181,3,2026-04-24,present,0,2,
1599,22,182,3,2026-04-27,present,0,2,
1600,22,183,3,2026-04-29,present,0,2,
1601,22,184,3,2026-05-01,present,0,2,
1602,22,185,3,2026-05-04,present,0,2,
1603,22,186,3,2026-05-06,present,0,2,
1604,22,187,3,2026-05-08,present,0,2,
1605,22,188,3,2026-05-11,absent_excused,0,2,Ota-ona xabar berdi
1606,22,189,3,2026-05-13,absent_unexcused,0,2,Sababsiz
1607,22,190,3,2026-05-15,absent_unexcused,0,2,Sababsiz
1608,22,191,3,2026-05-18,present,0,2,
1609,22,192,3,2026-05-20,absent_unexcused,0,2,Sababsiz
1610,22,193,3,2026-05-22,present,0,2,
1611,22,194,3,2026-05-25,present,0,2,
1612,22,195,3,2026-05-27,present,0,2,
1613,22,196,3,2026-05-29,present,0,2,
1614,22,197,3,2026-06-01,present,0,2,
1615,22,198,3,2026-06-03,present,0,2,
1616,22,199,3,2026-06-05,present,0,2,
1617,22,200,3,2026-06-08,present,0,2,
1618,22,201,3,2026-06-10,present,0,2,
1619,22,202,3,2026-06-12,present,0,2,
1620,22,203,3,2026-06-15,present,0,2,
1621,22,204,3,2026-06-17,present,0,2,
1622,22,205,3,2026-06-19,present,0,2,
1623,22,206,3,2026-06-22,late,12,2,
1624,22,207,3,2026-06-24,present,0,2,
1625,22,208,3,2026-06-26,present,0,2,
1626,22,209,3,2026-06-29,present,0,2,
1627,22,210,3,2026-07-01,present,0,2,
1628,22,211,3,2026-07-03,late,5,2,
1629,22,212,3,2026-07-06,late,16,2,
1630,22,213,3,2026-07-08,absent_excused,0,2,Ota-ona xabar berdi
1631,22,214,3,2026-07-10,present,0,2,
1632,22,215,3,2026-07-13,present,0,2,
1633,22,216,3,2026-07-15,present,0,2,
1634,22,217,3,2026-07-17,present,0,2,
1635,22,218,3,2026-07-20,present,0,2,
1636,22,219,3,2026-07-22,absent_unexcused,0,2,Sababsiz
1637,22,220,3,2026-07-24,late,20,2,
1638,22,221,3,2026-07-27,present,0,2,
1639,22,222,3,2026-07-29,absent_excused,0,2,Ota-ona xabar berdi
1640,22,223,3,2026-07-31,present,0,2,
1641,23,151,3,2026-02-09,present,0,2,
1642,23,152,3,2026-02-11,late,18,2,
1643,23,153,3,2026-02-13,present,0,2,
1644,23,154,3,2026-02-16,present,0,2,
1645,23,155,3,2026-02-18,present,0,2,
1646,23,156,3,2026-02-20,present,0,2,
1647,23,157,3,2026-02-23,present,0,2,
1648,23,158,3,2026-02-25,present,0,2,
1649,23,159,3,2026-02-27,present,0,2,
1650,23,160,3,2026-03-02,late,21,2,
1651,23,161,3,2026-03-04,present,0,2,
1652,23,162,3,2026-03-06,present,0,2,
1653,23,163,3,2026-03-09,present,0,2,
1654,23,164,3,2026-03-11,present,0,2,
1655,23,165,3,2026-03-13,present,0,2,
1656,23,166,3,2026-03-16,present,0,2,
1657,23,167,3,2026-03-18,present,0,2,
1658,23,168,3,2026-03-25,present,0,2,
1659,23,169,3,2026-03-27,present,0,2,
1660,23,170,3,2026-03-30,present,0,2,
1661,23,171,3,2026-04-01,present,0,2,
1662,23,172,3,2026-04-03,present,0,2,
1663,23,173,3,2026-04-06,present,0,2,
1664,23,174,3,2026-04-08,present,0,2,
1665,23,175,3,2026-04-10,present,0,2,
1666,23,176,3,2026-04-13,present,0,2,
1667,23,177,3,2026-04-15,present,0,2,
1668,23,178,3,2026-04-17,present,0,2,
1669,23,179,3,2026-04-20,present,0,2,
1670,23,180,3,2026-04-22,present,0,2,
1671,23,181,3,2026-04-24,absent_unexcused,0,2,Sababsiz
1672,23,182,3,2026-04-27,late,10,2,
1673,23,183,3,2026-04-29,late,17,2,
1674,23,184,3,2026-05-01,present,0,2,
1675,23,185,3,2026-05-04,present,0,2,
1676,23,186,3,2026-05-06,present,0,2,
1677,23,187,3,2026-05-08,absent_unexcused,0,2,Sababsiz
1678,23,188,3,2026-05-11,present,0,2,
1679,23,189,3,2026-05-13,present,0,2,
1680,23,190,3,2026-05-15,absent_excused,0,2,Ota-ona xabar berdi
1681,23,191,3,2026-05-18,present,0,2,
1682,23,192,3,2026-05-20,present,0,2,
1683,23,193,3,2026-05-22,present,0,2,
1684,23,194,3,2026-05-25,present,0,2,
1685,23,195,3,2026-05-27,late,17,2,
1686,23,196,3,2026-05-29,present,0,2,
1687,23,197,3,2026-06-01,present,0,2,
1688,23,198,3,2026-06-03,present,0,2,
1689,23,199,3,2026-06-05,present,0,2,
1690,23,200,3,2026-06-08,present,0,2,
1691,23,201,3,2026-06-10,present,0,2,
1692,23,202,3,2026-06-12,present,0,2,
1693,23,203,3,2026-06-15,late,18,2,
1694,23,204,3,2026-06-17,present,0,2,
1695,23,205,3,2026-06-19,present,0,2,
1696,23,206,3,2026-06-22,present,0,2,
1697,23,207,3,2026-06-24,present,0,2,
1698,23,208,3,2026-06-26,present,0,2,
1699,23,209,3,2026-06-29,present,0,2,
1700,23,210,3,2026-07-01,absent_unexcused,0,2,Sababsiz
1701,23,211,3,2026-07-03,present,0,2,
1702,23,212,3,2026-07-06,present,0,2,
1703,23,213,3,2026-07-08,present,0,2,
1704,23,214,3,2026-07-10,absent_unexcused,0,2,Sababsiz
1705,23,215,3,2026-07-13,present,0,2,
1706,23,216,3,2026-07-15,absent_unexcused,0,2,Sababsiz
1707,23,217,3,2026-07-17,present,0,2,
1708,23,218,3,2026-07-20,present,0,2,
1709,23,219,3,2026-07-22,present,0,2,
1710,23,220,3,2026-07-24,present,0,2,
1711,23,221,3,2026-07-27,present,0,2,
1712,23,222,3,2026-07-29,present,0,2,
1713,23,223,3,2026-07-31,present,0,2,
1714,24,151,3,2026-02-09,present,0,2,
1715,24,152,3,2026-02-11,present,0,2,
1716,24,153,3,2026-02-13,present,0,2,
1717,24,154,3,2026-02-16,present,0,2,
1718,24,155,3,2026-02-18,present,0,2,
1719,24,156,3,2026-02-20,absent_excused,0,2,Ota-ona xabar berdi
1720,24,157,3,2026-02-23,present,0,2,
1721,24,158,3,2026-02-25,present,0,2,
1722,24,159,3,2026-02-27,late,10,2,
1723,24,160,3,2026-03-02,present,0,2,
1724,24,161,3,2026-03-04,present,0,2,
1725,24,162,3,2026-03-06,absent_unexcused,0,2,Sababsiz
1726,24,163,3,2026-03-09,present,0,2,
1727,24,164,3,2026-03-11,present,0,2,
1728,24,165,3,2026-03-13,present,0,2,
1729,24,166,3,2026-03-16,present,0,2,
1730,24,167,3,2026-03-18,present,0,2,
1731,24,168,3,2026-03-25,present,0,2,
1732,24,169,3,2026-03-27,late,19,2,
1733,24,170,3,2026-03-30,present,0,2,
1734,24,171,3,2026-04-01,present,0,2,
1735,24,172,3,2026-04-03,present,0,2,
1736,24,173,3,2026-04-06,present,0,2,
1737,24,174,3,2026-04-08,present,0,2,
1738,24,175,3,2026-04-10,present,0,2,
1739,24,176,3,2026-04-13,present,0,2,
1740,24,177,3,2026-04-15,present,0,2,
1741,24,178,3,2026-04-17,present,0,2,
1742,24,179,3,2026-04-20,absent_excused,0,2,Ota-ona xabar berdi
1743,24,180,3,2026-04-22,present,0,2,
1744,24,181,3,2026-04-24,present,0,2,
1745,24,182,3,2026-04-27,present,0,2,
1746,24,183,3,2026-04-29,present,0,2,
1747,24,184,3,2026-05-01,present,0,2,
1748,24,185,3,2026-05-04,late,21,2,
1749,24,186,3,2026-05-06,present,0,2,
1750,24,187,3,2026-05-08,late,21,2,
1751,24,188,3,2026-05-11,present,0,2,
1752,24,189,3,2026-05-13,late,10,2,
1753,24,190,3,2026-05-15,present,0,2,
1754,24,191,3,2026-05-18,late,7,2,
1755,24,192,3,2026-05-20,present,0,2,
1756,24,193,3,2026-05-22,late,24,2,
1757,24,194,3,2026-05-25,absent_unexcused,0,2,Sababsiz
1758,24,195,3,2026-05-27,late,14,2,
1759,24,196,3,2026-05-29,present,0,2,
1760,24,197,3,2026-06-01,present,0,2,
1761,24,198,3,2026-06-03,present,0,2,
1762,24,199,3,2026-06-05,late,24,2,
1763,24,200,3,2026-06-08,present,0,2,
1764,24,201,3,2026-06-10,present,0,2,
1765,24,202,3,2026-06-12,late,23,2,
1766,24,203,3,2026-06-15,present,0,2,
1767,24,204,3,2026-06-17,present,0,2,
1768,24,205,3,2026-06-19,absent_unexcused,0,2,Sababsiz
1769,24,206,3,2026-06-22,present,0,2,
1770,24,207,3,2026-06-24,present,0,2,
1771,24,208,3,2026-06-26,present,0,2,
1772,24,209,3,2026-06-29,absent_excused,0,2,Ota-ona xabar berdi
1773,24,210,3,2026-07-01,present,0,2,
1774,24,211,3,2026-07-03,late,8,2,
1775,24,212,3,2026-07-06,late,7,2,
1776,24,213,3,2026-07-08,present,0,2,
1777,24,214,3,2026-07-10,late,12,2,
1778,24,215,3,2026-07-13,late,19,2,
1779,24,216,3,2026-07-15,present,0,2,
1780,24,217,3,2026-07-17,present,0,2,
1781,24,218,3,2026-07-20,present,0,2,
1782,24,219,3,2026-07-22,present,0,2,
1783,24,220,3,2026-07-24,present,0,2,
1784,24,221,3,2026-07-27,absent_excused,0,2,Ota-ona xabar berdi
1785,24,222,3,2026-07-29,present,0,2,
1786,24,223,3,2026-07-31,present,0,2,
1787,25,151,3,2026-02-09,present,0,2,
1788,25,152,3,2026-02-11,present,0,2,
1789,25,153,3,2026-02-13,present,0,2,
1790,25,154,3,2026-02-16,absent_excused,0,2,Ota-ona xabar berdi
1791,25,155,3,2026-02-18,present,0,2,
1792,25,156,3,2026-02-20,present,0,2,
1793,25,157,3,2026-02-23,present,0,2,
1794,25,158,3,2026-02-25,present,0,2,
1795,25,159,3,2026-02-27,absent_excused,0,2,Ota-ona xabar berdi
1796,25,160,3,2026-03-02,late,22,2,
1797,25,161,3,2026-03-04,present,0,2,
1798,25,162,3,2026-03-06,present,0,2,
1799,25,163,3,2026-03-09,present,0,2,
1800,25,164,3,2026-03-11,present,0,2,
1801,25,165,3,2026-03-13,present,0,2,
1802,25,166,3,2026-03-16,present,0,2,
1803,25,167,3,2026-03-18,late,5,2,
1804,25,168,3,2026-03-25,present,0,2,
1805,25,169,3,2026-03-27,absent_unexcused,0,2,Sababsiz
1806,25,170,3,2026-03-30,present,0,2,
1807,25,171,3,2026-04-01,absent_excused,0,2,Ota-ona xabar berdi
1808,25,172,3,2026-04-03,present,0,2,
1809,25,173,3,2026-04-06,present,0,2,
1810,25,174,3,2026-04-08,present,0,2,
1811,25,175,3,2026-04-10,present,0,2,
1812,25,176,3,2026-04-13,present,0,2,
1813,25,177,3,2026-04-15,absent_unexcused,0,2,Sababsiz
1814,25,178,3,2026-04-17,absent_excused,0,2,Ota-ona xabar berdi
1815,25,179,3,2026-04-20,absent_excused,0,2,Ota-ona xabar berdi
1816,25,180,3,2026-04-22,present,0,2,
1817,25,181,3,2026-04-24,present,0,2,
1818,25,182,3,2026-04-27,present,0,2,
1819,25,183,3,2026-04-29,present,0,2,
1820,25,184,3,2026-05-01,present,0,2,
1821,25,185,3,2026-05-04,late,7,2,
1822,25,186,3,2026-05-06,present,0,2,
1823,25,187,3,2026-05-08,late,21,2,
1824,25,188,3,2026-05-11,present,0,2,
1825,25,189,3,2026-05-13,present,0,2,
1826,25,190,3,2026-05-15,absent_unexcused,0,2,Sababsiz
1827,25,191,3,2026-05-18,present,0,2,
1828,25,192,3,2026-05-20,late,12,2,
1829,25,193,3,2026-05-22,late,11,2,
1830,25,194,3,2026-05-25,late,20,2,
1831,25,195,3,2026-05-27,present,0,2,
1832,25,196,3,2026-05-29,present,0,2,
1833,25,197,3,2026-06-01,present,0,2,
1834,25,198,3,2026-06-03,present,0,2,
1835,25,199,3,2026-06-05,present,0,2,
1836,25,200,3,2026-06-08,present,0,2,
1837,25,201,3,2026-06-10,present,0,2,
1838,25,202,3,2026-06-12,late,17,2,
1839,25,203,3,2026-06-15,present,0,2,
1840,25,204,3,2026-06-17,present,0,2,
1841,25,205,3,2026-06-19,present,0,2,
1842,25,206,3,2026-06-22,present,0,2,
1843,25,207,3,2026-06-24,present,0,2,
1844,25,208,3,2026-06-26,present,0,2,
1845,25,209,3,2026-06-29,present,0,2,
1846,25,210,3,2026-07-01,present,0,2,
1847,25,211,3,2026-07-03,present,0,2,
1848,25,212,3,2026-07-06,absent_unexcused,0,2,Sababsiz
1849,25,213,3,2026-07-08,present,0,2,
1850,25,214,3,2026-07-10,late,11,2,
1851,25,215,3,2026-07-13,present,0,2,
1852,25,216,3,2026-07-15,present,0,2,
1853,25,217,3,2026-07-17,present,0,2,
1854,25,218,3,2026-07-20,present,0,2,
1855,25,219,3,2026-07-22,present,0,2,
1856,25,220,3,2026-07-24,present,0,2,
1857,25,221,3,2026-07-27,present,0,2,
1858,25,222,3,2026-07-29,absent_unexcused,0,2,Sababsiz
1859,25,223,3,2026-07-31,present,0,2,
1860,26,151,3,2026-02-09,present,0,2,
1861,26,152,3,2026-02-11,present,0,2,
1862,26,153,3,2026-02-13,late,8,2,
1863,26,154,3,2026-02-16,present,0,2,
1864,26,155,3,2026-02-18,present,0,2,
1865,26,156,3,2026-02-20,present,0,2,
1866,26,157,3,2026-02-23,present,0,2,
1867,26,158,3,2026-02-25,present,0,2,
1868,26,159,3,2026-02-27,present,0,2,
1869,26,160,3,2026-03-02,present,0,2,
1870,26,161,3,2026-03-04,present,0,2,
1871,26,162,3,2026-03-06,present,0,2,
1872,26,163,3,2026-03-09,present,0,2,
1873,26,164,3,2026-03-11,present,0,2,
1874,26,165,3,2026-03-13,present,0,2,
1875,26,166,3,2026-03-16,present,0,2,
1876,26,167,3,2026-03-18,present,0,2,
1877,26,168,3,2026-03-25,present,0,2,
1878,26,169,3,2026-03-27,present,0,2,
1879,26,170,3,2026-03-30,present,0,2,
1880,26,171,3,2026-04-01,present,0,2,
1881,26,172,3,2026-04-03,present,0,2,
1882,26,173,3,2026-04-06,present,0,2,
1883,26,174,3,2026-04-08,present,0,2,
1884,26,175,3,2026-04-10,absent_excused,0,2,Ota-ona xabar berdi
1885,26,176,3,2026-04-13,present,0,2,
1886,26,177,3,2026-04-15,present,0,2,
1887,26,178,3,2026-04-17,present,0,2,
1888,26,179,3,2026-04-20,present,0,2,
1889,26,180,3,2026-04-22,present,0,2,
1890,26,181,3,2026-04-24,present,0,2,
1891,26,182,3,2026-04-27,present,0,2,
1892,26,183,3,2026-04-29,present,0,2,
1893,26,184,3,2026-05-01,present,0,2,
1894,26,185,3,2026-05-04,present,0,2,
1895,26,186,3,2026-05-06,present,0,2,
1896,26,187,3,2026-05-08,present,0,2,
1897,26,188,3,2026-05-11,present,0,2,
1898,26,189,3,2026-05-13,present,0,2,
1899,26,190,3,2026-05-15,present,0,2,
1900,26,191,3,2026-05-18,absent_excused,0,2,Ota-ona xabar berdi
1901,26,192,3,2026-05-20,present,0,2,
1902,26,193,3,2026-05-22,present,0,2,
1903,26,194,3,2026-05-25,present,0,2,
1904,26,195,3,2026-05-27,present,0,2,
1905,26,196,3,2026-05-29,late,22,2,
1906,26,197,3,2026-06-01,present,0,2,
1907,26,198,3,2026-06-03,present,0,2,
1908,26,199,3,2026-06-05,present,0,2,
1909,26,200,3,2026-06-08,present,0,2,
1910,26,201,3,2026-06-10,present,0,2,
1911,26,202,3,2026-06-12,present,0,2,
1912,26,203,3,2026-06-15,present,0,2,
1913,26,204,3,2026-06-17,present,0,2,
1914,26,205,3,2026-06-19,present,0,2,
1915,26,206,3,2026-06-22,present,0,2,
1916,26,207,3,2026-06-24,present,0,2,
1917,26,208,3,2026-06-26,present,0,2,
1918,26,209,3,2026-06-29,present,0,2,
1919,26,210,3,2026-07-01,present,0,2,
1920,26,211,3,2026-07-03,present,0,2,
1921,26,212,3,2026-07-06,present,0,2,
1922,26,213,3,2026-07-08,present,0,2,
1923,26,214,3,2026-07-10,present,0,2,
1924,26,215,3,2026-07-13,present,0,2,
1925,26,216,3,2026-07-15,present,0,2,
1926,26,217,3,2026-07-17,present,0,2,
1927,26,218,3,2026-07-20,present,0,2,
1928,26,219,3,2026-07-22,present,0,2,
1929,26,220,3,2026-07-24,present,0,2,
1930,26,221,3,2026-07-27,present,0,2,
1931,26,222,3,2026-07-29,late,8,2,
1932,26,223,3,2026-07-31,present,0,2,
1933,27,151,3,2026-02-09,present,0,2,
1934,27,152,3,2026-02-11,absent_excused,0,2,Ota-ona xabar berdi
1935,27,153,3,2026-02-13,present,0,2,
1936,27,154,3,2026-02-16,present,0,2,
1937,27,155,3,2026-02-18,present,0,2,
1938,27,156,3,2026-02-20,present,0,2,
1939,27,157,3,2026-02-23,present,0,2,
1940,27,158,3,2026-02-25,present,0,2,
1941,27,159,3,2026-02-27,present,0,2,
1942,27,160,3,2026-03-02,present,0,2,
1943,27,161,3,2026-03-04,present,0,2,
1944,27,162,3,2026-03-06,late,20,2,
1945,27,163,3,2026-03-09,present,0,2,
1946,27,164,3,2026-03-11,present,0,2,
1947,27,165,3,2026-03-13,present,0,2,
1948,27,166,3,2026-03-16,present,0,2,
1949,27,167,3,2026-03-18,present,0,2,
1950,27,168,3,2026-03-25,present,0,2,
1951,27,169,3,2026-03-27,present,0,2,
1952,27,170,3,2026-03-30,present,0,2,
1953,27,171,3,2026-04-01,present,0,2,
1954,27,172,3,2026-04-03,present,0,2,
1955,27,173,3,2026-04-06,present,0,2,
1956,27,174,3,2026-04-08,present,0,2,
1957,27,175,3,2026-04-10,present,0,2,
1958,27,176,3,2026-04-13,present,0,2,
1959,27,177,3,2026-04-15,present,0,2,
1960,27,178,3,2026-04-17,present,0,2,
1961,27,179,3,2026-04-20,present,0,2,
1962,27,180,3,2026-04-22,present,0,2,
1963,27,181,3,2026-04-24,present,0,2,
1964,27,182,3,2026-04-27,present,0,2,
1965,27,183,3,2026-04-29,present,0,2,
1966,27,184,3,2026-05-01,present,0,2,
1967,27,185,3,2026-05-04,present,0,2,
1968,27,186,3,2026-05-06,present,0,2,
1969,27,187,3,2026-05-08,present,0,2,
1970,27,188,3,2026-05-11,late,10,2,
1971,27,189,3,2026-05-13,present,0,2,
1972,27,190,3,2026-05-15,present,0,2,
1973,27,191,3,2026-05-18,present,0,2,
1974,27,192,3,2026-05-20,present,0,2,
1975,27,193,3,2026-05-22,present,0,2,
1976,27,194,3,2026-05-25,present,0,2,
1977,27,195,3,2026-05-27,present,0,2,
1978,27,196,3,2026-05-29,present,0,2,
1979,27,197,3,2026-06-01,present,0,2,
1980,27,198,3,2026-06-03,present,0,2,
1981,27,199,3,2026-06-05,present,0,2,
1982,27,200,3,2026-06-08,absent_unexcused,0,2,Sababsiz
1983,27,201,3,2026-06-10,absent_unexcused,0,2,Sababsiz
1984,27,202,3,2026-06-12,present,0,2,
1985,27,203,3,2026-06-15,present,0,2,
1986,27,204,3,2026-06-17,present,0,2,
1987,27,205,3,2026-06-19,absent_excused,0,2,Ota-ona xabar berdi
1988,27,206,3,2026-06-22,present,0,2,
1989,27,207,3,2026-06-24,late,20,2,
1990,27,208,3,2026-06-26,present,0,2,
1991,27,209,3,2026-06-29,present,0,2,
1992,27,210,3,2026-07-01,present,0,2,
1993,27,211,3,2026-07-03,present,0,2,
1994,27,212,3,2026-07-06,present,0,2,
1995,27,213,3,2026-07-08,present,0,2,
1996,27,214,3,2026-07-10,present,0,2,
1997,27,215,3,2026-07-13,present,0,2,
1998,27,216,3,2026-07-15,present,0,2,
1999,27,217,3,2026-07-17,absent_unexcused,0,2,Sababsiz
2000,27,218,3,2026-07-20,present,0,2,
2001,27,219,3,2026-07-22,present,0,2,
2002,27,220,3,2026-07-24,present,0,2,
2003,27,221,3,2026-07-27,present,0,2,
2004,27,222,3,2026-07-29,present,0,2,
2005,27,223,3,2026-07-31,present,0,2,
2006,28,224,4,2026-02-03,present,0,3,
2007,28,225,4,2026-02-05,present,0,3,
2008,28,226,4,2026-02-07,present,0,3,
2009,28,227,4,2026-02-10,present,0,3,
2010,28,228,4,2026-02-12,present,0,3,
2011,28,229,4,2026-02-14,present,0,3,
2012,28,230,4,2026-02-17,present,0,3,
2013,28,231,4,2026-02-19,absent_unexcused,0,3,Sababsiz
2014,28,232,4,2026-02-21,present,0,3,
2015,28,233,4,2026-02-24,present,0,3,
2016,28,234,4,2026-02-26,present,0,3,
2017,28,235,4,2026-02-28,present,0,3,
2018,28,236,4,2026-03-03,present,0,3,
2019,28,237,4,2026-03-05,present,0,3,
2020,28,238,4,2026-03-07,present,0,3,
2021,28,239,4,2026-03-10,present,0,3,
2022,28,240,4,2026-03-12,absent_unexcused,0,3,Sababsiz
2023,28,241,4,2026-03-14,present,0,3,
2024,28,242,4,2026-03-17,present,0,3,
2025,28,243,4,2026-03-19,present,0,3,
2026,28,244,4,2026-03-24,present,0,3,
2027,28,245,4,2026-03-26,present,0,3,
2028,28,246,4,2026-03-28,present,0,3,
2029,28,247,4,2026-03-31,present,0,3,
2030,28,248,4,2026-04-02,present,0,3,
2031,28,249,4,2026-04-04,present,0,3,
2032,28,250,4,2026-04-07,late,19,3,
2033,28,251,4,2026-04-09,present,0,3,
2034,28,252,4,2026-04-11,present,0,3,
2035,28,253,4,2026-04-14,present,0,3,
2036,28,254,4,2026-04-16,present,0,3,
2037,28,255,4,2026-04-18,present,0,3,
2038,28,256,4,2026-04-21,present,0,3,
2039,28,257,4,2026-04-23,present,0,3,
2040,28,258,4,2026-04-25,present,0,3,
2041,28,259,4,2026-04-28,present,0,3,
2042,28,260,4,2026-04-30,present,0,3,
2043,28,261,4,2026-05-02,present,0,3,
2044,28,262,4,2026-05-05,present,0,3,
2045,28,263,4,2026-05-07,present,0,3,
2046,28,264,4,2026-05-12,present,0,3,
2047,28,265,4,2026-05-14,present,0,3,
2048,28,266,4,2026-05-16,present,0,3,
2049,28,267,4,2026-05-19,present,0,3,
2050,28,268,4,2026-05-21,present,0,3,
2051,28,269,4,2026-05-23,late,10,3,
2052,28,270,4,2026-05-26,present,0,3,
2053,28,271,4,2026-05-28,present,0,3,
2054,28,272,4,2026-05-30,present,0,3,
2055,28,273,4,2026-06-02,present,0,3,
2056,28,274,4,2026-06-04,present,0,3,
2057,28,275,4,2026-06-06,present,0,3,
2058,28,276,4,2026-06-09,present,0,3,
2059,28,277,4,2026-06-11,present,0,3,
2060,28,278,4,2026-06-13,present,0,3,
2061,28,279,4,2026-06-16,late,19,3,
2062,28,280,4,2026-06-18,present,0,3,
2063,28,281,4,2026-06-20,present,0,3,
2064,28,282,4,2026-06-23,present,0,3,
2065,28,283,4,2026-06-25,present,0,3,
2066,28,284,4,2026-06-27,present,0,3,
2067,28,285,4,2026-06-30,present,0,3,
2068,28,286,4,2026-07-02,present,0,3,
2069,28,287,4,2026-07-04,present,0,3,
2070,28,288,4,2026-07-07,present,0,3,
2071,28,289,4,2026-07-09,present,0,3,
2072,28,290,4,2026-07-11,absent_unexcused,0,3,Sababsiz
2073,28,291,4,2026-07-14,present,0,3,
2074,28,292,4,2026-07-16,present,0,3,
2075,28,293,4,2026-07-18,present,0,3,
2076,28,294,4,2026-07-21,present,0,3,
2077,28,295,4,2026-07-23,present,0,3,
2078,28,296,4,2026-07-25,present,0,3,
2079,28,297,4,2026-07-28,present,0,3,
2080,28,298,4,2026-07-30,present,0,3,
2081,29,224,4,2026-02-03,present,0,3,
2082,29,225,4,2026-02-05,present,0,3,
2083,29,226,4,2026-02-07,absent_excused,0,3,Ota-ona xabar berdi
2084,29,227,4,2026-02-10,late,15,3,
2085,29,228,4,2026-02-12,present,0,3,
2086,29,229,4,2026-02-14,present,0,3,
2087,29,230,4,2026-02-17,present,0,3,
2088,29,231,4,2026-02-19,present,0,3,
2089,29,232,4,2026-02-21,present,0,3,
2090,29,233,4,2026-02-24,present,0,3,
2091,29,234,4,2026-02-26,present,0,3,
2092,29,235,4,2026-02-28,present,0,3,
2093,29,236,4,2026-03-03,present,0,3,
2094,29,237,4,2026-03-05,present,0,3,
2095,29,238,4,2026-03-07,absent_unexcused,0,3,Sababsiz
2096,29,239,4,2026-03-10,present,0,3,
2097,29,240,4,2026-03-12,present,0,3,
2098,29,241,4,2026-03-14,present,0,3,
2099,29,242,4,2026-03-17,present,0,3,
2100,29,243,4,2026-03-19,present,0,3,
2101,29,244,4,2026-03-24,present,0,3,
2102,29,245,4,2026-03-26,present,0,3,
2103,29,246,4,2026-03-28,present,0,3,
2104,29,247,4,2026-03-31,late,20,3,
2105,29,248,4,2026-04-02,present,0,3,
2106,29,249,4,2026-04-04,present,0,3,
2107,29,250,4,2026-04-07,present,0,3,
2108,29,251,4,2026-04-09,present,0,3,
2109,29,252,4,2026-04-11,present,0,3,
2110,29,253,4,2026-04-14,present,0,3,
2111,29,254,4,2026-04-16,present,0,3,
2112,29,255,4,2026-04-18,present,0,3,
2113,29,256,4,2026-04-21,present,0,3,
2114,29,257,4,2026-04-23,present,0,3,
2115,29,258,4,2026-04-25,present,0,3,
2116,29,259,4,2026-04-28,present,0,3,
2117,29,260,4,2026-04-30,present,0,3,
2118,29,261,4,2026-05-02,present,0,3,
2119,29,262,4,2026-05-05,present,0,3,
2120,29,263,4,2026-05-07,present,0,3,
2121,29,264,4,2026-05-12,late,6,3,
2122,29,265,4,2026-05-14,present,0,3,
2123,29,266,4,2026-05-16,present,0,3,
2124,29,267,4,2026-05-19,late,11,3,
2125,29,268,4,2026-05-21,present,0,3,
2126,29,269,4,2026-05-23,present,0,3,
2127,29,270,4,2026-05-26,present,0,3,
2128,29,271,4,2026-05-28,present,0,3,
2129,29,272,4,2026-05-30,present,0,3,
2130,29,273,4,2026-06-02,present,0,3,
2131,29,274,4,2026-06-04,present,0,3,
2132,29,275,4,2026-06-06,late,19,3,
2133,29,276,4,2026-06-09,present,0,3,
2134,29,277,4,2026-06-11,present,0,3,
2135,29,278,4,2026-06-13,present,0,3,
2136,29,279,4,2026-06-16,present,0,3,
2137,29,280,4,2026-06-18,present,0,3,
2138,29,281,4,2026-06-20,present,0,3,
2139,29,282,4,2026-06-23,present,0,3,
2140,29,283,4,2026-06-25,present,0,3,
2141,29,284,4,2026-06-27,present,0,3,
2142,29,285,4,2026-06-30,present,0,3,
2143,29,286,4,2026-07-02,absent_excused,0,3,Ota-ona xabar berdi
2144,29,287,4,2026-07-04,present,0,3,
2145,29,288,4,2026-07-07,absent_unexcused,0,3,Sababsiz
2146,29,289,4,2026-07-09,present,0,3,
2147,29,290,4,2026-07-11,present,0,3,
2148,29,291,4,2026-07-14,present,0,3,
2149,29,292,4,2026-07-16,present,0,3,
2150,29,293,4,2026-07-18,present,0,3,
2151,29,294,4,2026-07-21,absent_unexcused,0,3,Sababsiz
2152,29,295,4,2026-07-23,present,0,3,
2153,29,296,4,2026-07-25,present,0,3,
2154,29,297,4,2026-07-28,present,0,3,
2155,29,298,4,2026-07-30,present,0,3,
2156,30,224,4,2026-02-03,late,20,3,
2157,30,225,4,2026-02-05,present,0,3,
2158,30,226,4,2026-02-07,present,0,3,
2159,30,227,4,2026-02-10,present,0,3,
2160,30,228,4,2026-02-12,late,13,3,
2161,30,229,4,2026-02-14,present,0,3,
2162,30,230,4,2026-02-17,present,0,3,
2163,30,231,4,2026-02-19,present,0,3,
2164,30,232,4,2026-02-21,present,0,3,
2165,30,233,4,2026-02-24,late,9,3,
2166,30,234,4,2026-02-26,present,0,3,
2167,30,235,4,2026-02-28,late,16,3,
2168,30,236,4,2026-03-03,present,0,3,
2169,30,237,4,2026-03-05,absent_unexcused,0,3,Sababsiz
2170,30,238,4,2026-03-07,present,0,3,
2171,30,239,4,2026-03-10,late,10,3,
2172,30,240,4,2026-03-12,present,0,3,
2173,30,241,4,2026-03-14,present,0,3,
2174,30,242,4,2026-03-17,present,0,3,
2175,30,243,4,2026-03-19,present,0,3,
2176,30,244,4,2026-03-24,present,0,3,
2177,30,245,4,2026-03-26,present,0,3,
2178,30,246,4,2026-03-28,present,0,3,
2179,30,247,4,2026-03-31,present,0,3,
2180,30,248,4,2026-04-02,present,0,3,
2181,30,249,4,2026-04-04,present,0,3,
2182,30,250,4,2026-04-07,present,0,3,
2183,30,251,4,2026-04-09,present,0,3,
2184,30,252,4,2026-04-11,absent_unexcused,0,3,Sababsiz
2185,30,253,4,2026-04-14,present,0,3,
2186,30,254,4,2026-04-16,present,0,3,
2187,30,255,4,2026-04-18,present,0,3,
2188,30,256,4,2026-04-21,present,0,3,
2189,30,257,4,2026-04-23,present,0,3,
2190,30,258,4,2026-04-25,present,0,3,
2191,30,259,4,2026-04-28,present,0,3,
2192,30,260,4,2026-04-30,present,0,3,
2193,30,261,4,2026-05-02,absent_excused,0,3,Ota-ona xabar berdi
2194,30,262,4,2026-05-05,present,0,3,
2195,30,263,4,2026-05-07,present,0,3,
2196,30,264,4,2026-05-12,absent_unexcused,0,3,Sababsiz
2197,30,265,4,2026-05-14,present,0,3,
2198,30,266,4,2026-05-16,present,0,3,
2199,30,267,4,2026-05-19,present,0,3,
2200,30,268,4,2026-05-21,absent_excused,0,3,Ota-ona xabar berdi
2201,30,269,4,2026-05-23,present,0,3,
2202,30,270,4,2026-05-26,present,0,3,
2203,30,271,4,2026-05-28,present,0,3,
2204,30,272,4,2026-05-30,present,0,3,
2205,30,273,4,2026-06-02,present,0,3,
2206,30,274,4,2026-06-04,present,0,3,
2207,30,275,4,2026-06-06,absent_unexcused,0,3,Sababsiz
2208,30,276,4,2026-06-09,present,0,3,
2209,30,277,4,2026-06-11,present,0,3,
2210,30,278,4,2026-06-13,present,0,3,
2211,30,279,4,2026-06-16,present,0,3,
2212,30,280,4,2026-06-18,present,0,3,
2213,30,281,4,2026-06-20,absent_unexcused,0,3,Sababsiz
2214,30,282,4,2026-06-23,absent_unexcused,0,3,Sababsiz
2215,30,283,4,2026-06-25,absent_excused,0,3,Ota-ona xabar berdi
2216,30,284,4,2026-06-27,late,21,3,
2217,30,285,4,2026-06-30,present,0,3,
2218,30,286,4,2026-07-02,present,0,3,
2219,30,287,4,2026-07-04,present,0,3,
2220,30,288,4,2026-07-07,present,0,3,
2221,30,289,4,2026-07-09,absent_excused,0,3,Ota-ona xabar berdi
2222,30,290,4,2026-07-11,present,0,3,
2223,30,291,4,2026-07-14,present,0,3,
2224,30,292,4,2026-07-16,present,0,3,
2225,30,293,4,2026-07-18,present,0,3,
2226,30,294,4,2026-07-21,absent_unexcused,0,3,Sababsiz
2227,30,295,4,2026-07-23,present,0,3,
2228,30,296,4,2026-07-25,present,0,3,
2229,30,297,4,2026-07-28,present,0,3,
2230,30,298,4,2026-07-30,absent_excused,0,3,Ota-ona xabar berdi
2231,31,224,4,2026-02-03,present,0,3,
2232,31,225,4,2026-02-05,present,0,3,
2233,31,226,4,2026-02-07,absent_excused,0,3,Ota-ona xabar berdi
2234,31,227,4,2026-02-10,present,0,3,
2235,31,228,4,2026-02-12,absent_unexcused,0,3,Sababsiz
2236,31,229,4,2026-02-14,present,0,3,
2237,31,230,4,2026-02-17,absent_unexcused,0,3,Sababsiz
2238,31,231,4,2026-02-19,present,0,3,
2239,31,232,4,2026-02-21,present,0,3,
2240,31,233,4,2026-02-24,present,0,3,
2241,31,234,4,2026-02-26,present,0,3,
2242,31,235,4,2026-02-28,present,0,3,
2243,31,236,4,2026-03-03,present,0,3,
2244,31,237,4,2026-03-05,present,0,3,
2245,31,238,4,2026-03-07,absent_excused,0,3,Ota-ona xabar berdi
2246,31,239,4,2026-03-10,present,0,3,
2247,31,240,4,2026-03-12,present,0,3,
2248,31,241,4,2026-03-14,present,0,3,
2249,31,242,4,2026-03-17,present,0,3,
2250,31,243,4,2026-03-19,present,0,3,
2251,31,244,4,2026-03-24,present,0,3,
2252,31,245,4,2026-03-26,present,0,3,
2253,31,246,4,2026-03-28,present,0,3,
2254,31,247,4,2026-03-31,absent_unexcused,0,3,Sababsiz
2255,31,248,4,2026-04-02,absent_unexcused,0,3,Sababsiz
2256,31,249,4,2026-04-04,present,0,3,
2257,31,250,4,2026-04-07,present,0,3,
2258,31,251,4,2026-04-09,present,0,3,
2259,31,252,4,2026-04-11,present,0,3,
2260,31,253,4,2026-04-14,present,0,3,
2261,31,254,4,2026-04-16,present,0,3,
2262,31,255,4,2026-04-18,late,15,3,
2263,31,256,4,2026-04-21,present,0,3,
2264,31,257,4,2026-04-23,present,0,3,
2265,31,258,4,2026-04-25,present,0,3,
2266,31,259,4,2026-04-28,late,6,3,
2267,31,260,4,2026-04-30,absent_excused,0,3,Ota-ona xabar berdi
2268,31,261,4,2026-05-02,present,0,3,
2269,31,262,4,2026-05-05,present,0,3,
2270,31,263,4,2026-05-07,present,0,3,
2271,31,264,4,2026-05-12,present,0,3,
2272,31,265,4,2026-05-14,present,0,3,
2273,31,266,4,2026-05-16,present,0,3,
2274,31,267,4,2026-05-19,present,0,3,
2275,31,268,4,2026-05-21,late,24,3,
2276,31,269,4,2026-05-23,present,0,3,
2277,31,270,4,2026-05-26,present,0,3,
2278,31,271,4,2026-05-28,present,0,3,
2279,31,272,4,2026-05-30,present,0,3,
2280,31,273,4,2026-06-02,present,0,3,
2281,31,274,4,2026-06-04,present,0,3,
2282,31,275,4,2026-06-06,late,19,3,
2283,31,276,4,2026-06-09,present,0,3,
2284,31,277,4,2026-06-11,present,0,3,
2285,31,278,4,2026-06-13,present,0,3,
2286,31,279,4,2026-06-16,present,0,3,
2287,31,280,4,2026-06-18,absent_unexcused,0,3,Sababsiz
2288,31,281,4,2026-06-20,present,0,3,
2289,31,282,4,2026-06-23,present,0,3,
2290,31,283,4,2026-06-25,present,0,3,
2291,31,284,4,2026-06-27,present,0,3,
2292,31,285,4,2026-06-30,present,0,3,
2293,31,286,4,2026-07-02,present,0,3,
2294,31,287,4,2026-07-04,present,0,3,
2295,31,288,4,2026-07-07,present,0,3,
2296,31,289,4,2026-07-09,late,16,3,
2297,31,290,4,2026-07-11,present,0,3,
2298,31,291,4,2026-07-14,present,0,3,
2299,31,292,4,2026-07-16,present,0,3,
2300,31,293,4,2026-07-18,present,0,3,
2301,31,294,4,2026-07-21,present,0,3,
2302,31,295,4,2026-07-23,present,0,3,
2303,31,296,4,2026-07-25,present,0,3,
2304,31,297,4,2026-07-28,present,0,3,
2305,31,298,4,2026-07-30,present,0,3,
2306,32,224,4,2026-02-03,present,0,3,
2307,32,225,4,2026-02-05,present,0,3,
2308,32,226,4,2026-02-07,present,0,3,
2309,32,227,4,2026-02-10,present,0,3,
2310,32,228,4,2026-02-12,present,0,3,
2311,32,229,4,2026-02-14,present,0,3,
2312,32,230,4,2026-02-17,present,0,3,
2313,32,231,4,2026-02-19,present,0,3,
2314,32,232,4,2026-02-21,present,0,3,
2315,32,233,4,2026-02-24,present,0,3,
2316,32,234,4,2026-02-26,present,0,3,
2317,32,235,4,2026-02-28,present,0,3,
2318,32,236,4,2026-03-03,present,0,3,
2319,32,237,4,2026-03-05,present,0,3,
2320,32,238,4,2026-03-07,present,0,3,
2321,32,239,4,2026-03-10,present,0,3,
2322,32,240,4,2026-03-12,late,24,3,
2323,32,241,4,2026-03-14,present,0,3,
2324,32,242,4,2026-03-17,present,0,3,
2325,32,243,4,2026-03-19,present,0,3,
2326,32,244,4,2026-03-24,present,0,3,
2327,32,245,4,2026-03-26,present,0,3,
2328,32,246,4,2026-03-28,absent_excused,0,3,Ota-ona xabar berdi
2329,32,247,4,2026-03-31,present,0,3,
2330,32,248,4,2026-04-02,present,0,3,
2331,32,249,4,2026-04-04,present,0,3,
2332,32,250,4,2026-04-07,present,0,3,
2333,32,251,4,2026-04-09,absent_excused,0,3,Ota-ona xabar berdi
2334,32,252,4,2026-04-11,present,0,3,
2335,32,253,4,2026-04-14,present,0,3,
2336,32,254,4,2026-04-16,present,0,3,
2337,32,255,4,2026-04-18,absent_excused,0,3,Ota-ona xabar berdi
2338,32,256,4,2026-04-21,present,0,3,
2339,32,257,4,2026-04-23,present,0,3,
2340,32,258,4,2026-04-25,present,0,3,
2341,32,259,4,2026-04-28,present,0,3,
2342,32,260,4,2026-04-30,present,0,3,
2343,32,261,4,2026-05-02,present,0,3,
2344,32,262,4,2026-05-05,present,0,3,
2345,32,263,4,2026-05-07,present,0,3,
2346,32,264,4,2026-05-12,present,0,3,
2347,32,265,4,2026-05-14,late,16,3,
2348,32,266,4,2026-05-16,present,0,3,
2349,32,267,4,2026-05-19,present,0,3,
2350,32,268,4,2026-05-21,present,0,3,
2351,32,269,4,2026-05-23,present,0,3,
2352,32,270,4,2026-05-26,present,0,3,
2353,32,271,4,2026-05-28,absent_unexcused,0,3,Sababsiz
2354,32,272,4,2026-05-30,present,0,3,
2355,32,273,4,2026-06-02,present,0,3,
2356,32,274,4,2026-06-04,present,0,3,
2357,32,275,4,2026-06-06,present,0,3,
2358,32,276,4,2026-06-09,present,0,3,
2359,32,277,4,2026-06-11,present,0,3,
2360,32,278,4,2026-06-13,present,0,3,
2361,32,279,4,2026-06-16,present,0,3,
2362,32,280,4,2026-06-18,present,0,3,
2363,32,281,4,2026-06-20,present,0,3,
2364,32,282,4,2026-06-23,present,0,3,
2365,32,283,4,2026-06-25,present,0,3,
2366,32,284,4,2026-06-27,late,14,3,
2367,32,285,4,2026-06-30,present,0,3,
2368,32,286,4,2026-07-02,present,0,3,
2369,32,287,4,2026-07-04,present,0,3,
2370,32,288,4,2026-07-07,present,0,3,
2371,32,289,4,2026-07-09,present,0,3,
2372,32,290,4,2026-07-11,present,0,3,
2373,32,291,4,2026-07-14,present,0,3,
2374,32,292,4,2026-07-16,present,0,3,
2375,32,293,4,2026-07-18,present,0,3,
2376,32,294,4,2026-07-21,present,0,3,
2377,32,295,4,2026-07-23,present,0,3,
2378,32,296,4,2026-07-25,present,0,3,
2379,32,297,4,2026-07-28,present,0,3,
2380,32,298,4,2026-07-30,present,0,3,
2381,33,224,4,2026-02-03,present,0,3,
2382,33,225,4,2026-02-05,present,0,3,
2383,33,226,4,2026-02-07,present,0,3,
2384,33,227,4,2026-02-10,present,0,3,
2385,33,228,4,2026-02-12,present,0,3,
2386,33,229,4,2026-02-14,present,0,3,
2387,33,230,4,2026-02-17,present,0,3,
2388,33,231,4,2026-02-19,present,0,3,
2389,33,232,4,2026-02-21,present,0,3,
2390,33,233,4,2026-02-24,present,0,3,
2391,33,234,4,2026-02-26,present,0,3,
2392,33,235,4,2026-02-28,present,0,3,
2393,33,236,4,2026-03-03,present,0,3,
2394,33,237,4,2026-03-05,present,0,3,
2395,33,238,4,2026-03-07,present,0,3,
2396,33,239,4,2026-03-10,present,0,3,
2397,33,240,4,2026-03-12,present,0,3,
2398,33,241,4,2026-03-14,present,0,3,
2399,33,242,4,2026-03-17,present,0,3,
2400,33,243,4,2026-03-19,present,0,3,
2401,33,244,4,2026-03-24,present,0,3,
2402,33,245,4,2026-03-26,present,0,3,
2403,33,246,4,2026-03-28,present,0,3,
2404,33,247,4,2026-03-31,present,0,3,
2405,33,248,4,2026-04-02,present,0,3,
2406,33,249,4,2026-04-04,present,0,3,
2407,33,250,4,2026-04-07,present,0,3,
2408,33,251,4,2026-04-09,late,14,3,
2409,33,252,4,2026-04-11,present,0,3,
2410,33,253,4,2026-04-14,present,0,3,
2411,33,254,4,2026-04-16,present,0,3,
2412,33,255,4,2026-04-18,present,0,3,
2413,33,256,4,2026-04-21,present,0,3,
2414,33,257,4,2026-04-23,present,0,3,
2415,33,258,4,2026-04-25,present,0,3,
2416,33,259,4,2026-04-28,present,0,3,
2417,33,260,4,2026-04-30,present,0,3,
2418,33,261,4,2026-05-02,present,0,3,
2419,33,262,4,2026-05-05,present,0,3,
2420,33,263,4,2026-05-07,present,0,3,
2421,33,264,4,2026-05-12,present,0,3,
2422,33,265,4,2026-05-14,present,0,3,
2423,33,266,4,2026-05-16,present,0,3,
2424,33,267,4,2026-05-19,present,0,3,
2425,33,268,4,2026-05-21,present,0,3,
2426,33,269,4,2026-05-23,present,0,3,
2427,33,270,4,2026-05-26,present,0,3,
2428,33,271,4,2026-05-28,present,0,3,
2429,33,272,4,2026-05-30,present,0,3,
2430,33,273,4,2026-06-02,present,0,3,
2431,33,274,4,2026-06-04,present,0,3,
2432,33,275,4,2026-06-06,present,0,3,
2433,33,276,4,2026-06-09,present,0,3,
2434,33,277,4,2026-06-11,present,0,3,
2435,33,278,4,2026-06-13,present,0,3,
2436,33,279,4,2026-06-16,present,0,3,
2437,33,280,4,2026-06-18,present,0,3,
2438,33,281,4,2026-06-20,present,0,3,
2439,33,282,4,2026-06-23,present,0,3,
2440,33,283,4,2026-06-25,present,0,3,
2441,33,284,4,2026-06-27,present,0,3,
2442,33,285,4,2026-06-30,present,0,3,
2443,33,286,4,2026-07-02,present,0,3,
2444,33,287,4,2026-07-04,present,0,3,
2445,33,288,4,2026-07-07,present,0,3,
2446,33,289,4,2026-07-09,absent_excused,0,3,Ota-ona xabar berdi
2447,33,290,4,2026-07-11,present,0,3,
2448,33,291,4,2026-07-14,present,0,3,
2449,33,292,4,2026-07-16,present,0,3,
2450,33,293,4,2026-07-18,present,0,3,
2451,33,294,4,2026-07-21,present,0,3,
2452,33,295,4,2026-07-23,present,0,3,
2453,33,296,4,2026-07-25,present,0,3,
2454,33,297,4,2026-07-28,present,0,3,
2455,33,298,4,2026-07-30,present,0,3,
2456,34,224,4,2026-02-03,present,0,3,
2457,34,225,4,2026-02-05,present,0,3,
2458,34,226,4,2026-02-07,present,0,3,
2459,34,227,4,2026-02-10,present,0,3,
2460,34,228,4,2026-02-12,present,0,3,
2461,34,229,4,2026-02-14,present,0,3,
2462,34,230,4,2026-02-17,present,0,3,
2463,34,231,4,2026-02-19,present,0,3,
2464,34,232,4,2026-02-21,present,0,3,
2465,34,233,4,2026-02-24,present,0,3,
2466,34,234,4,2026-02-26,present,0,3,
2467,34,235,4,2026-02-28,present,0,3,
2468,34,236,4,2026-03-03,present,0,3,
2469,34,237,4,2026-03-05,present,0,3,
2470,34,238,4,2026-03-07,present,0,3,
2471,34,239,4,2026-03-10,present,0,3,
2472,34,240,4,2026-03-12,present,0,3,
2473,34,241,4,2026-03-14,present,0,3,
2474,34,242,4,2026-03-17,present,0,3,
2475,34,243,4,2026-03-19,present,0,3,
2476,34,244,4,2026-03-24,present,0,3,
2477,34,245,4,2026-03-26,present,0,3,
2478,34,246,4,2026-03-28,present,0,3,
2479,34,247,4,2026-03-31,present,0,3,
2480,34,248,4,2026-04-02,present,0,3,
2481,34,249,4,2026-04-04,present,0,3,
2482,34,250,4,2026-04-07,present,0,3,
2483,34,251,4,2026-04-09,present,0,3,
2484,34,252,4,2026-04-11,present,0,3,
2485,34,253,4,2026-04-14,present,0,3,
2486,34,254,4,2026-04-16,present,0,3,
2487,34,255,4,2026-04-18,present,0,3,
2488,34,256,4,2026-04-21,present,0,3,
2489,34,257,4,2026-04-23,present,0,3,
2490,34,258,4,2026-04-25,present,0,3,
2491,34,259,4,2026-04-28,present,0,3,
2492,34,260,4,2026-04-30,present,0,3,
2493,34,261,4,2026-05-02,present,0,3,
2494,34,262,4,2026-05-05,present,0,3,
2495,34,263,4,2026-05-07,present,0,3,
2496,34,264,4,2026-05-12,present,0,3,
2497,34,265,4,2026-05-14,present,0,3,
2498,34,266,4,2026-05-16,present,0,3,
2499,34,267,4,2026-05-19,present,0,3,
2500,34,268,4,2026-05-21,late,11,3,
2501,34,269,4,2026-05-23,present,0,3,
2502,34,270,4,2026-05-26,present,0,3,
2503,34,271,4,2026-05-28,present,0,3,
2504,34,272,4,2026-05-30,late,17,3,
2505,34,273,4,2026-06-02,present,0,3,
2506,34,274,4,2026-06-04,present,0,3,
2507,34,275,4,2026-06-06,present,0,3,
2508,34,276,4,2026-06-09,present,0,3,
2509,34,277,4,2026-06-11,present,0,3,
2510,34,278,4,2026-06-13,present,0,3,
2511,34,279,4,2026-06-16,present,0,3,
2512,34,280,4,2026-06-18,absent_unexcused,0,3,Sababsiz
2513,34,281,4,2026-06-20,present,0,3,
2514,34,282,4,2026-06-23,present,0,3,
2515,34,283,4,2026-06-25,present,0,3,
2516,34,284,4,2026-06-27,present,0,3,
2517,34,285,4,2026-06-30,present,0,3,
2518,34,286,4,2026-07-02,present,0,3,
2519,34,287,4,2026-07-04,present,0,3,
2520,34,288,4,2026-07-07,present,0,3,
2521,34,289,4,2026-07-09,present,0,3,
2522,34,290,4,2026-07-11,present,0,3,
2523,34,291,4,2026-07-14,present,0,3,
2524,34,292,4,2026-07-16,present,0,3,
2525,34,293,4,2026-07-18,present,0,3,
2526,34,294,4,2026-07-21,present,0,3,
2527,34,295,4,2026-07-23,present,0,3,
2528,34,296,4,2026-07-25,present,0,3,
2529,34,297,4,2026-07-28,present,0,3,
2530,34,298,4,2026-07-30,present,0,3,
2531,35,224,4,2026-02-03,late,15,3,
2532,35,225,4,2026-02-05,present,0,3,
2533,35,226,4,2026-02-07,present,0,3,
2534,35,227,4,2026-02-10,present,0,3,
2535,35,228,4,2026-02-12,present,0,3,
2536,35,229,4,2026-02-14,present,0,3,
2537,35,230,4,2026-02-17,present,0,3,
2538,35,231,4,2026-02-19,present,0,3,
2539,35,232,4,2026-02-21,present,0,3,
2540,35,233,4,2026-02-24,present,0,3,
2541,35,234,4,2026-02-26,late,20,3,
2542,35,235,4,2026-02-28,present,0,3,
2543,35,236,4,2026-03-03,absent_excused,0,3,Ota-ona xabar berdi
2544,35,237,4,2026-03-05,present,0,3,
2545,35,238,4,2026-03-07,present,0,3,
2546,35,239,4,2026-03-10,absent_excused,0,3,Ota-ona xabar berdi
2547,35,240,4,2026-03-12,present,0,3,
2548,35,241,4,2026-03-14,present,0,3,
2549,35,242,4,2026-03-17,late,13,3,
2550,35,243,4,2026-03-19,absent_unexcused,0,3,Sababsiz
2551,35,244,4,2026-03-24,present,0,3,
2552,35,245,4,2026-03-26,present,0,3,
2553,35,246,4,2026-03-28,present,0,3,
2554,35,247,4,2026-03-31,present,0,3,
2555,35,248,4,2026-04-02,absent_excused,0,3,Ota-ona xabar berdi
2556,35,249,4,2026-04-04,present,0,3,
2557,35,250,4,2026-04-07,present,0,3,
2558,35,251,4,2026-04-09,present,0,3,
2559,35,252,4,2026-04-11,present,0,3,
2560,35,253,4,2026-04-14,absent_excused,0,3,Ota-ona xabar berdi
2561,35,254,4,2026-04-16,present,0,3,
2562,35,255,4,2026-04-18,present,0,3,
2563,35,256,4,2026-04-21,present,0,3,
2564,35,257,4,2026-04-23,present,0,3,
2565,35,258,4,2026-04-25,absent_excused,0,3,Ota-ona xabar berdi
2566,35,259,4,2026-04-28,present,0,3,
2567,35,260,4,2026-04-30,present,0,3,
2568,35,261,4,2026-05-02,present,0,3,
2569,35,262,4,2026-05-05,present,0,3,
2570,35,263,4,2026-05-07,present,0,3,
2571,35,264,4,2026-05-12,present,0,3,
2572,35,265,4,2026-05-14,present,0,3,
2573,35,266,4,2026-05-16,present,0,3,
2574,35,267,4,2026-05-19,present,0,3,
2575,35,268,4,2026-05-21,present,0,3,
2576,35,269,4,2026-05-23,present,0,3,
2577,35,270,4,2026-05-26,present,0,3,
2578,35,271,4,2026-05-28,present,0,3,
2579,35,272,4,2026-05-30,present,0,3,
2580,35,273,4,2026-06-02,present,0,3,
2581,35,274,4,2026-06-04,absent_excused,0,3,Ota-ona xabar berdi
2582,35,275,4,2026-06-06,present,0,3,
2583,35,276,4,2026-06-09,present,0,3,
2584,35,277,4,2026-06-11,present,0,3,
2585,35,278,4,2026-06-13,present,0,3,
2586,35,279,4,2026-06-16,present,0,3,
2587,35,280,4,2026-06-18,present,0,3,
2588,35,281,4,2026-06-20,present,0,3,
2589,35,282,4,2026-06-23,present,0,3,
2590,35,283,4,2026-06-25,present,0,3,
2591,35,284,4,2026-06-27,present,0,3,
2592,35,285,4,2026-06-30,present,0,3,
2593,35,286,4,2026-07-02,late,24,3,
2594,35,287,4,2026-07-04,present,0,3,
2595,35,288,4,2026-07-07,present,0,3,
2596,35,289,4,2026-07-09,present,0,3,
2597,35,290,4,2026-07-11,present,0,3,
2598,35,291,4,2026-07-14,present,0,3,
2599,35,292,4,2026-07-16,present,0,3,
2600,35,293,4,2026-07-18,late,22,3,
2601,35,294,4,2026-07-21,late,20,3,
2602,35,295,4,2026-07-23,present,0,3,
2603,35,296,4,2026-07-25,present,0,3,
2604,35,297,4,2026-07-28,present,0,3,
2605,35,298,4,2026-07-30,present,0,3,
2606,36,224,4,2026-02-03,absent_excused,0,3,Ota-ona xabar berdi
2607,36,225,4,2026-02-05,absent_unexcused,0,3,Sababsiz
2608,36,226,4,2026-02-07,present,0,3,
2609,36,227,4,2026-02-10,absent_excused,0,3,Ota-ona xabar berdi
2610,36,228,4,2026-02-12,late,10,3,
2611,36,229,4,2026-02-14,late,6,3,
2612,36,230,4,2026-02-17,absent_unexcused,0,3,Sababsiz
2613,36,231,4,2026-02-19,absent_excused,0,3,Ota-ona xabar berdi
2614,36,232,4,2026-02-21,absent_excused,0,3,Ota-ona xabar berdi
2615,36,233,4,2026-02-24,absent_unexcused,0,3,Sababsiz
2616,36,234,4,2026-02-26,present,0,3,
2617,36,235,4,2026-02-28,absent_excused,0,3,Ota-ona xabar berdi
2618,36,236,4,2026-03-03,late,13,3,
2619,36,237,4,2026-03-05,absent_excused,0,3,Ota-ona xabar berdi
2620,36,238,4,2026-03-07,late,9,3,
2621,36,239,4,2026-03-10,present,0,3,
2622,36,240,4,2026-03-12,absent_unexcused,0,3,Sababsiz
2623,36,241,4,2026-03-14,late,6,3,
2624,36,242,4,2026-03-17,absent_excused,0,3,Ota-ona xabar berdi
2625,36,243,4,2026-03-19,absent_unexcused,0,3,Sababsiz
2626,36,244,4,2026-03-24,absent_excused,0,3,Ota-ona xabar berdi
2627,36,245,4,2026-03-26,absent_excused,0,3,Ota-ona xabar berdi
2628,36,246,4,2026-03-28,present,0,3,
2629,36,247,4,2026-03-31,present,0,3,
2630,36,248,4,2026-04-02,absent_unexcused,0,3,Sababsiz
2631,36,249,4,2026-04-04,absent_excused,0,3,Ota-ona xabar berdi
2632,36,250,4,2026-04-07,absent_excused,0,3,Ota-ona xabar berdi
2633,36,251,4,2026-04-09,absent_unexcused,0,3,Sababsiz
2634,36,252,4,2026-04-11,absent_excused,0,3,Ota-ona xabar berdi
2635,36,253,4,2026-04-14,present,0,3,
2636,36,254,4,2026-04-16,late,21,3,
2637,36,255,4,2026-04-18,present,0,3,
2638,36,256,4,2026-04-21,present,0,3,
2639,36,257,4,2026-04-23,absent_unexcused,0,3,Sababsiz
2640,36,258,4,2026-04-25,present,0,3,
2641,36,259,4,2026-04-28,present,0,3,
2642,36,260,4,2026-04-30,late,9,3,
2643,36,261,4,2026-05-02,absent_unexcused,0,3,Sababsiz
2644,36,262,4,2026-05-05,absent_excused,0,3,Ota-ona xabar berdi
2645,36,263,4,2026-05-07,present,0,3,
2646,36,264,4,2026-05-12,absent_unexcused,0,3,Sababsiz
2647,36,265,4,2026-05-14,late,6,3,
2648,36,266,4,2026-05-16,present,0,3,
2649,36,267,4,2026-05-19,present,0,3,
2650,36,268,4,2026-05-21,absent_unexcused,0,3,Sababsiz
2651,36,269,4,2026-05-23,absent_unexcused,0,3,Sababsiz
2652,36,270,4,2026-05-26,absent_excused,0,3,Ota-ona xabar berdi
2653,36,271,4,2026-05-28,absent_excused,0,3,Ota-ona xabar berdi
2654,36,272,4,2026-05-30,present,0,3,
2655,36,273,4,2026-06-02,present,0,3,
2656,36,274,4,2026-06-04,present,0,3,
2657,36,275,4,2026-06-06,late,19,3,
2658,36,276,4,2026-06-09,absent_excused,0,3,Ota-ona xabar berdi
2659,36,277,4,2026-06-11,absent_excused,0,3,Ota-ona xabar berdi
2660,36,278,4,2026-06-13,present,0,3,
2661,36,279,4,2026-06-16,present,0,3,
2662,36,280,4,2026-06-18,absent_excused,0,3,Ota-ona xabar berdi
2663,36,281,4,2026-06-20,absent_unexcused,0,3,Sababsiz
2664,36,282,4,2026-06-23,present,0,3,
2665,36,283,4,2026-06-25,absent_excused,0,3,Ota-ona xabar berdi
2666,36,284,4,2026-06-27,present,0,3,
2667,36,285,4,2026-06-30,absent_unexcused,0,3,Sababsiz
2668,36,286,4,2026-07-02,present,0,3,
2669,36,287,4,2026-07-04,present,0,3,
2670,36,288,4,2026-07-07,absent_excused,0,3,Ota-ona xabar berdi
2671,36,289,4,2026-07-09,absent_excused,0,3,Ota-ona xabar berdi
2672,36,290,4,2026-07-11,late,11,3,
2673,36,291,4,2026-07-14,present,0,3,
2674,36,292,4,2026-07-16,absent_unexcused,0,3,Sababsiz
2675,36,293,4,2026-07-18,present,0,3,
2676,36,294,4,2026-07-21,absent_excused,0,3,Ota-ona xabar berdi
2677,36,295,4,2026-07-23,absent_unexcused,0,3,Sababsiz
2678,36,296,4,2026-07-25,present,0,3,
2679,36,297,4,2026-07-28,absent_unexcused,0,3,Sababsiz
2680,36,298,4,2026-07-30,absent_unexcused,0,3,Sababsiz
2681,37,224,4,2026-02-03,late,12,3,
2682,37,225,4,2026-02-05,present,0,3,
2683,37,226,4,2026-02-07,late,19,3,
2684,37,227,4,2026-02-10,late,23,3,
2685,37,228,4,2026-02-12,present,0,3,
2686,37,229,4,2026-02-14,present,0,3,
2687,37,230,4,2026-02-17,absent_unexcused,0,3,Sababsiz
2688,37,231,4,2026-02-19,present,0,3,
2689,37,232,4,2026-02-21,present,0,3,
2690,37,233,4,2026-02-24,present,0,3,
2691,37,234,4,2026-02-26,absent_excused,0,3,Ota-ona xabar berdi
2692,37,235,4,2026-02-28,present,0,3,
2693,37,236,4,2026-03-03,present,0,3,
2694,37,237,4,2026-03-05,present,0,3,
2695,37,238,4,2026-03-07,present,0,3,
2696,37,239,4,2026-03-10,absent_unexcused,0,3,Sababsiz
2697,37,240,4,2026-03-12,absent_unexcused,0,3,Sababsiz
2698,37,241,4,2026-03-14,absent_unexcused,0,3,Sababsiz
2699,37,242,4,2026-03-17,late,10,3,
2700,37,243,4,2026-03-19,late,24,3,
2701,37,244,4,2026-03-24,present,0,3,
2702,37,245,4,2026-03-26,present,0,3,
2703,37,246,4,2026-03-28,absent_excused,0,3,Ota-ona xabar berdi
2704,37,247,4,2026-03-31,present,0,3,
2705,37,248,4,2026-04-02,present,0,3,
2706,37,249,4,2026-04-04,present,0,3,
2707,37,250,4,2026-04-07,present,0,3,
2708,37,251,4,2026-04-09,present,0,3,
2709,37,252,4,2026-04-11,present,0,3,
2710,37,253,4,2026-04-14,absent_unexcused,0,3,Sababsiz
2711,37,254,4,2026-04-16,late,24,3,
2712,37,255,4,2026-04-18,absent_unexcused,0,3,Sababsiz
2713,37,256,4,2026-04-21,present,0,3,
2714,37,257,4,2026-04-23,present,0,3,
2715,37,258,4,2026-04-25,late,6,3,
2716,37,259,4,2026-04-28,present,0,3,
2717,37,260,4,2026-04-30,absent_excused,0,3,Ota-ona xabar berdi
2718,37,261,4,2026-05-02,present,0,3,
2719,37,262,4,2026-05-05,present,0,3,
2720,37,263,4,2026-05-07,late,20,3,
2721,37,264,4,2026-05-12,present,0,3,
2722,37,265,4,2026-05-14,present,0,3,
2723,37,266,4,2026-05-16,absent_unexcused,0,3,Sababsiz
2724,37,267,4,2026-05-19,present,0,3,
2725,37,268,4,2026-05-21,present,0,3,
2726,37,269,4,2026-05-23,absent_excused,0,3,Ota-ona xabar berdi
2727,37,270,4,2026-05-26,present,0,3,
2728,37,271,4,2026-05-28,present,0,3,
2729,37,272,4,2026-05-30,absent_unexcused,0,3,Sababsiz
2730,37,273,4,2026-06-02,absent_unexcused,0,3,Sababsiz
2731,37,274,4,2026-06-04,present,0,3,
2732,37,275,4,2026-06-06,present,0,3,
2733,37,276,4,2026-06-09,absent_excused,0,3,Ota-ona xabar berdi
2734,37,277,4,2026-06-11,absent_unexcused,0,3,Sababsiz
2735,37,278,4,2026-06-13,present,0,3,
2736,37,279,4,2026-06-16,absent_unexcused,0,3,Sababsiz
2737,37,280,4,2026-06-18,present,0,3,
2738,37,281,4,2026-06-20,present,0,3,
2739,37,282,4,2026-06-23,present,0,3,
2740,37,283,4,2026-06-25,late,15,3,
2741,37,284,4,2026-06-27,absent_excused,0,3,Ota-ona xabar berdi
2742,37,285,4,2026-06-30,absent_unexcused,0,3,Sababsiz
2743,37,286,4,2026-07-02,present,0,3,
2744,37,287,4,2026-07-04,late,5,3,
2745,37,288,4,2026-07-07,absent_unexcused,0,3,Sababsiz
2746,37,289,4,2026-07-09,present,0,3,
2747,37,290,4,2026-07-11,present,0,3,
2748,37,291,4,2026-07-14,present,0,3,
2749,37,292,4,2026-07-16,present,0,3,
2750,37,293,4,2026-07-18,present,0,3,
2751,37,294,4,2026-07-21,present,0,3,
2752,37,295,4,2026-07-23,present,0,3,
2753,37,296,4,2026-07-25,present,0,3,
2754,37,297,4,2026-07-28,present,0,3,
2755,37,298,4,2026-07-30,absent_unexcused,0,3,Sababsiz
2756,38,224,4,2026-02-03,present,0,3,
2757,38,225,4,2026-02-05,present,0,3,
2758,38,226,4,2026-02-07,absent_unexcused,0,3,Sababsiz
2759,38,227,4,2026-02-10,present,0,3,
2760,38,228,4,2026-02-12,absent_unexcused,0,3,Sababsiz
2761,38,229,4,2026-02-14,absent_unexcused,0,3,Sababsiz
2762,38,230,4,2026-02-17,present,0,3,
2763,38,231,4,2026-02-19,absent_excused,0,3,Ota-ona xabar berdi
2764,38,232,4,2026-02-21,present,0,3,
2765,38,233,4,2026-02-24,present,0,3,
2766,38,234,4,2026-02-26,absent_unexcused,0,3,Sababsiz
2767,38,235,4,2026-02-28,present,0,3,
2768,38,236,4,2026-03-03,present,0,3,
2769,38,237,4,2026-03-05,late,21,3,
2770,38,238,4,2026-03-07,absent_unexcused,0,3,Sababsiz
2771,38,239,4,2026-03-10,absent_excused,0,3,Ota-ona xabar berdi
2772,38,240,4,2026-03-12,present,0,3,
2773,38,241,4,2026-03-14,present,0,3,
2774,38,242,4,2026-03-17,late,17,3,
2775,38,243,4,2026-03-19,present,0,3,
2776,38,244,4,2026-03-24,present,0,3,
2777,38,245,4,2026-03-26,present,0,3,
2778,38,246,4,2026-03-28,present,0,3,
2779,38,247,4,2026-03-31,present,0,3,
2780,38,248,4,2026-04-02,absent_unexcused,0,3,Sababsiz
2781,38,249,4,2026-04-04,present,0,3,
2782,38,250,4,2026-04-07,present,0,3,
2783,38,251,4,2026-04-09,late,21,3,
2784,38,252,4,2026-04-11,present,0,3,
2785,38,253,4,2026-04-14,absent_excused,0,3,Ota-ona xabar berdi
2786,38,254,4,2026-04-16,absent_unexcused,0,3,Sababsiz
2787,38,255,4,2026-04-18,absent_unexcused,0,3,Sababsiz
2788,38,256,4,2026-04-21,absent_excused,0,3,Ota-ona xabar berdi
2789,38,257,4,2026-04-23,present,0,3,
2790,38,258,4,2026-04-25,present,0,3,
2791,38,259,4,2026-04-28,absent_unexcused,0,3,Sababsiz
2792,38,260,4,2026-04-30,absent_excused,0,3,Ota-ona xabar berdi
2793,38,261,4,2026-05-02,present,0,3,
2794,38,262,4,2026-05-05,late,13,3,
2795,38,263,4,2026-05-07,present,0,3,
2796,38,264,4,2026-05-12,present,0,3,
2797,38,265,4,2026-05-14,absent_excused,0,3,Ota-ona xabar berdi
2798,38,266,4,2026-05-16,late,15,3,
2799,38,267,4,2026-05-19,present,0,3,
2800,38,268,4,2026-05-21,present,0,3,
2801,38,269,4,2026-05-23,present,0,3,
2802,38,270,4,2026-05-26,absent_excused,0,3,Ota-ona xabar berdi
2803,38,271,4,2026-05-28,present,0,3,
2804,38,272,4,2026-05-30,absent_excused,0,3,Ota-ona xabar berdi
2805,38,273,4,2026-06-02,late,6,3,
2806,38,274,4,2026-06-04,absent_excused,0,3,Ota-ona xabar berdi
2807,38,275,4,2026-06-06,absent_unexcused,0,3,Sababsiz
2808,38,276,4,2026-06-09,late,18,3,
2809,38,277,4,2026-06-11,present,0,3,
2810,38,278,4,2026-06-13,late,17,3,
2811,38,279,4,2026-06-16,present,0,3,
2812,38,280,4,2026-06-18,present,0,3,
2813,38,281,4,2026-06-20,late,16,3,
2814,38,282,4,2026-06-23,present,0,3,
2815,38,283,4,2026-06-25,present,0,3,
2816,38,284,4,2026-06-27,present,0,3,
2817,38,285,4,2026-06-30,present,0,3,
2818,38,286,4,2026-07-02,present,0,3,
2819,38,287,4,2026-07-04,present,0,3,
2820,38,288,4,2026-07-07,present,0,3,
2821,38,289,4,2026-07-09,late,16,3,
2822,38,290,4,2026-07-11,present,0,3,
2823,38,291,4,2026-07-14,late,13,3,
2824,38,292,4,2026-07-16,present,0,3,
2825,38,293,4,2026-07-18,absent_unexcused,0,3,Sababsiz
2826,38,294,4,2026-07-21,late,20,3,
2827,38,295,4,2026-07-23,absent_unexcused,0,3,Sababsiz
2828,38,296,4,2026-07-25,absent_unexcused,0,3,Sababsiz
2829,38,297,4,2026-07-28,present,0,3,
2830,38,298,4,2026-07-30,present,0,3,
2831,39,224,4,2026-02-03,present,0,3,
2832,39,225,4,2026-02-05,late,8,3,
2833,39,226,4,2026-02-07,present,0,3,
2834,39,227,4,2026-02-10,present,0,3,
2835,39,228,4,2026-02-12,present,0,3,
2836,39,229,4,2026-02-14,present,0,3,
2837,39,230,4,2026-02-17,present,0,3,
2838,39,231,4,2026-02-19,present,0,3,
2839,39,232,4,2026-02-21,present,0,3,
2840,39,233,4,2026-02-24,present,0,3,
2841,39,234,4,2026-02-26,absent_unexcused,0,3,Sababsiz
2842,39,235,4,2026-02-28,present,0,3,
2843,39,236,4,2026-03-03,absent_unexcused,0,3,Sababsiz
2844,39,237,4,2026-03-05,present,0,3,
2845,39,238,4,2026-03-07,present,0,3,
2846,39,239,4,2026-03-10,present,0,3,
2847,39,240,4,2026-03-12,present,0,3,
2848,39,241,4,2026-03-14,present,0,3,
2849,39,242,4,2026-03-17,absent_unexcused,0,3,Sababsiz
2850,39,243,4,2026-03-19,absent_unexcused,0,3,Sababsiz
2851,39,244,4,2026-03-24,present,0,3,
2852,39,245,4,2026-03-26,present,0,3,
2853,39,246,4,2026-03-28,late,8,3,
2854,39,247,4,2026-03-31,present,0,3,
2855,39,248,4,2026-04-02,present,0,3,
2856,39,249,4,2026-04-04,absent_excused,0,3,Ota-ona xabar berdi
2857,39,250,4,2026-04-07,present,0,3,
2858,39,251,4,2026-04-09,present,0,3,
2859,39,252,4,2026-04-11,absent_unexcused,0,3,Sababsiz
2860,39,253,4,2026-04-14,late,12,3,
2861,39,254,4,2026-04-16,present,0,3,
2862,39,255,4,2026-04-18,late,12,3,
2863,39,256,4,2026-04-21,absent_unexcused,0,3,Sababsiz
2864,39,257,4,2026-04-23,present,0,3,
2865,39,258,4,2026-04-25,absent_excused,0,3,Ota-ona xabar berdi
2866,39,259,4,2026-04-28,present,0,3,
2867,39,260,4,2026-04-30,present,0,3,
2868,39,261,4,2026-05-02,present,0,3,
2869,39,262,4,2026-05-05,present,0,3,
2870,39,263,4,2026-05-07,present,0,3,
2871,39,264,4,2026-05-12,present,0,3,
2872,39,265,4,2026-05-14,absent_excused,0,3,Ota-ona xabar berdi
2873,39,266,4,2026-05-16,present,0,3,
2874,39,267,4,2026-05-19,absent_unexcused,0,3,Sababsiz
2875,39,268,4,2026-05-21,present,0,3,
2876,39,269,4,2026-05-23,present,0,3,
2877,39,270,4,2026-05-26,absent_excused,0,3,Ota-ona xabar berdi
2878,39,271,4,2026-05-28,present,0,3,
2879,39,272,4,2026-05-30,present,0,3,
2880,39,273,4,2026-06-02,absent_excused,0,3,Ota-ona xabar berdi
2881,39,274,4,2026-06-04,present,0,3,
2882,39,275,4,2026-06-06,present,0,3,
2883,39,276,4,2026-06-09,present,0,3,
2884,39,277,4,2026-06-11,present,0,3,
2885,39,278,4,2026-06-13,absent_excused,0,3,Ota-ona xabar berdi
2886,39,279,4,2026-06-16,present,0,3,
2887,39,280,4,2026-06-18,present,0,3,
2888,39,281,4,2026-06-20,present,0,3,
2889,39,282,4,2026-06-23,present,0,3,
2890,39,283,4,2026-06-25,present,0,3,
2891,39,284,4,2026-06-27,present,0,3,
2892,39,285,4,2026-06-30,present,0,3,
2893,39,286,4,2026-07-02,late,19,3,
2894,39,287,4,2026-07-04,present,0,3,
2895,39,288,4,2026-07-07,present,0,3,
2896,39,289,4,2026-07-09,present,0,3,
2897,39,290,4,2026-07-11,absent_unexcused,0,3,Sababsiz
2898,39,291,4,2026-07-14,present,0,3,
2899,39,292,4,2026-07-16,present,0,3,
2900,39,293,4,2026-07-18,present,0,3,
2901,39,294,4,2026-07-21,present,0,3,
2902,39,295,4,2026-07-23,present,0,3,
2903,39,296,4,2026-07-25,present,0,3,
2904,39,297,4,2026-07-28,present,0,3,
2905,39,298,4,2026-07-30,present,0,3,
2906,40,224,4,2026-02-03,present,0,3,
2907,40,225,4,2026-02-05,present,0,3,
2908,40,226,4,2026-02-07,late,24,3,
2909,40,227,4,2026-02-10,late,21,3,
2910,40,228,4,2026-02-12,present,0,3,
2911,40,229,4,2026-02-14,present,0,3,
2912,40,230,4,2026-02-17,present,0,3,
2913,40,231,4,2026-02-19,present,0,3,
2914,40,232,4,2026-02-21,present,0,3,
2915,40,233,4,2026-02-24,late,9,3,
2916,40,234,4,2026-02-26,present,0,3,
2917,40,235,4,2026-02-28,absent_unexcused,0,3,Sababsiz
2918,40,236,4,2026-03-03,present,0,3,
2919,40,237,4,2026-03-05,present,0,3,
2920,40,238,4,2026-03-07,late,18,3,
2921,40,239,4,2026-03-10,present,0,3,
2922,40,240,4,2026-03-12,present,0,3,
2923,40,241,4,2026-03-14,present,0,3,
2924,40,242,4,2026-03-17,present,0,3,
2925,40,243,4,2026-03-19,present,0,3,
2926,40,244,4,2026-03-24,present,0,3,
2927,40,245,4,2026-03-26,present,0,3,
2928,40,246,4,2026-03-28,present,0,3,
2929,40,247,4,2026-03-31,present,0,3,
2930,40,248,4,2026-04-02,present,0,3,
2931,40,249,4,2026-04-04,present,0,3,
2932,40,250,4,2026-04-07,present,0,3,
2933,40,251,4,2026-04-09,present,0,3,
2934,40,252,4,2026-04-11,present,0,3,
2935,40,253,4,2026-04-14,present,0,3,
2936,40,254,4,2026-04-16,present,0,3,
2937,40,255,4,2026-04-18,present,0,3,
2938,40,256,4,2026-04-21,present,0,3,
2939,40,257,4,2026-04-23,present,0,3,
2940,40,258,4,2026-04-25,absent_unexcused,0,3,Sababsiz
2941,40,259,4,2026-04-28,absent_unexcused,0,3,Sababsiz
2942,40,260,4,2026-04-30,present,0,3,
2943,40,261,4,2026-05-02,present,0,3,
2944,40,262,4,2026-05-05,present,0,3,
2945,40,263,4,2026-05-07,present,0,3,
2946,40,264,4,2026-05-12,present,0,3,
2947,40,265,4,2026-05-14,present,0,3,
2948,40,266,4,2026-05-16,present,0,3,
2949,40,267,4,2026-05-19,present,0,3,
2950,40,268,4,2026-05-21,present,0,3,
2951,40,269,4,2026-05-23,present,0,3,
2952,40,270,4,2026-05-26,present,0,3,
2953,40,271,4,2026-05-28,present,0,3,
2954,40,272,4,2026-05-30,present,0,3,
2955,40,273,4,2026-06-02,present,0,3,
2956,40,274,4,2026-06-04,present,0,3,
2957,40,275,4,2026-06-06,present,0,3,
2958,40,276,4,2026-06-09,present,0,3,
2959,40,277,4,2026-06-11,present,0,3,
2960,40,278,4,2026-06-13,present,0,3,
2961,40,279,4,2026-06-16,late,25,3,
2962,40,280,4,2026-06-18,absent_unexcused,0,3,Sababsiz
2963,40,281,4,2026-06-20,present,0,3,
2964,40,282,4,2026-06-23,present,0,3,
2965,40,283,4,2026-06-25,late,23,3,
2966,40,284,4,2026-06-27,present,0,3,
2967,40,285,4,2026-06-30,present,0,3,
2968,40,286,4,2026-07-02,late,22,3,
2969,40,287,4,2026-07-04,absent_excused,0,3,Ota-ona xabar berdi
2970,40,288,4,2026-07-07,present,0,3,
2971,40,289,4,2026-07-09,present,0,3,
2972,40,290,4,2026-07-11,late,8,3,
2973,40,291,4,2026-07-14,present,0,3,
2974,40,292,4,2026-07-16,present,0,3,
2975,40,293,4,2026-07-18,present,0,3,
2976,40,294,4,2026-07-21,late,15,3,
2977,40,295,4,2026-07-23,present,0,3,
2978,40,296,4,2026-07-25,present,0,3,
2979,40,297,4,2026-07-28,present,0,3,
2980,40,298,4,2026-07-30,absent_excused,0,3,Ota-ona xabar berdi
2981,41,224,4,2026-02-03,present,0,3,
2982,41,225,4,2026-02-05,present,0,3,
2983,41,226,4,2026-02-07,present,0,3,
2984,41,227,4,2026-02-10,late,15,3,
2985,41,228,4,2026-02-12,late,12,3,
2986,41,229,4,2026-02-14,present,0,3,
2987,41,230,4,2026-02-17,present,0,3,
2988,41,231,4,2026-02-19,present,0,3,
2989,41,232,4,2026-02-21,present,0,3,
2990,41,233,4,2026-02-24,present,0,3,
2991,41,234,4,2026-02-26,present,0,3,
2992,41,235,4,2026-02-28,present,0,3,
2993,41,236,4,2026-03-03,present,0,3,
2994,41,237,4,2026-03-05,present,0,3,
2995,41,238,4,2026-03-07,present,0,3,
2996,41,239,4,2026-03-10,present,0,3,
2997,41,240,4,2026-03-12,present,0,3,
2998,41,241,4,2026-03-14,present,0,3,
2999,41,242,4,2026-03-17,present,0,3,
3000,41,243,4,2026-03-19,late,14,3,
3001,41,244,4,2026-03-24,present,0,3,
3002,41,245,4,2026-03-26,absent_excused,0,3,Ota-ona xabar berdi
3003,41,246,4,2026-03-28,present,0,3,
3004,41,247,4,2026-03-31,absent_excused,0,3,Ota-ona xabar berdi
3005,41,248,4,2026-04-02,late,23,3,
3006,41,249,4,2026-04-04,present,0,3,
3007,41,250,4,2026-04-07,present,0,3,
3008,41,251,4,2026-04-09,present,0,3,
3009,41,252,4,2026-04-11,present,0,3,
3010,41,253,4,2026-04-14,late,18,3,
3011,41,254,4,2026-04-16,absent_unexcused,0,3,Sababsiz
3012,41,255,4,2026-04-18,present,0,3,
3013,41,256,4,2026-04-21,late,23,3,
3014,41,257,4,2026-04-23,present,0,3,
3015,41,258,4,2026-04-25,present,0,3,
3016,41,259,4,2026-04-28,present,0,3,
3017,41,260,4,2026-04-30,present,0,3,
3018,41,261,4,2026-05-02,present,0,3,
3019,41,262,4,2026-05-05,present,0,3,
3020,41,263,4,2026-05-07,present,0,3,
3021,41,264,4,2026-05-12,present,0,3,
3022,41,265,4,2026-05-14,present,0,3,
3023,41,266,4,2026-05-16,present,0,3,
3024,41,267,4,2026-05-19,present,0,3,
3025,41,268,4,2026-05-21,present,0,3,
3026,41,269,4,2026-05-23,present,0,3,
3027,41,270,4,2026-05-26,present,0,3,
3028,41,271,4,2026-05-28,present,0,3,
3029,41,272,4,2026-05-30,present,0,3,
3030,41,273,4,2026-06-02,present,0,3,
3031,41,274,4,2026-06-04,present,0,3,
3032,41,275,4,2026-06-06,present,0,3,
3033,41,276,4,2026-06-09,absent_excused,0,3,Ota-ona xabar berdi
3034,41,277,4,2026-06-11,present,0,3,
3035,41,278,4,2026-06-13,late,9,3,
3036,41,279,4,2026-06-16,present,0,3,
3037,41,280,4,2026-06-18,absent_excused,0,3,Ota-ona xabar berdi
3038,41,281,4,2026-06-20,present,0,3,
3039,41,282,4,2026-06-23,present,0,3,
3040,41,283,4,2026-06-25,present,0,3,
3041,41,284,4,2026-06-27,present,0,3,
3042,41,285,4,2026-06-30,present,0,3,
3043,41,286,4,2026-07-02,present,0,3,
3044,41,287,4,2026-07-04,absent_unexcused,0,3,Sababsiz
3045,41,288,4,2026-07-07,present,0,3,
3046,41,289,4,2026-07-09,present,0,3,
3047,41,290,4,2026-07-11,present,0,3,
3048,41,291,4,2026-07-14,present,0,3,
3049,41,292,4,2026-07-16,present,0,3,
3050,41,293,4,2026-07-18,present,0,3,
3051,41,294,4,2026-07-21,present,0,3,
3052,41,295,4,2026-07-23,absent_excused,0,3,Ota-ona xabar berdi
3053,41,296,4,2026-07-25,late,23,3,
3054,41,297,4,2026-07-28,present,0,3,
3055,41,298,4,2026-07-30,absent_excused,0,3,Ota-ona xabar berdi
3056,42,224,4,2026-02-03,present,0,3,
3057,42,225,4,2026-02-05,late,20,3,
3058,42,226,4,2026-02-07,present,0,3,
3059,42,227,4,2026-02-10,present,0,3,
3060,42,228,4,2026-02-12,late,17,3,
3061,42,229,4,2026-02-14,present,0,3,
3062,42,230,4,2026-02-17,late,21,3,
3063,42,231,4,2026-02-19,present,0,3,
3064,42,232,4,2026-02-21,present,0,3,
3065,42,233,4,2026-02-24,present,0,3,
3066,42,234,4,2026-02-26,present,0,3,
3067,42,235,4,2026-02-28,present,0,3,
3068,42,236,4,2026-03-03,present,0,3,
3069,42,237,4,2026-03-05,absent_unexcused,0,3,Sababsiz
3070,42,238,4,2026-03-07,present,0,3,
3071,42,239,4,2026-03-10,present,0,3,
3072,42,240,4,2026-03-12,present,0,3,
3073,42,241,4,2026-03-14,absent_excused,0,3,Ota-ona xabar berdi
3074,42,242,4,2026-03-17,present,0,3,
3075,42,243,4,2026-03-19,present,0,3,
3076,42,244,4,2026-03-24,present,0,3,
3077,42,245,4,2026-03-26,present,0,3,
3078,42,246,4,2026-03-28,present,0,3,
3079,42,247,4,2026-03-31,present,0,3,
3080,42,248,4,2026-04-02,late,18,3,
3081,42,249,4,2026-04-04,absent_unexcused,0,3,Sababsiz
3082,42,250,4,2026-04-07,present,0,3,
3083,42,251,4,2026-04-09,absent_excused,0,3,Ota-ona xabar berdi
3084,42,252,4,2026-04-11,absent_unexcused,0,3,Sababsiz
3085,42,253,4,2026-04-14,present,0,3,
3086,42,254,4,2026-04-16,absent_unexcused,0,3,Sababsiz
3087,42,255,4,2026-04-18,absent_unexcused,0,3,Sababsiz
3088,42,256,4,2026-04-21,present,0,3,
3089,42,257,4,2026-04-23,absent_unexcused,0,3,Sababsiz
3090,42,258,4,2026-04-25,present,0,3,
3091,42,259,4,2026-04-28,absent_excused,0,3,Ota-ona xabar berdi
3092,42,260,4,2026-04-30,absent_excused,0,3,Ota-ona xabar berdi
3093,42,261,4,2026-05-02,present,0,3,
3094,42,262,4,2026-05-05,late,20,3,
3095,42,263,4,2026-05-07,present,0,3,
3096,42,264,4,2026-05-12,absent_unexcused,0,3,Sababsiz
3097,42,265,4,2026-05-14,present,0,3,
3098,42,266,4,2026-05-16,late,25,3,
3099,42,267,4,2026-05-19,present,0,3,
3100,42,268,4,2026-05-21,present,0,3,
3101,42,269,4,2026-05-23,present,0,3,
3102,42,270,4,2026-05-26,present,0,3,
3103,42,271,4,2026-05-28,present,0,3,
3104,42,272,4,2026-05-30,absent_excused,0,3,Ota-ona xabar berdi
3105,42,273,4,2026-06-02,present,0,3,
3106,42,274,4,2026-06-04,present,0,3,
3107,42,275,4,2026-06-06,present,0,3,
3108,42,276,4,2026-06-09,absent_excused,0,3,Ota-ona xabar berdi
3109,42,277,4,2026-06-11,late,14,3,
3110,42,278,4,2026-06-13,present,0,3,
3111,42,279,4,2026-06-16,present,0,3,
3112,42,280,4,2026-06-18,present,0,3,
3113,42,281,4,2026-06-20,present,0,3,
3114,42,282,4,2026-06-23,late,5,3,
3115,42,283,4,2026-06-25,present,0,3,
3116,42,284,4,2026-06-27,present,0,3,
3117,42,285,4,2026-06-30,present,0,3,
3118,42,286,4,2026-07-02,absent_excused,0,3,Ota-ona xabar berdi
3119,42,287,4,2026-07-04,present,0,3,
3120,42,288,4,2026-07-07,present,0,3,
3121,42,289,4,2026-07-09,late,10,3,
3122,42,290,4,2026-07-11,present,0,3,
3123,42,291,4,2026-07-14,present,0,3,
3124,42,292,4,2026-07-16,late,15,3,
3125,42,293,4,2026-07-18,present,0,3,
3126,42,294,4,2026-07-21,late,10,3,
3127,42,295,4,2026-07-23,present,0,3,
3128,42,296,4,2026-07-25,present,0,3,
3129,42,297,4,2026-07-28,present,0,3,
3130,42,298,4,2026-07-30,present,0,3,
3131,43,299,5,2026-02-03,present,0,7,
3132,43,300,5,2026-02-05,late,21,7,
3133,43,301,5,2026-02-07,present,0,7,
3134,43,302,5,2026-02-10,present,0,7,
3135,43,303,5,2026-02-12,present,0,7,
3136,43,304,5,2026-02-14,present,0,7,
3137,43,305,5,2026-02-17,present,0,7,
3138,43,306,5,2026-02-19,late,12,7,
3139,43,307,5,2026-02-21,absent_excused,0,7,Ota-ona xabar berdi
3140,43,308,5,2026-02-24,present,0,7,
3141,43,309,5,2026-02-26,late,24,7,
3142,43,310,5,2026-02-28,present,0,7,
3143,43,311,5,2026-03-03,absent_excused,0,7,Ota-ona xabar berdi
3144,43,312,5,2026-03-05,late,7,7,
3145,43,313,5,2026-03-07,present,0,7,
3146,43,314,5,2026-03-10,absent_excused,0,7,Ota-ona xabar berdi
3147,43,315,5,2026-03-12,present,0,7,
3148,43,316,5,2026-03-14,present,0,7,
3149,43,317,5,2026-03-17,absent_unexcused,0,7,Sababsiz
3150,43,318,5,2026-03-19,present,0,7,
3151,43,319,5,2026-03-24,present,0,7,
3152,43,320,5,2026-03-26,present,0,7,
3153,43,321,5,2026-03-28,absent_unexcused,0,7,Sababsiz
3154,43,322,5,2026-03-31,present,0,7,
3155,43,323,5,2026-04-02,present,0,7,
3156,43,324,5,2026-04-04,present,0,7,
3157,43,325,5,2026-04-07,absent_unexcused,0,7,Sababsiz
3158,43,326,5,2026-04-09,present,0,7,
3159,43,327,5,2026-04-11,present,0,7,
3160,43,328,5,2026-04-14,present,0,7,
3161,43,329,5,2026-04-16,absent_excused,0,7,Ota-ona xabar berdi
3162,43,330,5,2026-04-18,absent_excused,0,7,Ota-ona xabar berdi
3163,43,331,5,2026-04-21,present,0,7,
3164,43,332,5,2026-04-23,present,0,7,
3165,43,333,5,2026-04-25,absent_unexcused,0,7,Sababsiz
3166,43,334,5,2026-04-28,late,17,7,
3167,43,335,5,2026-04-30,present,0,7,
3168,43,336,5,2026-05-02,present,0,7,
3169,43,337,5,2026-05-05,present,0,7,
3170,43,338,5,2026-05-07,absent_excused,0,7,Ota-ona xabar berdi
3171,43,339,5,2026-05-12,late,14,7,
3172,43,340,5,2026-05-14,present,0,7,
3173,43,341,5,2026-05-16,present,0,7,
3174,43,342,5,2026-05-19,late,15,7,
3175,43,343,5,2026-05-21,absent_unexcused,0,7,Sababsiz
3176,43,344,5,2026-05-23,present,0,7,
3177,43,345,5,2026-05-26,absent_excused,0,7,Ota-ona xabar berdi
3178,43,346,5,2026-05-28,present,0,7,
3179,43,347,5,2026-05-30,late,11,7,
3180,43,348,5,2026-06-02,present,0,7,
3181,43,349,5,2026-06-04,absent_excused,0,7,Ota-ona xabar berdi
3182,43,350,5,2026-06-06,absent_excused,0,7,Ota-ona xabar berdi
3183,43,351,5,2026-06-09,present,0,7,
3184,43,352,5,2026-06-11,present,0,7,
3185,43,353,5,2026-06-13,present,0,7,
3186,43,354,5,2026-06-16,present,0,7,
3187,43,355,5,2026-06-18,absent_unexcused,0,7,Sababsiz
3188,43,356,5,2026-06-20,absent_unexcused,0,7,Sababsiz
3189,43,357,5,2026-06-23,present,0,7,
3190,43,358,5,2026-06-25,present,0,7,
3191,43,359,5,2026-06-27,present,0,7,
3192,43,360,5,2026-06-30,absent_unexcused,0,7,Sababsiz
3193,43,361,5,2026-07-02,absent_unexcused,0,7,Sababsiz
3194,43,362,5,2026-07-04,present,0,7,
3195,43,363,5,2026-07-07,absent_unexcused,0,7,Sababsiz
3196,43,364,5,2026-07-09,absent_unexcused,0,7,Sababsiz
3197,43,365,5,2026-07-11,present,0,7,
3198,43,366,5,2026-07-14,present,0,7,
3199,43,367,5,2026-07-16,present,0,7,
3200,43,368,5,2026-07-18,late,9,7,
3201,43,369,5,2026-07-21,present,0,7,
3202,43,370,5,2026-07-23,present,0,7,
3203,43,371,5,2026-07-25,absent_unexcused,0,7,Sababsiz
3204,43,372,5,2026-07-28,absent_unexcused,0,7,Sababsiz
3205,43,373,5,2026-07-30,present,0,7,
3206,44,299,5,2026-02-03,present,0,7,
3207,44,300,5,2026-02-05,present,0,7,
3208,44,301,5,2026-02-07,present,0,7,
3209,44,302,5,2026-02-10,present,0,7,
3210,44,303,5,2026-02-12,late,19,7,
3211,44,304,5,2026-02-14,present,0,7,
3212,44,305,5,2026-02-17,present,0,7,
3213,44,306,5,2026-02-19,present,0,7,
3214,44,307,5,2026-02-21,present,0,7,
3215,44,308,5,2026-02-24,present,0,7,
3216,44,309,5,2026-02-26,present,0,7,
3217,44,310,5,2026-02-28,late,6,7,
3218,44,311,5,2026-03-03,present,0,7,
3219,44,312,5,2026-03-05,present,0,7,
3220,44,313,5,2026-03-07,present,0,7,
3221,44,314,5,2026-03-10,present,0,7,
3222,44,315,5,2026-03-12,absent_excused,0,7,Ota-ona xabar berdi
3223,44,316,5,2026-03-14,present,0,7,
3224,44,317,5,2026-03-17,present,0,7,
3225,44,318,5,2026-03-19,present,0,7,
3226,44,319,5,2026-03-24,present,0,7,
3227,44,320,5,2026-03-26,present,0,7,
3228,44,321,5,2026-03-28,present,0,7,
3229,44,322,5,2026-03-31,present,0,7,
3230,44,323,5,2026-04-02,late,25,7,
3231,44,324,5,2026-04-04,present,0,7,
3232,44,325,5,2026-04-07,present,0,7,
3233,44,326,5,2026-04-09,absent_unexcused,0,7,Sababsiz
3234,44,327,5,2026-04-11,late,23,7,
3235,44,328,5,2026-04-14,present,0,7,
3236,44,329,5,2026-04-16,present,0,7,
3237,44,330,5,2026-04-18,absent_excused,0,7,Ota-ona xabar berdi
3238,44,331,5,2026-04-21,present,0,7,
3239,44,332,5,2026-04-23,absent_excused,0,7,Ota-ona xabar berdi
3240,44,333,5,2026-04-25,absent_unexcused,0,7,Sababsiz
3241,44,334,5,2026-04-28,present,0,7,
3242,44,335,5,2026-04-30,absent_excused,0,7,Ota-ona xabar berdi
3243,44,336,5,2026-05-02,present,0,7,
3244,44,337,5,2026-05-05,present,0,7,
3245,44,338,5,2026-05-07,absent_unexcused,0,7,Sababsiz
3246,44,339,5,2026-05-12,absent_unexcused,0,7,Sababsiz
3247,44,340,5,2026-05-14,absent_excused,0,7,Ota-ona xabar berdi
3248,44,341,5,2026-05-16,present,0,7,
3249,44,342,5,2026-05-19,present,0,7,
3250,44,343,5,2026-05-21,present,0,7,
3251,44,344,5,2026-05-23,present,0,7,
3252,44,345,5,2026-05-26,late,15,7,
3253,44,346,5,2026-05-28,present,0,7,
3254,44,347,5,2026-05-30,present,0,7,
3255,44,348,5,2026-06-02,present,0,7,
3256,44,349,5,2026-06-04,present,0,7,
3257,44,350,5,2026-06-06,present,0,7,
3258,44,351,5,2026-06-09,present,0,7,
3259,44,352,5,2026-06-11,present,0,7,
3260,44,353,5,2026-06-13,present,0,7,
3261,44,354,5,2026-06-16,present,0,7,
3262,44,355,5,2026-06-18,present,0,7,
3263,44,356,5,2026-06-20,present,0,7,
3264,44,357,5,2026-06-23,absent_unexcused,0,7,Sababsiz
3265,44,358,5,2026-06-25,present,0,7,
3266,44,359,5,2026-06-27,present,0,7,
3267,44,360,5,2026-06-30,present,0,7,
3268,44,361,5,2026-07-02,present,0,7,
3269,44,362,5,2026-07-04,present,0,7,
3270,44,363,5,2026-07-07,present,0,7,
3271,44,364,5,2026-07-09,present,0,7,
3272,44,365,5,2026-07-11,absent_unexcused,0,7,Sababsiz
3273,44,366,5,2026-07-14,present,0,7,
3274,44,367,5,2026-07-16,present,0,7,
3275,44,368,5,2026-07-18,present,0,7,
3276,44,369,5,2026-07-21,absent_excused,0,7,Ota-ona xabar berdi
3277,44,370,5,2026-07-23,present,0,7,
3278,44,371,5,2026-07-25,present,0,7,
3279,44,372,5,2026-07-28,present,0,7,
3280,44,373,5,2026-07-30,present,0,7,
3281,45,299,5,2026-02-03,present,0,7,
3282,45,300,5,2026-02-05,present,0,7,
3283,45,301,5,2026-02-07,present,0,7,
3284,45,302,5,2026-02-10,absent_excused,0,7,Ota-ona xabar berdi
3285,45,303,5,2026-02-12,present,0,7,
3286,45,304,5,2026-02-14,present,0,7,
3287,45,305,5,2026-02-17,present,0,7,
3288,45,306,5,2026-02-19,present,0,7,
3289,45,307,5,2026-02-21,present,0,7,
3290,45,308,5,2026-02-24,present,0,7,
3291,45,309,5,2026-02-26,present,0,7,
3292,45,310,5,2026-02-28,present,0,7,
3293,45,311,5,2026-03-03,present,0,7,
3294,45,312,5,2026-03-05,present,0,7,
3295,45,313,5,2026-03-07,present,0,7,
3296,45,314,5,2026-03-10,present,0,7,
3297,45,315,5,2026-03-12,present,0,7,
3298,45,316,5,2026-03-14,present,0,7,
3299,45,317,5,2026-03-17,present,0,7,
3300,45,318,5,2026-03-19,present,0,7,
3301,45,319,5,2026-03-24,present,0,7,
3302,45,320,5,2026-03-26,present,0,7,
3303,45,321,5,2026-03-28,present,0,7,
3304,45,322,5,2026-03-31,present,0,7,
3305,45,323,5,2026-04-02,present,0,7,
3306,45,324,5,2026-04-04,present,0,7,
3307,45,325,5,2026-04-07,present,0,7,
3308,45,326,5,2026-04-09,present,0,7,
3309,45,327,5,2026-04-11,present,0,7,
3310,45,328,5,2026-04-14,present,0,7,
3311,45,329,5,2026-04-16,present,0,7,
3312,45,330,5,2026-04-18,present,0,7,
3313,45,331,5,2026-04-21,present,0,7,
3314,45,332,5,2026-04-23,present,0,7,
3315,45,333,5,2026-04-25,present,0,7,
3316,45,334,5,2026-04-28,present,0,7,
3317,45,335,5,2026-04-30,present,0,7,
3318,45,336,5,2026-05-02,present,0,7,
3319,45,337,5,2026-05-05,present,0,7,
3320,45,338,5,2026-05-07,present,0,7,
3321,45,339,5,2026-05-12,present,0,7,
3322,45,340,5,2026-05-14,present,0,7,
3323,45,341,5,2026-05-16,present,0,7,
3324,45,342,5,2026-05-19,present,0,7,
3325,45,343,5,2026-05-21,present,0,7,
3326,45,344,5,2026-05-23,present,0,7,
3327,45,345,5,2026-05-26,present,0,7,
3328,45,346,5,2026-05-28,present,0,7,
3329,45,347,5,2026-05-30,present,0,7,
3330,45,348,5,2026-06-02,present,0,7,
3331,45,349,5,2026-06-04,present,0,7,
3332,45,350,5,2026-06-06,late,23,7,
3333,45,351,5,2026-06-09,present,0,7,
3334,45,352,5,2026-06-11,present,0,7,
3335,45,353,5,2026-06-13,present,0,7,
3336,45,354,5,2026-06-16,late,11,7,
3337,45,355,5,2026-06-18,present,0,7,
3338,45,356,5,2026-06-20,late,8,7,
3339,45,357,5,2026-06-23,present,0,7,
3340,45,358,5,2026-06-25,present,0,7,
3341,45,359,5,2026-06-27,present,0,7,
3342,45,360,5,2026-06-30,present,0,7,
3343,45,361,5,2026-07-02,present,0,7,
3344,45,362,5,2026-07-04,absent_unexcused,0,7,Sababsiz
3345,45,363,5,2026-07-07,present,0,7,
3346,45,364,5,2026-07-09,present,0,7,
3347,45,365,5,2026-07-11,present,0,7,
3348,45,366,5,2026-07-14,present,0,7,
3349,45,367,5,2026-07-16,present,0,7,
3350,45,368,5,2026-07-18,present,0,7,
3351,45,369,5,2026-07-21,present,0,7,
3352,45,370,5,2026-07-23,present,0,7,
3353,45,371,5,2026-07-25,present,0,7,
3354,45,372,5,2026-07-28,present,0,7,
3355,45,373,5,2026-07-30,present,0,7,
3356,46,299,5,2026-02-03,present,0,7,
3357,46,300,5,2026-02-05,present,0,7,
3358,46,301,5,2026-02-07,absent_excused,0,7,Ota-ona xabar berdi
3359,46,302,5,2026-02-10,present,0,7,
3360,46,303,5,2026-02-12,present,0,7,
3361,46,304,5,2026-02-14,present,0,7,
3362,46,305,5,2026-02-17,present,0,7,
3363,46,306,5,2026-02-19,late,24,7,
3364,46,307,5,2026-02-21,present,0,7,
3365,46,308,5,2026-02-24,present,0,7,
3366,46,309,5,2026-02-26,present,0,7,
3367,46,310,5,2026-02-28,present,0,7,
3368,46,311,5,2026-03-03,absent_excused,0,7,Ota-ona xabar berdi
3369,46,312,5,2026-03-05,present,0,7,
3370,46,313,5,2026-03-07,late,9,7,
3371,46,314,5,2026-03-10,present,0,7,
3372,46,315,5,2026-03-12,present,0,7,
3373,46,316,5,2026-03-14,absent_excused,0,7,Ota-ona xabar berdi
3374,46,317,5,2026-03-17,present,0,7,
3375,46,318,5,2026-03-19,present,0,7,
3376,46,319,5,2026-03-24,present,0,7,
3377,46,320,5,2026-03-26,absent_excused,0,7,Ota-ona xabar berdi
3378,46,321,5,2026-03-28,present,0,7,
3379,46,322,5,2026-03-31,present,0,7,
3380,46,323,5,2026-04-02,absent_excused,0,7,Ota-ona xabar berdi
3381,46,324,5,2026-04-04,present,0,7,
3382,46,325,5,2026-04-07,absent_excused,0,7,Ota-ona xabar berdi
3383,46,326,5,2026-04-09,present,0,7,
3384,46,327,5,2026-04-11,absent_unexcused,0,7,Sababsiz
3385,46,328,5,2026-04-14,present,0,7,
3386,46,329,5,2026-04-16,late,18,7,
3387,46,330,5,2026-04-18,present,0,7,
3388,46,331,5,2026-04-21,present,0,7,
3389,46,332,5,2026-04-23,absent_unexcused,0,7,Sababsiz
3390,46,333,5,2026-04-25,present,0,7,
3391,46,334,5,2026-04-28,present,0,7,
3392,46,335,5,2026-04-30,absent_unexcused,0,7,Sababsiz
3393,46,336,5,2026-05-02,present,0,7,
3394,46,337,5,2026-05-05,present,0,7,
3395,46,338,5,2026-05-07,present,0,7,
3396,46,339,5,2026-05-12,late,25,7,
3397,46,340,5,2026-05-14,late,15,7,
3398,46,341,5,2026-05-16,present,0,7,
3399,46,342,5,2026-05-19,present,0,7,
3400,46,343,5,2026-05-21,absent_excused,0,7,Ota-ona xabar berdi
3401,46,344,5,2026-05-23,present,0,7,
3402,46,345,5,2026-05-26,present,0,7,
3403,46,346,5,2026-05-28,present,0,7,
3404,46,347,5,2026-05-30,absent_excused,0,7,Ota-ona xabar berdi
3405,46,348,5,2026-06-02,late,25,7,
3406,46,349,5,2026-06-04,present,0,7,
3407,46,350,5,2026-06-06,present,0,7,
3408,46,351,5,2026-06-09,absent_excused,0,7,Ota-ona xabar berdi
3409,46,352,5,2026-06-11,absent_excused,0,7,Ota-ona xabar berdi
3410,46,353,5,2026-06-13,present,0,7,
3411,46,354,5,2026-06-16,present,0,7,
3412,46,355,5,2026-06-18,absent_excused,0,7,Ota-ona xabar berdi
3413,46,356,5,2026-06-20,present,0,7,
3414,46,357,5,2026-06-23,present,0,7,
3415,46,358,5,2026-06-25,absent_excused,0,7,Ota-ona xabar berdi
3416,46,359,5,2026-06-27,absent_excused,0,7,Ota-ona xabar berdi
3417,46,360,5,2026-06-30,present,0,7,
3418,46,361,5,2026-07-02,absent_unexcused,0,7,Sababsiz
3419,46,362,5,2026-07-04,present,0,7,
3420,46,363,5,2026-07-07,present,0,7,
3421,46,364,5,2026-07-09,absent_unexcused,0,7,Sababsiz
3422,46,365,5,2026-07-11,absent_unexcused,0,7,Sababsiz
3423,46,366,5,2026-07-14,present,0,7,
3424,46,367,5,2026-07-16,present,0,7,
3425,46,368,5,2026-07-18,present,0,7,
3426,46,369,5,2026-07-21,present,0,7,
3427,46,370,5,2026-07-23,absent_excused,0,7,Ota-ona xabar berdi
3428,46,371,5,2026-07-25,absent_excused,0,7,Ota-ona xabar berdi
3429,46,372,5,2026-07-28,present,0,7,
3430,46,373,5,2026-07-30,late,12,7,
3431,47,299,5,2026-02-03,present,0,7,
3432,47,300,5,2026-02-05,absent_excused,0,7,Ota-ona xabar berdi
3433,47,301,5,2026-02-07,present,0,7,
3434,47,302,5,2026-02-10,present,0,7,
3435,47,303,5,2026-02-12,present,0,7,
3436,47,304,5,2026-02-14,present,0,7,
3437,47,305,5,2026-02-17,absent_unexcused,0,7,Sababsiz
3438,47,306,5,2026-02-19,present,0,7,
3439,47,307,5,2026-02-21,present,0,7,
3440,47,308,5,2026-02-24,present,0,7,
3441,47,309,5,2026-02-26,present,0,7,
3442,47,310,5,2026-02-28,present,0,7,
3443,47,311,5,2026-03-03,present,0,7,
3444,47,312,5,2026-03-05,present,0,7,
3445,47,313,5,2026-03-07,absent_unexcused,0,7,Sababsiz
3446,47,314,5,2026-03-10,present,0,7,
3447,47,315,5,2026-03-12,present,0,7,
3448,47,316,5,2026-03-14,present,0,7,
3449,47,317,5,2026-03-17,late,24,7,
3450,47,318,5,2026-03-19,late,9,7,
3451,47,319,5,2026-03-24,present,0,7,
3452,47,320,5,2026-03-26,present,0,7,
3453,47,321,5,2026-03-28,present,0,7,
3454,47,322,5,2026-03-31,present,0,7,
3455,47,323,5,2026-04-02,present,0,7,
3456,47,324,5,2026-04-04,absent_excused,0,7,Ota-ona xabar berdi
3457,47,325,5,2026-04-07,late,12,7,
3458,47,326,5,2026-04-09,present,0,7,
3459,47,327,5,2026-04-11,present,0,7,
3460,47,328,5,2026-04-14,present,0,7,
3461,47,329,5,2026-04-16,present,0,7,
3462,47,330,5,2026-04-18,present,0,7,
3463,47,331,5,2026-04-21,present,0,7,
3464,47,332,5,2026-04-23,absent_unexcused,0,7,Sababsiz
3465,47,333,5,2026-04-25,absent_excused,0,7,Ota-ona xabar berdi
3466,47,334,5,2026-04-28,present,0,7,
3467,47,335,5,2026-04-30,present,0,7,
3468,47,336,5,2026-05-02,present,0,7,
3469,47,337,5,2026-05-05,present,0,7,
3470,47,338,5,2026-05-07,present,0,7,
3471,47,339,5,2026-05-12,absent_unexcused,0,7,Sababsiz
3472,47,340,5,2026-05-14,absent_unexcused,0,7,Sababsiz
3473,47,341,5,2026-05-16,absent_unexcused,0,7,Sababsiz
3474,47,342,5,2026-05-19,present,0,7,
3475,47,343,5,2026-05-21,present,0,7,
3476,47,344,5,2026-05-23,late,21,7,
3477,47,345,5,2026-05-26,present,0,7,
3478,47,346,5,2026-05-28,present,0,7,
3479,47,347,5,2026-05-30,present,0,7,
3480,47,348,5,2026-06-02,present,0,7,
3481,47,349,5,2026-06-04,absent_excused,0,7,Ota-ona xabar berdi
3482,47,350,5,2026-06-06,present,0,7,
3483,47,351,5,2026-06-09,present,0,7,
3484,47,352,5,2026-06-11,present,0,7,
3485,47,353,5,2026-06-13,present,0,7,
3486,47,354,5,2026-06-16,present,0,7,
3487,47,355,5,2026-06-18,absent_unexcused,0,7,Sababsiz
3488,47,356,5,2026-06-20,present,0,7,
3489,47,357,5,2026-06-23,present,0,7,
3490,47,358,5,2026-06-25,present,0,7,
3491,47,359,5,2026-06-27,present,0,7,
3492,47,360,5,2026-06-30,present,0,7,
3493,47,361,5,2026-07-02,late,15,7,
3494,47,362,5,2026-07-04,present,0,7,
3495,47,363,5,2026-07-07,absent_excused,0,7,Ota-ona xabar berdi
3496,47,364,5,2026-07-09,present,0,7,
3497,47,365,5,2026-07-11,late,20,7,
3498,47,366,5,2026-07-14,present,0,7,
3499,47,367,5,2026-07-16,present,0,7,
3500,47,368,5,2026-07-18,absent_unexcused,0,7,Sababsiz
3501,47,369,5,2026-07-21,absent_unexcused,0,7,Sababsiz
3502,47,370,5,2026-07-23,absent_excused,0,7,Ota-ona xabar berdi
3503,47,371,5,2026-07-25,present,0,7,
3504,47,372,5,2026-07-28,present,0,7,
3505,47,373,5,2026-07-30,present,0,7,
3506,48,299,5,2026-02-03,present,0,7,
3507,48,300,5,2026-02-05,present,0,7,
3508,48,301,5,2026-02-07,present,0,7,
3509,48,302,5,2026-02-10,present,0,7,
3510,48,303,5,2026-02-12,present,0,7,
3511,48,304,5,2026-02-14,late,5,7,
3512,48,305,5,2026-02-17,absent_unexcused,0,7,Sababsiz
3513,48,306,5,2026-02-19,absent_unexcused,0,7,Sababsiz
3514,48,307,5,2026-02-21,absent_unexcused,0,7,Sababsiz
3515,48,308,5,2026-02-24,present,0,7,
3516,48,309,5,2026-02-26,absent_excused,0,7,Ota-ona xabar berdi
3517,48,310,5,2026-02-28,absent_excused,0,7,Ota-ona xabar berdi
3518,48,311,5,2026-03-03,present,0,7,
3519,48,312,5,2026-03-05,absent_unexcused,0,7,Sababsiz
3520,48,313,5,2026-03-07,absent_excused,0,7,Ota-ona xabar berdi
3521,48,314,5,2026-03-10,present,0,7,
3522,48,315,5,2026-03-12,late,19,7,
3523,48,316,5,2026-03-14,present,0,7,
3524,48,317,5,2026-03-17,present,0,7,
3525,48,318,5,2026-03-19,present,0,7,
3526,48,319,5,2026-03-24,present,0,7,
3527,48,320,5,2026-03-26,present,0,7,
3528,48,321,5,2026-03-28,present,0,7,
3529,48,322,5,2026-03-31,late,15,7,
3530,48,323,5,2026-04-02,present,0,7,
3531,48,324,5,2026-04-04,present,0,7,
3532,48,325,5,2026-04-07,present,0,7,
3533,48,326,5,2026-04-09,present,0,7,
3534,48,327,5,2026-04-11,absent_unexcused,0,7,Sababsiz
3535,48,328,5,2026-04-14,late,22,7,
3536,48,329,5,2026-04-16,present,0,7,
3537,48,330,5,2026-04-18,absent_excused,0,7,Ota-ona xabar berdi
3538,48,331,5,2026-04-21,present,0,7,
3539,48,332,5,2026-04-23,absent_excused,0,7,Ota-ona xabar berdi
3540,48,333,5,2026-04-25,present,0,7,
3541,48,334,5,2026-04-28,absent_unexcused,0,7,Sababsiz
3542,48,335,5,2026-04-30,present,0,7,
3543,48,336,5,2026-05-02,present,0,7,
3544,48,337,5,2026-05-05,present,0,7,
3545,48,338,5,2026-05-07,present,0,7,
3546,48,339,5,2026-05-12,absent_unexcused,0,7,Sababsiz
3547,48,340,5,2026-05-14,present,0,7,
3548,48,341,5,2026-05-16,present,0,7,
3549,48,342,5,2026-05-19,absent_unexcused,0,7,Sababsiz
3550,48,343,5,2026-05-21,present,0,7,
3551,48,344,5,2026-05-23,present,0,7,
3552,48,345,5,2026-05-26,present,0,7,
3553,48,346,5,2026-05-28,present,0,7,
3554,48,347,5,2026-05-30,present,0,7,
3555,48,348,5,2026-06-02,absent_unexcused,0,7,Sababsiz
3556,48,349,5,2026-06-04,late,12,7,
3557,48,350,5,2026-06-06,absent_unexcused,0,7,Sababsiz
3558,48,351,5,2026-06-09,present,0,7,
3559,48,352,5,2026-06-11,present,0,7,
3560,48,353,5,2026-06-13,late,18,7,
3561,48,354,5,2026-06-16,present,0,7,
3562,48,355,5,2026-06-18,present,0,7,
3563,48,356,5,2026-06-20,present,0,7,
3564,48,357,5,2026-06-23,absent_unexcused,0,7,Sababsiz
3565,48,358,5,2026-06-25,present,0,7,
3566,48,359,5,2026-06-27,absent_excused,0,7,Ota-ona xabar berdi
3567,48,360,5,2026-06-30,absent_unexcused,0,7,Sababsiz
3568,48,361,5,2026-07-02,present,0,7,
3569,48,362,5,2026-07-04,present,0,7,
3570,48,363,5,2026-07-07,present,0,7,
3571,48,364,5,2026-07-09,present,0,7,
3572,48,365,5,2026-07-11,present,0,7,
3573,48,366,5,2026-07-14,present,0,7,
3574,48,367,5,2026-07-16,present,0,7,
3575,48,368,5,2026-07-18,absent_unexcused,0,7,Sababsiz
3576,48,369,5,2026-07-21,late,7,7,
3577,48,370,5,2026-07-23,present,0,7,
3578,48,371,5,2026-07-25,present,0,7,
3579,48,372,5,2026-07-28,late,8,7,
3580,48,373,5,2026-07-30,present,0,7,
3581,49,299,5,2026-02-03,present,0,7,
3582,49,300,5,2026-02-05,absent_unexcused,0,7,Sababsiz
3583,49,301,5,2026-02-07,present,0,7,
3584,49,302,5,2026-02-10,present,0,7,
3585,49,303,5,2026-02-12,absent_unexcused,0,7,Sababsiz
3586,49,304,5,2026-02-14,present,0,7,
3587,49,305,5,2026-02-17,absent_unexcused,0,7,Sababsiz
3588,49,306,5,2026-02-19,present,0,7,
3589,49,307,5,2026-02-21,present,0,7,
3590,49,308,5,2026-02-24,late,20,7,
3591,49,309,5,2026-02-26,present,0,7,
3592,49,310,5,2026-02-28,present,0,7,
3593,49,311,5,2026-03-03,present,0,7,
3594,49,312,5,2026-03-05,present,0,7,
3595,49,313,5,2026-03-07,present,0,7,
3596,49,314,5,2026-03-10,present,0,7,
3597,49,315,5,2026-03-12,present,0,7,
3598,49,316,5,2026-03-14,present,0,7,
3599,49,317,5,2026-03-17,present,0,7,
3600,49,318,5,2026-03-19,present,0,7,
3601,49,319,5,2026-03-24,present,0,7,
3602,49,320,5,2026-03-26,present,0,7,
3603,49,321,5,2026-03-28,late,25,7,
3604,49,322,5,2026-03-31,late,7,7,
3605,49,323,5,2026-04-02,present,0,7,
3606,49,324,5,2026-04-04,present,0,7,
3607,49,325,5,2026-04-07,present,0,7,
3608,49,326,5,2026-04-09,late,23,7,
3609,49,327,5,2026-04-11,present,0,7,
3610,49,328,5,2026-04-14,present,0,7,
3611,49,329,5,2026-04-16,late,11,7,
3612,49,330,5,2026-04-18,present,0,7,
3613,49,331,5,2026-04-21,present,0,7,
3614,49,332,5,2026-04-23,present,0,7,
3615,49,333,5,2026-04-25,present,0,7,
3616,49,334,5,2026-04-28,present,0,7,
3617,49,335,5,2026-04-30,present,0,7,
3618,49,336,5,2026-05-02,present,0,7,
3619,49,337,5,2026-05-05,absent_unexcused,0,7,Sababsiz
3620,49,338,5,2026-05-07,present,0,7,
3621,49,339,5,2026-05-12,absent_unexcused,0,7,Sababsiz
3622,49,340,5,2026-05-14,present,0,7,
3623,49,341,5,2026-05-16,present,0,7,
3624,49,342,5,2026-05-19,present,0,7,
3625,49,343,5,2026-05-21,present,0,7,
3626,49,344,5,2026-05-23,present,0,7,
3627,49,345,5,2026-05-26,present,0,7,
3628,49,346,5,2026-05-28,present,0,7,
3629,49,347,5,2026-05-30,present,0,7,
3630,49,348,5,2026-06-02,late,9,7,
3631,49,349,5,2026-06-04,absent_excused,0,7,Ota-ona xabar berdi
3632,49,350,5,2026-06-06,present,0,7,
3633,49,351,5,2026-06-09,absent_unexcused,0,7,Sababsiz
3634,49,352,5,2026-06-11,present,0,7,
3635,49,353,5,2026-06-13,present,0,7,
3636,49,354,5,2026-06-16,present,0,7,
3637,49,355,5,2026-06-18,present,0,7,
3638,49,356,5,2026-06-20,present,0,7,
3639,49,357,5,2026-06-23,present,0,7,
3640,49,358,5,2026-06-25,present,0,7,
3641,49,359,5,2026-06-27,present,0,7,
3642,49,360,5,2026-06-30,present,0,7,
3643,49,361,5,2026-07-02,present,0,7,
3644,49,362,5,2026-07-04,present,0,7,
3645,49,363,5,2026-07-07,present,0,7,
3646,49,364,5,2026-07-09,present,0,7,
3647,49,365,5,2026-07-11,present,0,7,
3648,49,366,5,2026-07-14,late,14,7,
3649,49,367,5,2026-07-16,present,0,7,
3650,49,368,5,2026-07-18,present,0,7,
3651,49,369,5,2026-07-21,present,0,7,
3652,49,370,5,2026-07-23,present,0,7,
3653,49,371,5,2026-07-25,present,0,7,
3654,49,372,5,2026-07-28,present,0,7,
3655,49,373,5,2026-07-30,absent_unexcused,0,7,Sababsiz
3656,50,299,5,2026-02-03,present,0,7,
3657,50,300,5,2026-02-05,present,0,7,
3658,50,301,5,2026-02-07,late,7,7,
3659,50,302,5,2026-02-10,present,0,7,
3660,50,303,5,2026-02-12,present,0,7,
3661,50,304,5,2026-02-14,present,0,7,
3662,50,305,5,2026-02-17,present,0,7,
3663,50,306,5,2026-02-19,absent_unexcused,0,7,Sababsiz
3664,50,307,5,2026-02-21,late,23,7,
3665,50,308,5,2026-02-24,present,0,7,
3666,50,309,5,2026-02-26,present,0,7,
3667,50,310,5,2026-02-28,late,7,7,
3668,50,311,5,2026-03-03,late,12,7,
3669,50,312,5,2026-03-05,late,21,7,
3670,50,313,5,2026-03-07,present,0,7,
3671,50,314,5,2026-03-10,present,0,7,
3672,50,315,5,2026-03-12,present,0,7,
3673,50,316,5,2026-03-14,absent_unexcused,0,7,Sababsiz
3674,50,317,5,2026-03-17,present,0,7,
3675,50,318,5,2026-03-19,present,0,7,
3676,50,319,5,2026-03-24,present,0,7,
3677,50,320,5,2026-03-26,late,10,7,
3678,50,321,5,2026-03-28,present,0,7,
3679,50,322,5,2026-03-31,present,0,7,
3680,50,323,5,2026-04-02,present,0,7,
3681,50,324,5,2026-04-04,present,0,7,
3682,50,325,5,2026-04-07,present,0,7,
3683,50,326,5,2026-04-09,present,0,7,
3684,50,327,5,2026-04-11,present,0,7,
3685,50,328,5,2026-04-14,present,0,7,
3686,50,329,5,2026-04-16,absent_unexcused,0,7,Sababsiz
3687,50,330,5,2026-04-18,late,8,7,
3688,50,331,5,2026-04-21,present,0,7,
3689,50,332,5,2026-04-23,absent_excused,0,7,Ota-ona xabar berdi
3690,50,333,5,2026-04-25,present,0,7,
3691,50,334,5,2026-04-28,present,0,7,
3692,50,335,5,2026-04-30,present,0,7,
3693,50,336,5,2026-05-02,present,0,7,
3694,50,337,5,2026-05-05,absent_excused,0,7,Ota-ona xabar berdi
3695,50,338,5,2026-05-07,present,0,7,
3696,50,339,5,2026-05-12,present,0,7,
3697,50,340,5,2026-05-14,present,0,7,
3698,50,341,5,2026-05-16,late,9,7,
3699,50,342,5,2026-05-19,present,0,7,
3700,50,343,5,2026-05-21,present,0,7,
3701,50,344,5,2026-05-23,present,0,7,
3702,50,345,5,2026-05-26,present,0,7,
3703,50,346,5,2026-05-28,absent_excused,0,7,Ota-ona xabar berdi
3704,50,347,5,2026-05-30,present,0,7,
3705,50,348,5,2026-06-02,present,0,7,
3706,50,349,5,2026-06-04,present,0,7,
3707,50,350,5,2026-06-06,absent_unexcused,0,7,Sababsiz
3708,50,351,5,2026-06-09,present,0,7,
3709,50,352,5,2026-06-11,present,0,7,
3710,50,353,5,2026-06-13,absent_unexcused,0,7,Sababsiz
3711,50,354,5,2026-06-16,present,0,7,
3712,50,355,5,2026-06-18,present,0,7,
3713,50,356,5,2026-06-20,present,0,7,
3714,50,357,5,2026-06-23,present,0,7,
3715,50,358,5,2026-06-25,present,0,7,
3716,50,359,5,2026-06-27,absent_unexcused,0,7,Sababsiz
3717,50,360,5,2026-06-30,present,0,7,
3718,50,361,5,2026-07-02,absent_excused,0,7,Ota-ona xabar berdi
3719,50,362,5,2026-07-04,present,0,7,
3720,50,363,5,2026-07-07,present,0,7,
3721,50,364,5,2026-07-09,present,0,7,
3722,50,365,5,2026-07-11,absent_unexcused,0,7,Sababsiz
3723,50,366,5,2026-07-14,present,0,7,
3724,50,367,5,2026-07-16,present,0,7,
3725,50,368,5,2026-07-18,present,0,7,
3726,50,369,5,2026-07-21,present,0,7,
3727,50,370,5,2026-07-23,present,0,7,
3728,50,371,5,2026-07-25,present,0,7,
3729,50,372,5,2026-07-28,present,0,7,
3730,50,373,5,2026-07-30,absent_excused,0,7,Ota-ona xabar berdi
3731,51,299,5,2026-02-03,present,0,7,
3732,51,300,5,2026-02-05,present,0,7,
3733,51,301,5,2026-02-07,present,0,7,
3734,51,302,5,2026-02-10,late,13,7,
3735,51,303,5,2026-02-12,present,0,7,
3736,51,304,5,2026-02-14,present,0,7,
3737,51,305,5,2026-02-17,present,0,7,
3738,51,306,5,2026-02-19,present,0,7,
3739,51,307,5,2026-02-21,absent_unexcused,0,7,Sababsiz
3740,51,308,5,2026-02-24,present,0,7,
3741,51,309,5,2026-02-26,present,0,7,
3742,51,310,5,2026-02-28,present,0,7,
3743,51,311,5,2026-03-03,present,0,7,
3744,51,312,5,2026-03-05,present,0,7,
3745,51,313,5,2026-03-07,present,0,7,
3746,51,314,5,2026-03-10,present,0,7,
3747,51,315,5,2026-03-12,present,0,7,
3748,51,316,5,2026-03-14,present,0,7,
3749,51,317,5,2026-03-17,present,0,7,
3750,51,318,5,2026-03-19,present,0,7,
3751,51,319,5,2026-03-24,present,0,7,
3752,51,320,5,2026-03-26,absent_unexcused,0,7,Sababsiz
3753,51,321,5,2026-03-28,present,0,7,
3754,51,322,5,2026-03-31,present,0,7,
3755,51,323,5,2026-04-02,present,0,7,
3756,51,324,5,2026-04-04,present,0,7,
3757,51,325,5,2026-04-07,present,0,7,
3758,51,326,5,2026-04-09,present,0,7,
3759,51,327,5,2026-04-11,present,0,7,
3760,51,328,5,2026-04-14,present,0,7,
3761,51,329,5,2026-04-16,late,18,7,
3762,51,330,5,2026-04-18,present,0,7,
3763,51,331,5,2026-04-21,present,0,7,
3764,51,332,5,2026-04-23,present,0,7,
3765,51,333,5,2026-04-25,present,0,7,
3766,51,334,5,2026-04-28,late,6,7,
3767,51,335,5,2026-04-30,late,8,7,
3768,51,336,5,2026-05-02,present,0,7,
3769,51,337,5,2026-05-05,present,0,7,
3770,51,338,5,2026-05-07,present,0,7,
3771,51,339,5,2026-05-12,present,0,7,
3772,51,340,5,2026-05-14,present,0,7,
3773,51,341,5,2026-05-16,present,0,7,
3774,51,342,5,2026-05-19,present,0,7,
3775,51,343,5,2026-05-21,present,0,7,
3776,51,344,5,2026-05-23,present,0,7,
3777,51,345,5,2026-05-26,absent_unexcused,0,7,Sababsiz
3778,51,346,5,2026-05-28,absent_unexcused,0,7,Sababsiz
3779,51,347,5,2026-05-30,present,0,7,
3780,51,348,5,2026-06-02,present,0,7,
3781,51,349,5,2026-06-04,late,18,7,
3782,51,350,5,2026-06-06,late,10,7,
3783,51,351,5,2026-06-09,present,0,7,
3784,51,352,5,2026-06-11,late,16,7,
3785,51,353,5,2026-06-13,present,0,7,
3786,51,354,5,2026-06-16,absent_unexcused,0,7,Sababsiz
3787,51,355,5,2026-06-18,late,24,7,
3788,51,356,5,2026-06-20,present,0,7,
3789,51,357,5,2026-06-23,present,0,7,
3790,51,358,5,2026-06-25,present,0,7,
3791,51,359,5,2026-06-27,present,0,7,
3792,51,360,5,2026-06-30,present,0,7,
3793,51,361,5,2026-07-02,present,0,7,
3794,51,362,5,2026-07-04,present,0,7,
3795,51,363,5,2026-07-07,present,0,7,
3796,51,364,5,2026-07-09,present,0,7,
3797,51,365,5,2026-07-11,present,0,7,
3798,51,366,5,2026-07-14,present,0,7,
3799,51,367,5,2026-07-16,present,0,7,
3800,51,368,5,2026-07-18,present,0,7,
3801,51,369,5,2026-07-21,present,0,7,
3802,51,370,5,2026-07-23,present,0,7,
3803,51,371,5,2026-07-25,present,0,7,
3804,51,372,5,2026-07-28,present,0,7,
3805,51,373,5,2026-07-30,present,0,7,
3806,52,374,6,2026-02-10,present,0,13,
3807,52,375,6,2026-02-12,present,0,13,
3808,52,376,6,2026-02-14,absent_excused,0,13,Ota-ona xabar berdi
3809,52,377,6,2026-02-17,absent_unexcused,0,13,Sababsiz
3810,52,378,6,2026-02-19,absent_excused,0,13,Ota-ona xabar berdi
3811,52,379,6,2026-02-21,present,0,13,
3812,52,380,6,2026-02-24,late,8,13,
3813,52,381,6,2026-02-26,late,23,13,
3814,52,382,6,2026-02-28,absent_unexcused,0,13,Sababsiz
3815,52,383,6,2026-03-03,present,0,13,
3816,52,384,6,2026-03-05,absent_unexcused,0,13,Sababsiz
3817,52,385,6,2026-03-07,present,0,13,
3818,52,386,6,2026-03-10,late,21,13,
3819,52,387,6,2026-03-12,present,0,13,
3820,52,388,6,2026-03-14,late,23,13,
3821,52,389,6,2026-03-17,absent_unexcused,0,13,Sababsiz
3822,52,390,6,2026-03-19,present,0,13,
3823,52,391,6,2026-03-24,late,23,13,
3824,52,392,6,2026-03-26,present,0,13,
3825,52,393,6,2026-03-28,absent_unexcused,0,13,Sababsiz
3826,52,394,6,2026-03-31,present,0,13,
3827,52,395,6,2026-04-02,present,0,13,
3828,52,396,6,2026-04-04,present,0,13,
3829,52,397,6,2026-04-07,absent_unexcused,0,13,Sababsiz
3830,52,398,6,2026-04-09,present,0,13,
3831,52,399,6,2026-04-11,present,0,13,
3832,52,400,6,2026-04-14,present,0,13,
3833,52,401,6,2026-04-16,late,19,13,
3834,52,402,6,2026-04-18,present,0,13,
3835,52,403,6,2026-04-21,present,0,13,
3836,52,404,6,2026-04-23,absent_unexcused,0,13,Sababsiz
3837,52,405,6,2026-04-25,present,0,13,
3838,52,406,6,2026-04-28,present,0,13,
3839,52,407,6,2026-04-30,absent_excused,0,13,Ota-ona xabar berdi
3840,52,408,6,2026-05-02,late,19,13,
3841,52,409,6,2026-05-05,absent_excused,0,13,Ota-ona xabar berdi
3842,52,410,6,2026-05-07,present,0,13,
3843,52,411,6,2026-05-12,late,14,13,
3844,52,412,6,2026-05-14,late,19,13,
3845,52,413,6,2026-05-16,present,0,13,
3846,52,414,6,2026-05-19,present,0,13,
3847,52,415,6,2026-05-21,late,19,13,
3848,52,416,6,2026-05-23,present,0,13,
3849,52,417,6,2026-05-26,present,0,13,
3850,52,418,6,2026-05-28,present,0,13,
3851,52,419,6,2026-05-30,present,0,13,
3852,52,420,6,2026-06-02,present,0,13,
3853,52,421,6,2026-06-04,present,0,13,
3854,52,422,6,2026-06-06,present,0,13,
3855,52,423,6,2026-06-09,present,0,13,
3856,52,424,6,2026-06-11,present,0,13,
3857,52,425,6,2026-06-13,present,0,13,
3858,52,426,6,2026-06-16,late,14,13,
3859,52,427,6,2026-06-18,present,0,13,
3860,52,428,6,2026-06-20,absent_excused,0,13,Ota-ona xabar berdi
3861,52,429,6,2026-06-23,present,0,13,
3862,52,430,6,2026-06-25,present,0,13,
3863,52,431,6,2026-06-27,absent_excused,0,13,Ota-ona xabar berdi
3864,52,432,6,2026-06-30,absent_unexcused,0,13,Sababsiz
3865,52,433,6,2026-07-02,present,0,13,
3866,52,434,6,2026-07-04,absent_unexcused,0,13,Sababsiz
3867,52,435,6,2026-07-07,absent_excused,0,13,Ota-ona xabar berdi
3868,52,436,6,2026-07-09,late,11,13,
3869,52,437,6,2026-07-11,present,0,13,
3870,52,438,6,2026-07-14,present,0,13,
3871,52,439,6,2026-07-16,present,0,13,
3872,52,440,6,2026-07-18,present,0,13,
3873,52,441,6,2026-07-21,present,0,13,
3874,52,442,6,2026-07-23,absent_unexcused,0,13,Sababsiz
3875,52,443,6,2026-07-25,late,21,13,
3876,52,444,6,2026-07-28,present,0,13,
3877,52,445,6,2026-07-30,present,0,13,
3878,53,374,6,2026-02-10,present,0,13,
3879,53,375,6,2026-02-12,present,0,13,
3880,53,376,6,2026-02-14,present,0,13,
3881,53,377,6,2026-02-17,present,0,13,
3882,53,378,6,2026-02-19,present,0,13,
3883,53,379,6,2026-02-21,present,0,13,
3884,53,380,6,2026-02-24,present,0,13,
3885,53,381,6,2026-02-26,present,0,13,
3886,53,382,6,2026-02-28,present,0,13,
3887,53,383,6,2026-03-03,present,0,13,
3888,53,384,6,2026-03-05,present,0,13,
3889,53,385,6,2026-03-07,late,10,13,
3890,53,386,6,2026-03-10,present,0,13,
3891,53,387,6,2026-03-12,present,0,13,
3892,53,388,6,2026-03-14,present,0,13,
3893,53,389,6,2026-03-17,present,0,13,
3894,53,390,6,2026-03-19,present,0,13,
3895,53,391,6,2026-03-24,present,0,13,
3896,53,392,6,2026-03-26,present,0,13,
3897,53,393,6,2026-03-28,present,0,13,
3898,53,394,6,2026-03-31,present,0,13,
3899,53,395,6,2026-04-02,late,25,13,
3900,53,396,6,2026-04-04,present,0,13,
3901,53,397,6,2026-04-07,present,0,13,
3902,53,398,6,2026-04-09,present,0,13,
3903,53,399,6,2026-04-11,present,0,13,
3904,53,400,6,2026-04-14,present,0,13,
3905,53,401,6,2026-04-16,present,0,13,
3906,53,402,6,2026-04-18,absent_excused,0,13,Ota-ona xabar berdi
3907,53,403,6,2026-04-21,present,0,13,
3908,53,404,6,2026-04-23,present,0,13,
3909,53,405,6,2026-04-25,late,8,13,
3910,53,406,6,2026-04-28,present,0,13,
3911,53,407,6,2026-04-30,absent_unexcused,0,13,Sababsiz
3912,53,408,6,2026-05-02,present,0,13,
3913,53,409,6,2026-05-05,present,0,13,
3914,53,410,6,2026-05-07,present,0,13,
3915,53,411,6,2026-05-12,present,0,13,
3916,53,412,6,2026-05-14,present,0,13,
3917,53,413,6,2026-05-16,present,0,13,
3918,53,414,6,2026-05-19,present,0,13,
3919,53,415,6,2026-05-21,present,0,13,
3920,53,416,6,2026-05-23,present,0,13,
3921,53,417,6,2026-05-26,present,0,13,
3922,53,418,6,2026-05-28,present,0,13,
3923,53,419,6,2026-05-30,absent_unexcused,0,13,Sababsiz
3924,53,420,6,2026-06-02,present,0,13,
3925,53,421,6,2026-06-04,present,0,13,
3926,53,422,6,2026-06-06,present,0,13,
3927,53,423,6,2026-06-09,present,0,13,
3928,53,424,6,2026-06-11,late,10,13,
3929,53,425,6,2026-06-13,present,0,13,
3930,53,426,6,2026-06-16,present,0,13,
3931,53,427,6,2026-06-18,present,0,13,
3932,53,428,6,2026-06-20,present,0,13,
3933,53,429,6,2026-06-23,absent_unexcused,0,13,Sababsiz
3934,53,430,6,2026-06-25,present,0,13,
3935,53,431,6,2026-06-27,present,0,13,
3936,53,432,6,2026-06-30,present,0,13,
3937,53,433,6,2026-07-02,present,0,13,
3938,53,434,6,2026-07-04,present,0,13,
3939,53,435,6,2026-07-07,present,0,13,
3940,53,436,6,2026-07-09,present,0,13,
3941,53,437,6,2026-07-11,present,0,13,
3942,53,438,6,2026-07-14,late,20,13,
3943,53,439,6,2026-07-16,present,0,13,
3944,53,440,6,2026-07-18,present,0,13,
3945,53,441,6,2026-07-21,present,0,13,
3946,53,442,6,2026-07-23,present,0,13,
3947,53,443,6,2026-07-25,present,0,13,
3948,53,444,6,2026-07-28,present,0,13,
3949,53,445,6,2026-07-30,present,0,13,
3950,54,374,6,2026-02-10,present,0,13,
3951,54,375,6,2026-02-12,present,0,13,
3952,54,376,6,2026-02-14,present,0,13,
3953,54,377,6,2026-02-17,present,0,13,
3954,54,378,6,2026-02-19,present,0,13,
3955,54,379,6,2026-02-21,present,0,13,
3956,54,380,6,2026-02-24,present,0,13,
3957,54,381,6,2026-02-26,present,0,13,
3958,54,382,6,2026-02-28,present,0,13,
3959,54,383,6,2026-03-03,present,0,13,
3960,54,384,6,2026-03-05,present,0,13,
3961,54,385,6,2026-03-07,present,0,13,
3962,54,386,6,2026-03-10,present,0,13,
3963,54,387,6,2026-03-12,present,0,13,
3964,54,388,6,2026-03-14,present,0,13,
3965,54,389,6,2026-03-17,absent_unexcused,0,13,Sababsiz
3966,54,390,6,2026-03-19,present,0,13,
3967,54,391,6,2026-03-24,present,0,13,
3968,54,392,6,2026-03-26,present,0,13,
3969,54,393,6,2026-03-28,present,0,13,
3970,54,394,6,2026-03-31,present,0,13,
3971,54,395,6,2026-04-02,present,0,13,
3972,54,396,6,2026-04-04,present,0,13,
3973,54,397,6,2026-04-07,present,0,13,
3974,54,398,6,2026-04-09,present,0,13,
3975,54,399,6,2026-04-11,present,0,13,
3976,54,400,6,2026-04-14,present,0,13,
3977,54,401,6,2026-04-16,present,0,13,
3978,54,402,6,2026-04-18,present,0,13,
3979,54,403,6,2026-04-21,present,0,13,
3980,54,404,6,2026-04-23,present,0,13,
3981,54,405,6,2026-04-25,present,0,13,
3982,54,406,6,2026-04-28,present,0,13,
3983,54,407,6,2026-04-30,present,0,13,
3984,54,408,6,2026-05-02,present,0,13,
3985,54,409,6,2026-05-05,present,0,13,
3986,54,410,6,2026-05-07,present,0,13,
3987,54,411,6,2026-05-12,present,0,13,
3988,54,412,6,2026-05-14,present,0,13,
3989,54,413,6,2026-05-16,present,0,13,
3990,54,414,6,2026-05-19,present,0,13,
3991,54,415,6,2026-05-21,present,0,13,
3992,54,416,6,2026-05-23,present,0,13,
3993,54,417,6,2026-05-26,present,0,13,
3994,54,418,6,2026-05-28,present,0,13,
3995,54,419,6,2026-05-30,present,0,13,
3996,54,420,6,2026-06-02,present,0,13,
3997,54,421,6,2026-06-04,present,0,13,
3998,54,422,6,2026-06-06,present,0,13,
3999,54,423,6,2026-06-09,absent_excused,0,13,Ota-ona xabar berdi
4000,54,424,6,2026-06-11,present,0,13,
4001,54,425,6,2026-06-13,present,0,13,
4002,54,426,6,2026-06-16,present,0,13,
4003,54,427,6,2026-06-18,present,0,13,
4004,54,428,6,2026-06-20,present,0,13,
4005,54,429,6,2026-06-23,present,0,13,
4006,54,430,6,2026-06-25,present,0,13,
4007,54,431,6,2026-06-27,present,0,13,
4008,54,432,6,2026-06-30,present,0,13,
4009,54,433,6,2026-07-02,present,0,13,
4010,54,434,6,2026-07-04,present,0,13,
4011,54,435,6,2026-07-07,present,0,13,
4012,54,436,6,2026-07-09,present,0,13,
4013,54,437,6,2026-07-11,present,0,13,
4014,54,438,6,2026-07-14,late,22,13,
4015,54,439,6,2026-07-16,present,0,13,
4016,54,440,6,2026-07-18,present,0,13,
4017,54,441,6,2026-07-21,present,0,13,
4018,54,442,6,2026-07-23,present,0,13,
4019,54,443,6,2026-07-25,present,0,13,
4020,54,444,6,2026-07-28,present,0,13,
4021,54,445,6,2026-07-30,present,0,13,
4022,55,374,6,2026-02-10,present,0,13,
4023,55,375,6,2026-02-12,absent_excused,0,13,Ota-ona xabar berdi
4024,55,376,6,2026-02-14,present,0,13,
4025,55,377,6,2026-02-17,absent_unexcused,0,13,Sababsiz
4026,55,378,6,2026-02-19,present,0,13,
4027,55,379,6,2026-02-21,late,11,13,
4028,55,380,6,2026-02-24,late,16,13,
4029,55,381,6,2026-02-26,present,0,13,
4030,55,382,6,2026-02-28,present,0,13,
4031,55,383,6,2026-03-03,present,0,13,
4032,55,384,6,2026-03-05,present,0,13,
4033,55,385,6,2026-03-07,present,0,13,
4034,55,386,6,2026-03-10,present,0,13,
4035,55,387,6,2026-03-12,present,0,13,
4036,55,388,6,2026-03-14,present,0,13,
4037,55,389,6,2026-03-17,present,0,13,
4038,55,390,6,2026-03-19,present,0,13,
4039,55,391,6,2026-03-24,present,0,13,
4040,55,392,6,2026-03-26,present,0,13,
4041,55,393,6,2026-03-28,present,0,13,
4042,55,394,6,2026-03-31,present,0,13,
4043,55,395,6,2026-04-02,present,0,13,
4044,55,396,6,2026-04-04,absent_excused,0,13,Ota-ona xabar berdi
4045,55,397,6,2026-04-07,present,0,13,
4046,55,398,6,2026-04-09,present,0,13,
4047,55,399,6,2026-04-11,present,0,13,
4048,55,400,6,2026-04-14,present,0,13,
4049,55,401,6,2026-04-16,present,0,13,
4050,55,402,6,2026-04-18,present,0,13,
4051,55,403,6,2026-04-21,late,5,13,
4052,55,404,6,2026-04-23,present,0,13,
4053,55,405,6,2026-04-25,present,0,13,
4054,55,406,6,2026-04-28,absent_excused,0,13,Ota-ona xabar berdi
4055,55,407,6,2026-04-30,present,0,13,
4056,55,408,6,2026-05-02,absent_unexcused,0,13,Sababsiz
4057,55,409,6,2026-05-05,present,0,13,
4058,55,410,6,2026-05-07,absent_unexcused,0,13,Sababsiz
4059,55,411,6,2026-05-12,present,0,13,
4060,55,412,6,2026-05-14,present,0,13,
4061,55,413,6,2026-05-16,present,0,13,
4062,55,414,6,2026-05-19,present,0,13,
4063,55,415,6,2026-05-21,present,0,13,
4064,55,416,6,2026-05-23,present,0,13,
4065,55,417,6,2026-05-26,absent_excused,0,13,Ota-ona xabar berdi
4066,55,418,6,2026-05-28,present,0,13,
4067,55,419,6,2026-05-30,present,0,13,
4068,55,420,6,2026-06-02,present,0,13,
4069,55,421,6,2026-06-04,present,0,13,
4070,55,422,6,2026-06-06,present,0,13,
4071,55,423,6,2026-06-09,present,0,13,
4072,55,424,6,2026-06-11,present,0,13,
4073,55,425,6,2026-06-13,present,0,13,
4074,55,426,6,2026-06-16,late,21,13,
4075,55,427,6,2026-06-18,present,0,13,
4076,55,428,6,2026-06-20,present,0,13,
4077,55,429,6,2026-06-23,late,24,13,
4078,55,430,6,2026-06-25,present,0,13,
4079,55,431,6,2026-06-27,present,0,13,
4080,55,432,6,2026-06-30,present,0,13,
4081,55,433,6,2026-07-02,present,0,13,
4082,55,434,6,2026-07-04,present,0,13,
4083,55,435,6,2026-07-07,absent_unexcused,0,13,Sababsiz
4084,55,436,6,2026-07-09,present,0,13,
4085,55,437,6,2026-07-11,absent_excused,0,13,Ota-ona xabar berdi
4086,55,438,6,2026-07-14,present,0,13,
4087,55,439,6,2026-07-16,late,24,13,
4088,55,440,6,2026-07-18,present,0,13,
4089,55,441,6,2026-07-21,absent_unexcused,0,13,Sababsiz
4090,55,442,6,2026-07-23,present,0,13,
4091,55,443,6,2026-07-25,present,0,13,
4092,55,444,6,2026-07-28,present,0,13,
4093,55,445,6,2026-07-30,present,0,13,
4094,56,374,6,2026-02-10,absent_excused,0,13,Ota-ona xabar berdi
4095,56,375,6,2026-02-12,absent_excused,0,13,Ota-ona xabar berdi
4096,56,376,6,2026-02-14,present,0,13,
4097,56,377,6,2026-02-17,absent_excused,0,13,Ota-ona xabar berdi
4098,56,378,6,2026-02-19,present,0,13,
4099,56,379,6,2026-02-21,present,0,13,
4100,56,380,6,2026-02-24,present,0,13,
4101,56,381,6,2026-02-26,present,0,13,
4102,56,382,6,2026-02-28,late,19,13,
4103,56,383,6,2026-03-03,present,0,13,
4104,56,384,6,2026-03-05,present,0,13,
4105,56,385,6,2026-03-07,absent_unexcused,0,13,Sababsiz
4106,56,386,6,2026-03-10,present,0,13,
4107,56,387,6,2026-03-12,present,0,13,
4108,56,388,6,2026-03-14,present,0,13,
4109,56,389,6,2026-03-17,absent_unexcused,0,13,Sababsiz
4110,56,390,6,2026-03-19,absent_unexcused,0,13,Sababsiz
4111,56,391,6,2026-03-24,absent_excused,0,13,Ota-ona xabar berdi
4112,56,392,6,2026-03-26,present,0,13,
4113,56,393,6,2026-03-28,late,17,13,
4114,56,394,6,2026-03-31,absent_unexcused,0,13,Sababsiz
4115,56,395,6,2026-04-02,absent_excused,0,13,Ota-ona xabar berdi
4116,56,396,6,2026-04-04,present,0,13,
4117,56,397,6,2026-04-07,late,20,13,
4118,56,398,6,2026-04-09,present,0,13,
4119,56,399,6,2026-04-11,late,22,13,
4120,56,400,6,2026-04-14,late,15,13,
4121,56,401,6,2026-04-16,present,0,13,
4122,56,402,6,2026-04-18,present,0,13,
4123,56,403,6,2026-04-21,absent_excused,0,13,Ota-ona xabar berdi
4124,56,404,6,2026-04-23,present,0,13,
4125,56,405,6,2026-04-25,present,0,13,
4126,56,406,6,2026-04-28,absent_excused,0,13,Ota-ona xabar berdi
4127,56,407,6,2026-04-30,absent_excused,0,13,Ota-ona xabar berdi
4128,56,408,6,2026-05-02,present,0,13,
4129,56,409,6,2026-05-05,present,0,13,
4130,56,410,6,2026-05-07,present,0,13,
4131,56,411,6,2026-05-12,present,0,13,
4132,56,412,6,2026-05-14,late,5,13,
4133,56,413,6,2026-05-16,present,0,13,
4134,56,414,6,2026-05-19,absent_unexcused,0,13,Sababsiz
4135,56,415,6,2026-05-21,late,7,13,
4136,56,416,6,2026-05-23,present,0,13,
4137,56,417,6,2026-05-26,late,5,13,
4138,56,418,6,2026-05-28,present,0,13,
4139,56,419,6,2026-05-30,late,6,13,
4140,56,420,6,2026-06-02,absent_excused,0,13,Ota-ona xabar berdi
4141,56,421,6,2026-06-04,present,0,13,
4142,56,422,6,2026-06-06,present,0,13,
4143,56,423,6,2026-06-09,present,0,13,
4144,56,424,6,2026-06-11,present,0,13,
4145,56,425,6,2026-06-13,absent_unexcused,0,13,Sababsiz
4146,56,426,6,2026-06-16,present,0,13,
4147,56,427,6,2026-06-18,present,0,13,
4148,56,428,6,2026-06-20,absent_excused,0,13,Ota-ona xabar berdi
4149,56,429,6,2026-06-23,absent_unexcused,0,13,Sababsiz
4150,56,430,6,2026-06-25,present,0,13,
4151,56,431,6,2026-06-27,present,0,13,
4152,56,432,6,2026-06-30,present,0,13,
4153,56,433,6,2026-07-02,present,0,13,
4154,56,434,6,2026-07-04,absent_excused,0,13,Ota-ona xabar berdi
4155,56,435,6,2026-07-07,present,0,13,
4156,56,436,6,2026-07-09,present,0,13,
4157,56,437,6,2026-07-11,present,0,13,
4158,56,438,6,2026-07-14,present,0,13,
4159,56,439,6,2026-07-16,late,23,13,
4160,56,440,6,2026-07-18,absent_unexcused,0,13,Sababsiz
4161,56,441,6,2026-07-21,late,8,13,
4162,56,442,6,2026-07-23,absent_unexcused,0,13,Sababsiz
4163,56,443,6,2026-07-25,absent_unexcused,0,13,Sababsiz
4164,56,444,6,2026-07-28,absent_unexcused,0,13,Sababsiz
4165,56,445,6,2026-07-30,present,0,13,
4166,57,374,6,2026-02-10,present,0,13,
4167,57,375,6,2026-02-12,present,0,13,
4168,57,376,6,2026-02-14,present,0,13,
4169,57,377,6,2026-02-17,present,0,13,
4170,57,378,6,2026-02-19,present,0,13,
4171,57,379,6,2026-02-21,present,0,13,
4172,57,380,6,2026-02-24,present,0,13,
4173,57,381,6,2026-02-26,present,0,13,
4174,57,382,6,2026-02-28,present,0,13,
4175,57,383,6,2026-03-03,present,0,13,
4176,57,384,6,2026-03-05,present,0,13,
4177,57,385,6,2026-03-07,present,0,13,
4178,57,386,6,2026-03-10,present,0,13,
4179,57,387,6,2026-03-12,present,0,13,
4180,57,388,6,2026-03-14,late,13,13,
4181,57,389,6,2026-03-17,present,0,13,
4182,57,390,6,2026-03-19,present,0,13,
4183,57,391,6,2026-03-24,present,0,13,
4184,57,392,6,2026-03-26,present,0,13,
4185,57,393,6,2026-03-28,present,0,13,
4186,57,394,6,2026-03-31,present,0,13,
4187,57,395,6,2026-04-02,present,0,13,
4188,57,396,6,2026-04-04,present,0,13,
4189,57,397,6,2026-04-07,present,0,13,
4190,57,398,6,2026-04-09,present,0,13,
4191,57,399,6,2026-04-11,present,0,13,
4192,57,400,6,2026-04-14,present,0,13,
4193,57,401,6,2026-04-16,present,0,13,
4194,57,402,6,2026-04-18,present,0,13,
4195,57,403,6,2026-04-21,present,0,13,
4196,57,404,6,2026-04-23,present,0,13,
4197,57,405,6,2026-04-25,present,0,13,
4198,57,406,6,2026-04-28,present,0,13,
4199,57,407,6,2026-04-30,present,0,13,
4200,57,408,6,2026-05-02,present,0,13,
4201,57,409,6,2026-05-05,present,0,13,
4202,57,410,6,2026-05-07,present,0,13,
4203,57,411,6,2026-05-12,present,0,13,
4204,57,412,6,2026-05-14,present,0,13,
4205,57,413,6,2026-05-16,present,0,13,
4206,57,414,6,2026-05-19,present,0,13,
4207,57,415,6,2026-05-21,present,0,13,
4208,57,416,6,2026-05-23,present,0,13,
4209,57,417,6,2026-05-26,present,0,13,
4210,57,418,6,2026-05-28,present,0,13,
4211,57,419,6,2026-05-30,present,0,13,
4212,57,420,6,2026-06-02,present,0,13,
4213,57,421,6,2026-06-04,present,0,13,
4214,57,422,6,2026-06-06,present,0,13,
4215,57,423,6,2026-06-09,present,0,13,
4216,57,424,6,2026-06-11,present,0,13,
4217,57,425,6,2026-06-13,present,0,13,
4218,57,426,6,2026-06-16,present,0,13,
4219,57,427,6,2026-06-18,present,0,13,
4220,57,428,6,2026-06-20,present,0,13,
4221,57,429,6,2026-06-23,present,0,13,
4222,57,430,6,2026-06-25,present,0,13,
4223,57,431,6,2026-06-27,present,0,13,
4224,57,432,6,2026-06-30,present,0,13,
4225,57,433,6,2026-07-02,absent_excused,0,13,Ota-ona xabar berdi
4226,57,434,6,2026-07-04,present,0,13,
4227,57,435,6,2026-07-07,present,0,13,
4228,57,436,6,2026-07-09,present,0,13,
4229,57,437,6,2026-07-11,present,0,13,
4230,57,438,6,2026-07-14,present,0,13,
4231,57,439,6,2026-07-16,present,0,13,
4232,57,440,6,2026-07-18,present,0,13,
4233,57,441,6,2026-07-21,present,0,13,
4234,57,442,6,2026-07-23,present,0,13,
4235,57,443,6,2026-07-25,absent_unexcused,0,13,Sababsiz
4236,57,444,6,2026-07-28,present,0,13,
4237,57,445,6,2026-07-30,present,0,13,
4238,58,374,6,2026-02-10,present,0,13,
4239,58,375,6,2026-02-12,present,0,13,
4240,58,376,6,2026-02-14,present,0,13,
4241,58,377,6,2026-02-17,present,0,13,
4242,58,378,6,2026-02-19,present,0,13,
4243,58,379,6,2026-02-21,present,0,13,
4244,58,380,6,2026-02-24,present,0,13,
4245,58,381,6,2026-02-26,present,0,13,
4246,58,382,6,2026-02-28,present,0,13,
4247,58,383,6,2026-03-03,present,0,13,
4248,58,384,6,2026-03-05,present,0,13,
4249,58,385,6,2026-03-07,absent_unexcused,0,13,Sababsiz
4250,58,386,6,2026-03-10,present,0,13,
4251,58,387,6,2026-03-12,present,0,13,
4252,58,388,6,2026-03-14,present,0,13,
4253,58,389,6,2026-03-17,late,14,13,
4254,58,390,6,2026-03-19,present,0,13,
4255,58,391,6,2026-03-24,present,0,13,
4256,58,392,6,2026-03-26,present,0,13,
4257,58,393,6,2026-03-28,present,0,13,
4258,58,394,6,2026-03-31,present,0,13,
4259,58,395,6,2026-04-02,present,0,13,
4260,58,396,6,2026-04-04,present,0,13,
4261,58,397,6,2026-04-07,present,0,13,
4262,58,398,6,2026-04-09,absent_excused,0,13,Ota-ona xabar berdi
4263,58,399,6,2026-04-11,present,0,13,
4264,58,400,6,2026-04-14,present,0,13,
4265,58,401,6,2026-04-16,late,10,13,
4266,58,402,6,2026-04-18,present,0,13,
4267,58,403,6,2026-04-21,present,0,13,
4268,58,404,6,2026-04-23,present,0,13,
4269,58,405,6,2026-04-25,present,0,13,
4270,58,406,6,2026-04-28,present,0,13,
4271,58,407,6,2026-04-30,present,0,13,
4272,58,408,6,2026-05-02,late,22,13,
4273,58,409,6,2026-05-05,present,0,13,
4274,58,410,6,2026-05-07,present,0,13,
4275,58,411,6,2026-05-12,present,0,13,
4276,58,412,6,2026-05-14,present,0,13,
4277,58,413,6,2026-05-16,present,0,13,
4278,58,414,6,2026-05-19,present,0,13,
4279,58,415,6,2026-05-21,present,0,13,
4280,58,416,6,2026-05-23,present,0,13,
4281,58,417,6,2026-05-26,present,0,13,
4282,58,418,6,2026-05-28,present,0,13,
4283,58,419,6,2026-05-30,present,0,13,
4284,58,420,6,2026-06-02,present,0,13,
4285,58,421,6,2026-06-04,present,0,13,
4286,58,422,6,2026-06-06,present,0,13,
4287,58,423,6,2026-06-09,present,0,13,
4288,58,424,6,2026-06-11,present,0,13,
4289,58,425,6,2026-06-13,present,0,13,
4290,58,426,6,2026-06-16,present,0,13,
4291,58,427,6,2026-06-18,present,0,13,
4292,58,428,6,2026-06-20,present,0,13,
4293,58,429,6,2026-06-23,late,17,13,
4294,58,430,6,2026-06-25,present,0,13,
4295,58,431,6,2026-06-27,present,0,13,
4296,58,432,6,2026-06-30,present,0,13,
4297,58,433,6,2026-07-02,present,0,13,
4298,58,434,6,2026-07-04,present,0,13,
4299,58,435,6,2026-07-07,present,0,13,
4300,58,436,6,2026-07-09,present,0,13,
4301,58,437,6,2026-07-11,present,0,13,
4302,58,438,6,2026-07-14,present,0,13,
4303,58,439,6,2026-07-16,present,0,13,
4304,58,440,6,2026-07-18,present,0,13,
4305,58,441,6,2026-07-21,present,0,13,
4306,58,442,6,2026-07-23,present,0,13,
4307,58,443,6,2026-07-25,present,0,13,
4308,58,444,6,2026-07-28,present,0,13,
4309,58,445,6,2026-07-30,present,0,13,
4310,59,374,6,2026-02-10,absent_unexcused,0,13,Sababsiz
4311,59,375,6,2026-02-12,absent_unexcused,0,13,Sababsiz
4312,59,376,6,2026-02-14,present,0,13,
4313,59,377,6,2026-02-17,absent_excused,0,13,Ota-ona xabar berdi
4314,59,378,6,2026-02-19,late,18,13,
4315,59,379,6,2026-02-21,present,0,13,
4316,59,380,6,2026-02-24,late,12,13,
4317,59,381,6,2026-02-26,present,0,13,
4318,59,382,6,2026-02-28,present,0,13,
4319,59,383,6,2026-03-03,present,0,13,
4320,59,384,6,2026-03-05,present,0,13,
4321,59,385,6,2026-03-07,present,0,13,
4322,59,386,6,2026-03-10,present,0,13,
4323,59,387,6,2026-03-12,present,0,13,
4324,59,388,6,2026-03-14,present,0,13,
4325,59,389,6,2026-03-17,present,0,13,
4326,59,390,6,2026-03-19,late,12,13,
4327,59,391,6,2026-03-24,present,0,13,
4328,59,392,6,2026-03-26,late,7,13,
4329,59,393,6,2026-03-28,present,0,13,
4330,59,394,6,2026-03-31,present,0,13,
4331,59,395,6,2026-04-02,present,0,13,
4332,59,396,6,2026-04-04,present,0,13,
4333,59,397,6,2026-04-07,present,0,13,
4334,59,398,6,2026-04-09,present,0,13,
4335,59,399,6,2026-04-11,absent_unexcused,0,13,Sababsiz
4336,59,400,6,2026-04-14,present,0,13,
4337,59,401,6,2026-04-16,present,0,13,
4338,59,402,6,2026-04-18,present,0,13,
4339,59,403,6,2026-04-21,absent_excused,0,13,Ota-ona xabar berdi
4340,59,404,6,2026-04-23,absent_unexcused,0,13,Sababsiz
4341,59,405,6,2026-04-25,absent_excused,0,13,Ota-ona xabar berdi
4342,59,406,6,2026-04-28,present,0,13,
4343,59,407,6,2026-04-30,absent_excused,0,13,Ota-ona xabar berdi
4344,59,408,6,2026-05-02,late,15,13,
4345,59,409,6,2026-05-05,late,23,13,
4346,59,410,6,2026-05-07,present,0,13,
4347,59,411,6,2026-05-12,absent_excused,0,13,Ota-ona xabar berdi
4348,59,412,6,2026-05-14,late,22,13,
4349,59,413,6,2026-05-16,late,10,13,
4350,59,414,6,2026-05-19,absent_excused,0,13,Ota-ona xabar berdi
4351,59,415,6,2026-05-21,present,0,13,
4352,59,416,6,2026-05-23,present,0,13,
4353,59,417,6,2026-05-26,present,0,13,
4354,59,418,6,2026-05-28,absent_excused,0,13,Ota-ona xabar berdi
4355,59,419,6,2026-05-30,late,6,13,
4356,59,420,6,2026-06-02,present,0,13,
4357,59,421,6,2026-06-04,absent_unexcused,0,13,Sababsiz
4358,59,422,6,2026-06-06,present,0,13,
4359,59,423,6,2026-06-09,absent_excused,0,13,Ota-ona xabar berdi
4360,59,424,6,2026-06-11,late,12,13,
4361,59,425,6,2026-06-13,present,0,13,
4362,59,426,6,2026-06-16,present,0,13,
4363,59,427,6,2026-06-18,present,0,13,
4364,59,428,6,2026-06-20,present,0,13,
4365,59,429,6,2026-06-23,absent_excused,0,13,Ota-ona xabar berdi
4366,59,430,6,2026-06-25,absent_unexcused,0,13,Sababsiz
4367,59,431,6,2026-06-27,late,22,13,
4368,59,432,6,2026-06-30,present,0,13,
4369,59,433,6,2026-07-02,late,8,13,
4370,59,434,6,2026-07-04,present,0,13,
4371,59,435,6,2026-07-07,present,0,13,
4372,59,436,6,2026-07-09,present,0,13,
4373,59,437,6,2026-07-11,present,0,13,
4374,59,438,6,2026-07-14,present,0,13,
4375,59,439,6,2026-07-16,present,0,13,
4376,59,440,6,2026-07-18,absent_unexcused,0,13,Sababsiz
4377,59,441,6,2026-07-21,late,20,13,
4378,59,442,6,2026-07-23,present,0,13,
4379,59,443,6,2026-07-25,present,0,13,
4380,59,444,6,2026-07-28,late,16,13,
4381,59,445,6,2026-07-30,absent_unexcused,0,13,Sababsiz
4382,60,374,6,2026-02-10,present,0,13,
4383,60,375,6,2026-02-12,present,0,13,
4384,60,376,6,2026-02-14,late,22,13,
4385,60,377,6,2026-02-17,present,0,13,
4386,60,378,6,2026-02-19,late,7,13,
4387,60,379,6,2026-02-21,late,17,13,
4388,60,380,6,2026-02-24,present,0,13,
4389,60,381,6,2026-02-26,absent_excused,0,13,Ota-ona xabar berdi
4390,60,382,6,2026-02-28,present,0,13,
4391,60,383,6,2026-03-03,present,0,13,
4392,60,384,6,2026-03-05,present,0,13,
4393,60,385,6,2026-03-07,present,0,13,
4394,60,386,6,2026-03-10,present,0,13,
4395,60,387,6,2026-03-12,present,0,13,
4396,60,388,6,2026-03-14,present,0,13,
4397,60,389,6,2026-03-17,present,0,13,
4398,60,390,6,2026-03-19,absent_unexcused,0,13,Sababsiz
4399,60,391,6,2026-03-24,present,0,13,
4400,60,392,6,2026-03-26,present,0,13,
4401,60,393,6,2026-03-28,present,0,13,
4402,60,394,6,2026-03-31,present,0,13,
4403,60,395,6,2026-04-02,present,0,13,
4404,60,396,6,2026-04-04,present,0,13,
4405,60,397,6,2026-04-07,present,0,13,
4406,60,398,6,2026-04-09,late,5,13,
4407,60,399,6,2026-04-11,present,0,13,
4408,60,400,6,2026-04-14,absent_unexcused,0,13,Sababsiz
4409,60,401,6,2026-04-16,present,0,13,
4410,60,402,6,2026-04-18,present,0,13,
4411,60,403,6,2026-04-21,late,17,13,
4412,60,404,6,2026-04-23,present,0,13,
4413,60,405,6,2026-04-25,absent_excused,0,13,Ota-ona xabar berdi
4414,60,406,6,2026-04-28,present,0,13,
4415,60,407,6,2026-04-30,present,0,13,
4416,60,408,6,2026-05-02,present,0,13,
4417,60,409,6,2026-05-05,absent_excused,0,13,Ota-ona xabar berdi
4418,60,410,6,2026-05-07,present,0,13,
4419,60,411,6,2026-05-12,present,0,13,
4420,60,412,6,2026-05-14,present,0,13,
4421,60,413,6,2026-05-16,present,0,13,
4422,60,414,6,2026-05-19,present,0,13,
4423,60,415,6,2026-05-21,present,0,13,
4424,60,416,6,2026-05-23,present,0,13,
4425,60,417,6,2026-05-26,present,0,13,
4426,60,418,6,2026-05-28,present,0,13,
4427,60,419,6,2026-05-30,present,0,13,
4428,60,420,6,2026-06-02,present,0,13,
4429,60,421,6,2026-06-04,present,0,13,
4430,60,422,6,2026-06-06,present,0,13,
4431,60,423,6,2026-06-09,present,0,13,
4432,60,424,6,2026-06-11,present,0,13,
4433,60,425,6,2026-06-13,present,0,13,
4434,60,426,6,2026-06-16,present,0,13,
4435,60,427,6,2026-06-18,present,0,13,
4436,60,428,6,2026-06-20,present,0,13,
4437,60,429,6,2026-06-23,present,0,13,
4438,60,430,6,2026-06-25,present,0,13,
4439,60,431,6,2026-06-27,absent_excused,0,13,Ota-ona xabar berdi
4440,60,432,6,2026-06-30,present,0,13,
4441,60,433,6,2026-07-02,present,0,13,
4442,60,434,6,2026-07-04,present,0,13,
4443,60,435,6,2026-07-07,present,0,13,
4444,60,436,6,2026-07-09,present,0,13,
4445,60,437,6,2026-07-11,present,0,13,
4446,60,438,6,2026-07-14,absent_unexcused,0,13,Sababsiz
4447,60,439,6,2026-07-16,present,0,13,
4448,60,440,6,2026-07-18,present,0,13,
4449,60,441,6,2026-07-21,absent_excused,0,13,Ota-ona xabar berdi
4450,60,442,6,2026-07-23,present,0,13,
4451,60,443,6,2026-07-25,absent_unexcused,0,13,Sababsiz
4452,60,444,6,2026-07-28,present,0,13,
4453,60,445,6,2026-07-30,present,0,13,
4454,61,374,6,2026-02-10,present,0,13,
4455,61,375,6,2026-02-12,present,0,13,
4456,61,376,6,2026-02-14,absent_unexcused,0,13,Sababsiz
4457,61,377,6,2026-02-17,present,0,13,
4458,61,378,6,2026-02-19,present,0,13,
4459,61,379,6,2026-02-21,absent_excused,0,13,Ota-ona xabar berdi
4460,61,380,6,2026-02-24,present,0,13,
4461,61,381,6,2026-02-26,present,0,13,
4462,61,382,6,2026-02-28,present,0,13,
4463,61,383,6,2026-03-03,present,0,13,
4464,61,384,6,2026-03-05,absent_unexcused,0,13,Sababsiz
4465,61,385,6,2026-03-07,present,0,13,
4466,61,386,6,2026-03-10,present,0,13,
4467,61,387,6,2026-03-12,present,0,13,
4468,61,388,6,2026-03-14,late,20,13,
4469,61,389,6,2026-03-17,present,0,13,
4470,61,390,6,2026-03-19,present,0,13,
4471,61,391,6,2026-03-24,absent_excused,0,13,Ota-ona xabar berdi
4472,61,392,6,2026-03-26,late,8,13,
4473,61,393,6,2026-03-28,present,0,13,
4474,61,394,6,2026-03-31,present,0,13,
4475,61,395,6,2026-04-02,absent_unexcused,0,13,Sababsiz
4476,61,396,6,2026-04-04,present,0,13,
4477,61,397,6,2026-04-07,late,24,13,
4478,61,398,6,2026-04-09,present,0,13,
4479,61,399,6,2026-04-11,late,5,13,
4480,61,400,6,2026-04-14,absent_excused,0,13,Ota-ona xabar berdi
4481,61,401,6,2026-04-16,present,0,13,
4482,61,402,6,2026-04-18,absent_excused,0,13,Ota-ona xabar berdi
4483,61,403,6,2026-04-21,present,0,13,
4484,61,404,6,2026-04-23,present,0,13,
4485,61,405,6,2026-04-25,present,0,13,
4486,61,406,6,2026-04-28,present,0,13,
4487,61,407,6,2026-04-30,present,0,13,
4488,61,408,6,2026-05-02,absent_excused,0,13,Ota-ona xabar berdi
4489,61,409,6,2026-05-05,absent_unexcused,0,13,Sababsiz
4490,61,410,6,2026-05-07,present,0,13,
4491,61,411,6,2026-05-12,present,0,13,
4492,61,412,6,2026-05-14,present,0,13,
4493,61,413,6,2026-05-16,absent_unexcused,0,13,Sababsiz
4494,61,414,6,2026-05-19,present,0,13,
4495,61,415,6,2026-05-21,late,7,13,
4496,61,416,6,2026-05-23,present,0,13,
4497,61,417,6,2026-05-26,present,0,13,
4498,61,418,6,2026-05-28,present,0,13,
4499,61,419,6,2026-05-30,present,0,13,
4500,61,420,6,2026-06-02,present,0,13,
4501,61,421,6,2026-06-04,absent_excused,0,13,Ota-ona xabar berdi
4502,61,422,6,2026-06-06,present,0,13,
4503,61,423,6,2026-06-09,present,0,13,
4504,61,424,6,2026-06-11,absent_unexcused,0,13,Sababsiz
4505,61,425,6,2026-06-13,present,0,13,
4506,61,426,6,2026-06-16,present,0,13,
4507,61,427,6,2026-06-18,present,0,13,
4508,61,428,6,2026-06-20,present,0,13,
4509,61,429,6,2026-06-23,absent_unexcused,0,13,Sababsiz
4510,61,430,6,2026-06-25,present,0,13,
4511,61,431,6,2026-06-27,present,0,13,
4512,61,432,6,2026-06-30,present,0,13,
4513,61,433,6,2026-07-02,late,5,13,
4514,61,434,6,2026-07-04,present,0,13,
4515,61,435,6,2026-07-07,present,0,13,
4516,61,436,6,2026-07-09,late,25,13,
4517,61,437,6,2026-07-11,present,0,13,
4518,61,438,6,2026-07-14,present,0,13,
4519,61,439,6,2026-07-16,present,0,13,
4520,61,440,6,2026-07-18,present,0,13,
4521,61,441,6,2026-07-21,present,0,13,
4522,61,442,6,2026-07-23,present,0,13,
4523,61,443,6,2026-07-25,present,0,13,
4524,61,444,6,2026-07-28,present,0,13,
4525,61,445,6,2026-07-30,present,0,13,
4526,62,374,6,2026-02-10,present,0,13,
4527,62,375,6,2026-02-12,present,0,13,
4528,62,376,6,2026-02-14,present,0,13,
4529,62,377,6,2026-02-17,present,0,13,
4530,62,378,6,2026-02-19,present,0,13,
4531,62,379,6,2026-02-21,present,0,13,
4532,62,380,6,2026-02-24,present,0,13,
4533,62,381,6,2026-02-26,present,0,13,
4534,62,382,6,2026-02-28,present,0,13,
4535,62,383,6,2026-03-03,present,0,13,
4536,62,384,6,2026-03-05,present,0,13,
4537,62,385,6,2026-03-07,late,10,13,
4538,62,386,6,2026-03-10,late,11,13,
4539,62,387,6,2026-03-12,present,0,13,
4540,62,388,6,2026-03-14,absent_unexcused,0,13,Sababsiz
4541,62,389,6,2026-03-17,present,0,13,
4542,62,390,6,2026-03-19,present,0,13,
4543,62,391,6,2026-03-24,present,0,13,
4544,62,392,6,2026-03-26,present,0,13,
4545,62,393,6,2026-03-28,present,0,13,
4546,62,394,6,2026-03-31,present,0,13,
4547,62,395,6,2026-04-02,present,0,13,
4548,62,396,6,2026-04-04,late,13,13,
4549,62,397,6,2026-04-07,present,0,13,
4550,62,398,6,2026-04-09,present,0,13,
4551,62,399,6,2026-04-11,present,0,13,
4552,62,400,6,2026-04-14,present,0,13,
4553,62,401,6,2026-04-16,present,0,13,
4554,62,402,6,2026-04-18,present,0,13,
4555,62,403,6,2026-04-21,present,0,13,
4556,62,404,6,2026-04-23,present,0,13,
4557,62,405,6,2026-04-25,present,0,13,
4558,62,406,6,2026-04-28,present,0,13,
4559,62,407,6,2026-04-30,present,0,13,
4560,62,408,6,2026-05-02,present,0,13,
4561,62,409,6,2026-05-05,present,0,13,
4562,62,410,6,2026-05-07,present,0,13,
4563,62,411,6,2026-05-12,present,0,13,
4564,62,412,6,2026-05-14,present,0,13,
4565,62,413,6,2026-05-16,present,0,13,
4566,62,414,6,2026-05-19,present,0,13,
4567,62,415,6,2026-05-21,absent_excused,0,13,Ota-ona xabar berdi
4568,62,416,6,2026-05-23,present,0,13,
4569,62,417,6,2026-05-26,present,0,13,
4570,62,418,6,2026-05-28,present,0,13,
4571,62,419,6,2026-05-30,present,0,13,
4572,62,420,6,2026-06-02,present,0,13,
4573,62,421,6,2026-06-04,present,0,13,
4574,62,422,6,2026-06-06,present,0,13,
4575,62,423,6,2026-06-09,present,0,13,
4576,62,424,6,2026-06-11,present,0,13,
4577,62,425,6,2026-06-13,present,0,13,
4578,62,426,6,2026-06-16,present,0,13,
4579,62,427,6,2026-06-18,present,0,13,
4580,62,428,6,2026-06-20,present,0,13,
4581,62,429,6,2026-06-23,present,0,13,
4582,62,430,6,2026-06-25,present,0,13,
4583,62,431,6,2026-06-27,present,0,13,
4584,62,432,6,2026-06-30,present,0,13,
4585,62,433,6,2026-07-02,present,0,13,
4586,62,434,6,2026-07-04,present,0,13,
4587,62,435,6,2026-07-07,present,0,13,
4588,62,436,6,2026-07-09,present,0,13,
4589,62,437,6,2026-07-11,present,0,13,
4590,62,438,6,2026-07-14,present,0,13,
4591,62,439,6,2026-07-16,present,0,13,
4592,62,440,6,2026-07-18,present,0,13,
4593,62,441,6,2026-07-21,present,0,13,
4594,62,442,6,2026-07-23,late,21,13,
4595,62,443,6,2026-07-25,present,0,13,
4596,62,444,6,2026-07-28,present,0,13,
4597,62,445,6,2026-07-30,present,0,13,
4598,63,374,6,2026-02-10,present,0,13,
4599,63,375,6,2026-02-12,present,0,13,
4600,63,376,6,2026-02-14,present,0,13,
4601,63,377,6,2026-02-17,late,13,13,
4602,63,378,6,2026-02-19,present,0,13,
4603,63,379,6,2026-02-21,late,23,13,
4604,63,380,6,2026-02-24,present,0,13,
4605,63,381,6,2026-02-26,present,0,13,
4606,63,382,6,2026-02-28,present,0,13,
4607,63,383,6,2026-03-03,present,0,13,
4608,63,384,6,2026-03-05,late,20,13,
4609,63,385,6,2026-03-07,present,0,13,
4610,63,386,6,2026-03-10,late,15,13,
4611,63,387,6,2026-03-12,present,0,13,
4612,63,388,6,2026-03-14,present,0,13,
4613,63,389,6,2026-03-17,present,0,13,
4614,63,390,6,2026-03-19,absent_unexcused,0,13,Sababsiz
4615,63,391,6,2026-03-24,present,0,13,
4616,63,392,6,2026-03-26,absent_unexcused,0,13,Sababsiz
4617,63,393,6,2026-03-28,present,0,13,
4618,63,394,6,2026-03-31,present,0,13,
4619,63,395,6,2026-04-02,present,0,13,
4620,63,396,6,2026-04-04,absent_unexcused,0,13,Sababsiz
4621,63,397,6,2026-04-07,present,0,13,
4622,63,398,6,2026-04-09,present,0,13,
4623,63,399,6,2026-04-11,present,0,13,
4624,63,400,6,2026-04-14,present,0,13,
4625,63,401,6,2026-04-16,present,0,13,
4626,63,402,6,2026-04-18,late,7,13,
4627,63,403,6,2026-04-21,present,0,13,
4628,63,404,6,2026-04-23,absent_excused,0,13,Ota-ona xabar berdi
4629,63,405,6,2026-04-25,present,0,13,
4630,63,406,6,2026-04-28,present,0,13,
4631,63,407,6,2026-04-30,present,0,13,
4632,63,408,6,2026-05-02,absent_unexcused,0,13,Sababsiz
4633,63,409,6,2026-05-05,present,0,13,
4634,63,410,6,2026-05-07,present,0,13,
4635,63,411,6,2026-05-12,late,24,13,
4636,63,412,6,2026-05-14,absent_excused,0,13,Ota-ona xabar berdi
4637,63,413,6,2026-05-16,present,0,13,
4638,63,414,6,2026-05-19,late,19,13,
4639,63,415,6,2026-05-21,present,0,13,
4640,63,416,6,2026-05-23,present,0,13,
4641,63,417,6,2026-05-26,present,0,13,
4642,63,418,6,2026-05-28,present,0,13,
4643,63,419,6,2026-05-30,present,0,13,
4644,63,420,6,2026-06-02,present,0,13,
4645,63,421,6,2026-06-04,present,0,13,
4646,63,422,6,2026-06-06,late,21,13,
4647,63,423,6,2026-06-09,present,0,13,
4648,63,424,6,2026-06-11,present,0,13,
4649,63,425,6,2026-06-13,late,13,13,
4650,63,426,6,2026-06-16,present,0,13,
4651,63,427,6,2026-06-18,present,0,13,
4652,63,428,6,2026-06-20,absent_unexcused,0,13,Sababsiz
4653,63,429,6,2026-06-23,present,0,13,
4654,63,430,6,2026-06-25,present,0,13,
4655,63,431,6,2026-06-27,present,0,13,
4656,63,432,6,2026-06-30,absent_unexcused,0,13,Sababsiz
4657,63,433,6,2026-07-02,present,0,13,
4658,63,434,6,2026-07-04,present,0,13,
4659,63,435,6,2026-07-07,present,0,13,
4660,63,436,6,2026-07-09,present,0,13,
4661,63,437,6,2026-07-11,present,0,13,
4662,63,438,6,2026-07-14,present,0,13,
4663,63,439,6,2026-07-16,absent_excused,0,13,Ota-ona xabar berdi
4664,63,440,6,2026-07-18,present,0,13,
4665,63,441,6,2026-07-21,absent_unexcused,0,13,Sababsiz
4666,63,442,6,2026-07-23,late,24,13,
4667,63,443,6,2026-07-25,absent_excused,0,13,Ota-ona xabar berdi
4668,63,444,6,2026-07-28,late,9,13,
4669,63,445,6,2026-07-30,absent_excused,0,13,Ota-ona xabar berdi
4670,64,446,7,2026-02-09,present,0,5,
4671,64,447,7,2026-02-11,present,0,5,
4672,64,448,7,2026-02-13,present,0,5,
4673,64,449,7,2026-02-16,present,0,5,
4674,64,450,7,2026-02-18,present,0,5,
4675,64,451,7,2026-02-20,present,0,5,
4676,64,452,7,2026-02-23,late,6,5,
4677,64,453,7,2026-02-25,present,0,5,
4678,64,454,7,2026-02-27,present,0,5,
4679,64,455,7,2026-03-02,present,0,5,
4680,64,456,7,2026-03-04,present,0,5,
4681,64,457,7,2026-03-06,present,0,5,
4682,64,458,7,2026-03-09,present,0,5,
4683,64,459,7,2026-03-11,present,0,5,
4684,64,460,7,2026-03-13,present,0,5,
4685,64,461,7,2026-03-16,present,0,5,
4686,64,462,7,2026-03-18,present,0,5,
4687,64,463,7,2026-03-25,present,0,5,
4688,64,464,7,2026-03-27,present,0,5,
4689,64,465,7,2026-03-30,present,0,5,
4690,64,466,7,2026-04-01,absent_unexcused,0,5,Sababsiz
4691,64,467,7,2026-04-03,present,0,5,
4692,64,468,7,2026-04-06,present,0,5,
4693,64,469,7,2026-04-08,present,0,5,
4694,64,470,7,2026-04-10,present,0,5,
4695,64,471,7,2026-04-13,present,0,5,
4696,64,472,7,2026-04-15,present,0,5,
4697,64,473,7,2026-04-17,late,25,5,
4698,64,474,7,2026-04-20,present,0,5,
4699,64,475,7,2026-04-22,present,0,5,
4700,64,476,7,2026-04-24,present,0,5,
4701,64,477,7,2026-04-27,present,0,5,
4702,64,478,7,2026-04-29,present,0,5,
4703,64,479,7,2026-05-01,present,0,5,
4704,64,480,7,2026-05-04,present,0,5,
4705,64,481,7,2026-05-06,absent_unexcused,0,5,Sababsiz
4706,64,482,7,2026-05-08,present,0,5,
4707,64,483,7,2026-05-11,late,9,5,
4708,64,484,7,2026-05-13,present,0,5,
4709,64,485,7,2026-05-15,present,0,5,
4710,64,486,7,2026-05-18,present,0,5,
4711,64,487,7,2026-05-20,present,0,5,
4712,64,488,7,2026-05-22,present,0,5,
4713,64,489,7,2026-05-25,present,0,5,
4714,64,490,7,2026-05-27,absent_unexcused,0,5,Sababsiz
4715,64,491,7,2026-05-29,present,0,5,
4716,64,492,7,2026-06-01,present,0,5,
4717,64,493,7,2026-06-03,absent_unexcused,0,5,Sababsiz
4718,64,494,7,2026-06-05,present,0,5,
4719,64,495,7,2026-06-08,present,0,5,
4720,64,496,7,2026-06-10,present,0,5,
4721,64,497,7,2026-06-12,present,0,5,
4722,64,498,7,2026-06-15,present,0,5,
4723,64,499,7,2026-06-17,present,0,5,
4724,64,500,7,2026-06-19,present,0,5,
4725,64,501,7,2026-06-22,absent_excused,0,5,Ota-ona xabar berdi
4726,64,502,7,2026-06-24,present,0,5,
4727,64,503,7,2026-06-26,present,0,5,
4728,64,504,7,2026-06-29,present,0,5,
4729,64,505,7,2026-07-01,absent_excused,0,5,Ota-ona xabar berdi
4730,64,506,7,2026-07-03,present,0,5,
4731,64,507,7,2026-07-06,present,0,5,
4732,64,508,7,2026-07-08,late,8,5,
4733,64,509,7,2026-07-10,present,0,5,
4734,64,510,7,2026-07-13,present,0,5,
4735,64,511,7,2026-07-15,present,0,5,
4736,64,512,7,2026-07-17,present,0,5,
4737,64,513,7,2026-07-20,present,0,5,
4738,64,514,7,2026-07-22,present,0,5,
4739,64,515,7,2026-07-24,present,0,5,
4740,64,516,7,2026-07-27,late,23,5,
4741,64,517,7,2026-07-29,present,0,5,
4742,64,518,7,2026-07-31,present,0,5,
4743,65,446,7,2026-02-09,present,0,5,
4744,65,447,7,2026-02-11,present,0,5,
4745,65,448,7,2026-02-13,present,0,5,
4746,65,449,7,2026-02-16,present,0,5,
4747,65,450,7,2026-02-18,present,0,5,
4748,65,451,7,2026-02-20,present,0,5,
4749,65,452,7,2026-02-23,present,0,5,
4750,65,453,7,2026-02-25,present,0,5,
4751,65,454,7,2026-02-27,present,0,5,
4752,65,455,7,2026-03-02,present,0,5,
4753,65,456,7,2026-03-04,present,0,5,
4754,65,457,7,2026-03-06,present,0,5,
4755,65,458,7,2026-03-09,present,0,5,
4756,65,459,7,2026-03-11,present,0,5,
4757,65,460,7,2026-03-13,present,0,5,
4758,65,461,7,2026-03-16,present,0,5,
4759,65,462,7,2026-03-18,present,0,5,
4760,65,463,7,2026-03-25,present,0,5,
4761,65,464,7,2026-03-27,present,0,5,
4762,65,465,7,2026-03-30,present,0,5,
4763,65,466,7,2026-04-01,present,0,5,
4764,65,467,7,2026-04-03,present,0,5,
4765,65,468,7,2026-04-06,present,0,5,
4766,65,469,7,2026-04-08,present,0,5,
4767,65,470,7,2026-04-10,present,0,5,
4768,65,471,7,2026-04-13,present,0,5,
4769,65,472,7,2026-04-15,present,0,5,
4770,65,473,7,2026-04-17,present,0,5,
4771,65,474,7,2026-04-20,present,0,5,
4772,65,475,7,2026-04-22,present,0,5,
4773,65,476,7,2026-04-24,present,0,5,
4774,65,477,7,2026-04-27,present,0,5,
4775,65,478,7,2026-04-29,present,0,5,
4776,65,479,7,2026-05-01,present,0,5,
4777,65,480,7,2026-05-04,present,0,5,
4778,65,481,7,2026-05-06,present,0,5,
4779,65,482,7,2026-05-08,present,0,5,
4780,65,483,7,2026-05-11,absent_excused,0,5,Ota-ona xabar berdi
4781,65,484,7,2026-05-13,present,0,5,
4782,65,485,7,2026-05-15,present,0,5,
4783,65,486,7,2026-05-18,absent_excused,0,5,Ota-ona xabar berdi
4784,65,487,7,2026-05-20,present,0,5,
4785,65,488,7,2026-05-22,present,0,5,
4786,65,489,7,2026-05-25,present,0,5,
4787,65,490,7,2026-05-27,present,0,5,
4788,65,491,7,2026-05-29,present,0,5,
4789,65,492,7,2026-06-01,present,0,5,
4790,65,493,7,2026-06-03,present,0,5,
4791,65,494,7,2026-06-05,present,0,5,
4792,65,495,7,2026-06-08,present,0,5,
4793,65,496,7,2026-06-10,present,0,5,
4794,65,497,7,2026-06-12,late,12,5,
4795,65,498,7,2026-06-15,present,0,5,
4796,65,499,7,2026-06-17,present,0,5,
4797,65,500,7,2026-06-19,present,0,5,
4798,65,501,7,2026-06-22,present,0,5,
4799,65,502,7,2026-06-24,present,0,5,
4800,65,503,7,2026-06-26,present,0,5,
4801,65,504,7,2026-06-29,present,0,5,
4802,65,505,7,2026-07-01,present,0,5,
4803,65,506,7,2026-07-03,present,0,5,
4804,65,507,7,2026-07-06,late,10,5,
4805,65,508,7,2026-07-08,present,0,5,
4806,65,509,7,2026-07-10,present,0,5,
4807,65,510,7,2026-07-13,present,0,5,
4808,65,511,7,2026-07-15,present,0,5,
4809,65,512,7,2026-07-17,present,0,5,
4810,65,513,7,2026-07-20,present,0,5,
4811,65,514,7,2026-07-22,present,0,5,
4812,65,515,7,2026-07-24,present,0,5,
4813,65,516,7,2026-07-27,present,0,5,
4814,65,517,7,2026-07-29,present,0,5,
4815,65,518,7,2026-07-31,present,0,5,
4816,66,446,7,2026-02-09,present,0,5,
4817,66,447,7,2026-02-11,present,0,5,
4818,66,448,7,2026-02-13,present,0,5,
4819,66,449,7,2026-02-16,present,0,5,
4820,66,450,7,2026-02-18,present,0,5,
4821,66,451,7,2026-02-20,present,0,5,
4822,66,452,7,2026-02-23,present,0,5,
4823,66,453,7,2026-02-25,present,0,5,
4824,66,454,7,2026-02-27,present,0,5,
4825,66,455,7,2026-03-02,present,0,5,
4826,66,456,7,2026-03-04,present,0,5,
4827,66,457,7,2026-03-06,present,0,5,
4828,66,458,7,2026-03-09,present,0,5,
4829,66,459,7,2026-03-11,late,15,5,
4830,66,460,7,2026-03-13,present,0,5,
4831,66,461,7,2026-03-16,present,0,5,
4832,66,462,7,2026-03-18,present,0,5,
4833,66,463,7,2026-03-25,present,0,5,
4834,66,464,7,2026-03-27,present,0,5,
4835,66,465,7,2026-03-30,present,0,5,
4836,66,466,7,2026-04-01,absent_unexcused,0,5,Sababsiz
4837,66,467,7,2026-04-03,absent_excused,0,5,Ota-ona xabar berdi
4838,66,468,7,2026-04-06,present,0,5,
4839,66,469,7,2026-04-08,present,0,5,
4840,66,470,7,2026-04-10,present,0,5,
4841,66,471,7,2026-04-13,present,0,5,
4842,66,472,7,2026-04-15,present,0,5,
4843,66,473,7,2026-04-17,present,0,5,
4844,66,474,7,2026-04-20,late,8,5,
4845,66,475,7,2026-04-22,present,0,5,
4846,66,476,7,2026-04-24,present,0,5,
4847,66,477,7,2026-04-27,absent_unexcused,0,5,Sababsiz
4848,66,478,7,2026-04-29,present,0,5,
4849,66,479,7,2026-05-01,present,0,5,
4850,66,480,7,2026-05-04,present,0,5,
4851,66,481,7,2026-05-06,present,0,5,
4852,66,482,7,2026-05-08,present,0,5,
4853,66,483,7,2026-05-11,present,0,5,
4854,66,484,7,2026-05-13,late,16,5,
4855,66,485,7,2026-05-15,present,0,5,
4856,66,486,7,2026-05-18,present,0,5,
4857,66,487,7,2026-05-20,present,0,5,
4858,66,488,7,2026-05-22,present,0,5,
4859,66,489,7,2026-05-25,late,9,5,
4860,66,490,7,2026-05-27,present,0,5,
4861,66,491,7,2026-05-29,present,0,5,
4862,66,492,7,2026-06-01,present,0,5,
4863,66,493,7,2026-06-03,present,0,5,
4864,66,494,7,2026-06-05,late,18,5,
4865,66,495,7,2026-06-08,present,0,5,
4866,66,496,7,2026-06-10,present,0,5,
4867,66,497,7,2026-06-12,late,10,5,
4868,66,498,7,2026-06-15,present,0,5,
4869,66,499,7,2026-06-17,absent_unexcused,0,5,Sababsiz
4870,66,500,7,2026-06-19,present,0,5,
4871,66,501,7,2026-06-22,present,0,5,
4872,66,502,7,2026-06-24,late,10,5,
4873,66,503,7,2026-06-26,late,8,5,
4874,66,504,7,2026-06-29,present,0,5,
4875,66,505,7,2026-07-01,present,0,5,
4876,66,506,7,2026-07-03,present,0,5,
4877,66,507,7,2026-07-06,present,0,5,
4878,66,508,7,2026-07-08,present,0,5,
4879,66,509,7,2026-07-10,present,0,5,
4880,66,510,7,2026-07-13,present,0,5,
4881,66,511,7,2026-07-15,absent_excused,0,5,Ota-ona xabar berdi
4882,66,512,7,2026-07-17,present,0,5,
4883,66,513,7,2026-07-20,present,0,5,
4884,66,514,7,2026-07-22,present,0,5,
4885,66,515,7,2026-07-24,present,0,5,
4886,66,516,7,2026-07-27,present,0,5,
4887,66,517,7,2026-07-29,present,0,5,
4888,66,518,7,2026-07-31,present,0,5,
4889,67,446,7,2026-02-09,present,0,5,
4890,67,447,7,2026-02-11,present,0,5,
4891,67,448,7,2026-02-13,present,0,5,
4892,67,449,7,2026-02-16,present,0,5,
4893,67,450,7,2026-02-18,present,0,5,
4894,67,451,7,2026-02-20,absent_excused,0,5,Ota-ona xabar berdi
4895,67,452,7,2026-02-23,present,0,5,
4896,67,453,7,2026-02-25,present,0,5,
4897,67,454,7,2026-02-27,present,0,5,
4898,67,455,7,2026-03-02,present,0,5,
4899,67,456,7,2026-03-04,present,0,5,
4900,67,457,7,2026-03-06,present,0,5,
4901,67,458,7,2026-03-09,present,0,5,
4902,67,459,7,2026-03-11,present,0,5,
4903,67,460,7,2026-03-13,present,0,5,
4904,67,461,7,2026-03-16,present,0,5,
4905,67,462,7,2026-03-18,present,0,5,
4906,67,463,7,2026-03-25,present,0,5,
4907,67,464,7,2026-03-27,late,21,5,
4908,67,465,7,2026-03-30,present,0,5,
4909,67,466,7,2026-04-01,present,0,5,
4910,67,467,7,2026-04-03,present,0,5,
4911,67,468,7,2026-04-06,present,0,5,
4912,67,469,7,2026-04-08,present,0,5,
4913,67,470,7,2026-04-10,present,0,5,
4914,67,471,7,2026-04-13,absent_unexcused,0,5,Sababsiz
4915,67,472,7,2026-04-15,present,0,5,
4916,67,473,7,2026-04-17,present,0,5,
4917,67,474,7,2026-04-20,present,0,5,
4918,67,475,7,2026-04-22,present,0,5,
4919,67,476,7,2026-04-24,present,0,5,
4920,67,477,7,2026-04-27,present,0,5,
4921,67,478,7,2026-04-29,present,0,5,
4922,67,479,7,2026-05-01,present,0,5,
4923,67,480,7,2026-05-04,present,0,5,
4924,67,481,7,2026-05-06,present,0,5,
4925,67,482,7,2026-05-08,present,0,5,
4926,67,483,7,2026-05-11,present,0,5,
4927,67,484,7,2026-05-13,present,0,5,
4928,67,485,7,2026-05-15,present,0,5,
4929,67,486,7,2026-05-18,present,0,5,
4930,67,487,7,2026-05-20,present,0,5,
4931,67,488,7,2026-05-22,absent_excused,0,5,Ota-ona xabar berdi
4932,67,489,7,2026-05-25,present,0,5,
4933,67,490,7,2026-05-27,present,0,5,
4934,67,491,7,2026-05-29,present,0,5,
4935,67,492,7,2026-06-01,present,0,5,
4936,67,493,7,2026-06-03,present,0,5,
4937,67,494,7,2026-06-05,present,0,5,
4938,67,495,7,2026-06-08,late,17,5,
4939,67,496,7,2026-06-10,present,0,5,
4940,67,497,7,2026-06-12,present,0,5,
4941,67,498,7,2026-06-15,late,12,5,
4942,67,499,7,2026-06-17,present,0,5,
4943,67,500,7,2026-06-19,present,0,5,
4944,67,501,7,2026-06-22,present,0,5,
4945,67,502,7,2026-06-24,present,0,5,
4946,67,503,7,2026-06-26,present,0,5,
4947,67,504,7,2026-06-29,present,0,5,
4948,67,505,7,2026-07-01,present,0,5,
4949,67,506,7,2026-07-03,present,0,5,
4950,67,507,7,2026-07-06,late,14,5,
4951,67,508,7,2026-07-08,present,0,5,
4952,67,509,7,2026-07-10,absent_unexcused,0,5,Sababsiz
4953,67,510,7,2026-07-13,present,0,5,
4954,67,511,7,2026-07-15,present,0,5,
4955,67,512,7,2026-07-17,present,0,5,
4956,67,513,7,2026-07-20,late,22,5,
4957,67,514,7,2026-07-22,late,8,5,
4958,67,515,7,2026-07-24,present,0,5,
4959,67,516,7,2026-07-27,present,0,5,
4960,67,517,7,2026-07-29,present,0,5,
4961,67,518,7,2026-07-31,late,18,5,
4962,68,446,7,2026-02-09,absent_unexcused,0,5,Sababsiz
4963,68,447,7,2026-02-11,present,0,5,
4964,68,448,7,2026-02-13,absent_excused,0,5,Ota-ona xabar berdi
4965,68,449,7,2026-02-16,present,0,5,
4966,68,450,7,2026-02-18,absent_unexcused,0,5,Sababsiz
4967,68,451,7,2026-02-20,present,0,5,
4968,68,452,7,2026-02-23,absent_unexcused,0,5,Sababsiz
4969,68,453,7,2026-02-25,absent_excused,0,5,Ota-ona xabar berdi
4970,68,454,7,2026-02-27,late,16,5,
4971,68,455,7,2026-03-02,absent_unexcused,0,5,Sababsiz
4972,68,456,7,2026-03-04,absent_unexcused,0,5,Sababsiz
4973,68,457,7,2026-03-06,absent_excused,0,5,Ota-ona xabar berdi
4974,68,458,7,2026-03-09,absent_unexcused,0,5,Sababsiz
4975,68,459,7,2026-03-11,present,0,5,
4976,68,460,7,2026-03-13,present,0,5,
4977,68,461,7,2026-03-16,present,0,5,
4978,68,462,7,2026-03-18,present,0,5,
4979,68,463,7,2026-03-25,present,0,5,
4980,68,464,7,2026-03-27,absent_excused,0,5,Ota-ona xabar berdi
4981,68,465,7,2026-03-30,present,0,5,
4982,68,466,7,2026-04-01,present,0,5,
4983,68,467,7,2026-04-03,absent_unexcused,0,5,Sababsiz
4984,68,468,7,2026-04-06,present,0,5,
4985,68,469,7,2026-04-08,absent_excused,0,5,Ota-ona xabar berdi
4986,68,470,7,2026-04-10,present,0,5,
4987,68,471,7,2026-04-13,present,0,5,
4988,68,472,7,2026-04-15,present,0,5,
4989,68,473,7,2026-04-17,present,0,5,
4990,68,474,7,2026-04-20,late,21,5,
4991,68,475,7,2026-04-22,present,0,5,
4992,68,476,7,2026-04-24,absent_unexcused,0,5,Sababsiz
4993,68,477,7,2026-04-27,present,0,5,
4994,68,478,7,2026-04-29,present,0,5,
4995,68,479,7,2026-05-01,late,16,5,
4996,68,480,7,2026-05-04,present,0,5,
4997,68,481,7,2026-05-06,present,0,5,
4998,68,482,7,2026-05-08,present,0,5,
4999,68,483,7,2026-05-11,absent_unexcused,0,5,Sababsiz
5000,68,484,7,2026-05-13,present,0,5,
5001,68,485,7,2026-05-15,present,0,5,
5002,68,486,7,2026-05-18,absent_unexcused,0,5,Sababsiz
5003,68,487,7,2026-05-20,late,24,5,
5004,68,488,7,2026-05-22,absent_unexcused,0,5,Sababsiz
5005,68,489,7,2026-05-25,late,9,5,
5006,68,490,7,2026-05-27,present,0,5,
5007,68,491,7,2026-05-29,absent_unexcused,0,5,Sababsiz
5008,68,492,7,2026-06-01,present,0,5,
5009,68,493,7,2026-06-03,present,0,5,
5010,68,494,7,2026-06-05,present,0,5,
5011,68,495,7,2026-06-08,late,20,5,
5012,68,496,7,2026-06-10,present,0,5,
5013,68,497,7,2026-06-12,present,0,5,
5014,68,498,7,2026-06-15,present,0,5,
5015,68,499,7,2026-06-17,present,0,5,
5016,68,500,7,2026-06-19,absent_unexcused,0,5,Sababsiz
5017,68,501,7,2026-06-22,present,0,5,
5018,68,502,7,2026-06-24,late,13,5,
5019,68,503,7,2026-06-26,present,0,5,
5020,68,504,7,2026-06-29,late,17,5,
5021,68,505,7,2026-07-01,late,15,5,
5022,68,506,7,2026-07-03,late,6,5,
5023,68,507,7,2026-07-06,absent_unexcused,0,5,Sababsiz
5024,68,508,7,2026-07-08,present,0,5,
5025,68,509,7,2026-07-10,absent_unexcused,0,5,Sababsiz
5026,68,510,7,2026-07-13,present,0,5,
5027,68,511,7,2026-07-15,absent_unexcused,0,5,Sababsiz
5028,68,512,7,2026-07-17,present,0,5,
5029,68,513,7,2026-07-20,absent_unexcused,0,5,Sababsiz
5030,68,514,7,2026-07-22,late,22,5,
5031,68,515,7,2026-07-24,absent_unexcused,0,5,Sababsiz
5032,68,516,7,2026-07-27,absent_unexcused,0,5,Sababsiz
5033,68,517,7,2026-07-29,late,24,5,
5034,68,518,7,2026-07-31,absent_excused,0,5,Ota-ona xabar berdi
5035,69,446,7,2026-02-09,present,0,5,
5036,69,447,7,2026-02-11,present,0,5,
5037,69,448,7,2026-02-13,present,0,5,
5038,69,449,7,2026-02-16,present,0,5,
5039,69,450,7,2026-02-18,present,0,5,
5040,69,451,7,2026-02-20,present,0,5,
5041,69,452,7,2026-02-23,absent_unexcused,0,5,Sababsiz
5042,69,453,7,2026-02-25,present,0,5,
5043,69,454,7,2026-02-27,late,9,5,
5044,69,455,7,2026-03-02,present,0,5,
5045,69,456,7,2026-03-04,present,0,5,
5046,69,457,7,2026-03-06,present,0,5,
5047,69,458,7,2026-03-09,present,0,5,
5048,69,459,7,2026-03-11,present,0,5,
5049,69,460,7,2026-03-13,present,0,5,
5050,69,461,7,2026-03-16,present,0,5,
5051,69,462,7,2026-03-18,present,0,5,
5052,69,463,7,2026-03-25,present,0,5,
5053,69,464,7,2026-03-27,present,0,5,
5054,69,465,7,2026-03-30,present,0,5,
5055,69,466,7,2026-04-01,present,0,5,
5056,69,467,7,2026-04-03,present,0,5,
5057,69,468,7,2026-04-06,present,0,5,
5058,69,469,7,2026-04-08,present,0,5,
5059,69,470,7,2026-04-10,present,0,5,
5060,69,471,7,2026-04-13,present,0,5,
5061,69,472,7,2026-04-15,present,0,5,
5062,69,473,7,2026-04-17,present,0,5,
5063,69,474,7,2026-04-20,present,0,5,
5064,69,475,7,2026-04-22,present,0,5,
5065,69,476,7,2026-04-24,present,0,5,
5066,69,477,7,2026-04-27,present,0,5,
5067,69,478,7,2026-04-29,present,0,5,
5068,69,479,7,2026-05-01,present,0,5,
5069,69,480,7,2026-05-04,present,0,5,
5070,69,481,7,2026-05-06,present,0,5,
5071,69,482,7,2026-05-08,present,0,5,
5072,69,483,7,2026-05-11,present,0,5,
5073,69,484,7,2026-05-13,present,0,5,
5074,69,485,7,2026-05-15,present,0,5,
5075,69,486,7,2026-05-18,late,12,5,
5076,69,487,7,2026-05-20,present,0,5,
5077,69,488,7,2026-05-22,present,0,5,
5078,69,489,7,2026-05-25,absent_unexcused,0,5,Sababsiz
5079,69,490,7,2026-05-27,present,0,5,
5080,69,491,7,2026-05-29,present,0,5,
5081,69,492,7,2026-06-01,present,0,5,
5082,69,493,7,2026-06-03,present,0,5,
5083,69,494,7,2026-06-05,present,0,5,
5084,69,495,7,2026-06-08,present,0,5,
5085,69,496,7,2026-06-10,present,0,5,
5086,69,497,7,2026-06-12,present,0,5,
5087,69,498,7,2026-06-15,present,0,5,
5088,69,499,7,2026-06-17,present,0,5,
5089,69,500,7,2026-06-19,present,0,5,
5090,69,501,7,2026-06-22,present,0,5,
5091,69,502,7,2026-06-24,present,0,5,
5092,69,503,7,2026-06-26,present,0,5,
5093,69,504,7,2026-06-29,present,0,5,
5094,69,505,7,2026-07-01,present,0,5,
5095,69,506,7,2026-07-03,late,21,5,
5096,69,507,7,2026-07-06,late,16,5,
5097,69,508,7,2026-07-08,present,0,5,
5098,69,509,7,2026-07-10,late,16,5,
5099,69,510,7,2026-07-13,present,0,5,
5100,69,511,7,2026-07-15,late,13,5,
5101,69,512,7,2026-07-17,present,0,5,
5102,69,513,7,2026-07-20,present,0,5,
5103,69,514,7,2026-07-22,present,0,5,
5104,69,515,7,2026-07-24,present,0,5,
5105,69,516,7,2026-07-27,present,0,5,
5106,69,517,7,2026-07-29,present,0,5,
5107,69,518,7,2026-07-31,present,0,5,
5108,70,446,7,2026-02-09,present,0,5,
5109,70,447,7,2026-02-11,present,0,5,
5110,70,448,7,2026-02-13,present,0,5,
5111,70,449,7,2026-02-16,absent_unexcused,0,5,Sababsiz
5112,70,450,7,2026-02-18,present,0,5,
5113,70,451,7,2026-02-20,present,0,5,
5114,70,452,7,2026-02-23,present,0,5,
5115,70,453,7,2026-02-25,present,0,5,
5116,70,454,7,2026-02-27,present,0,5,
5117,70,455,7,2026-03-02,present,0,5,
5118,70,456,7,2026-03-04,present,0,5,
5119,70,457,7,2026-03-06,present,0,5,
5120,70,458,7,2026-03-09,present,0,5,
5121,70,459,7,2026-03-11,present,0,5,
5122,70,460,7,2026-03-13,present,0,5,
5123,70,461,7,2026-03-16,present,0,5,
5124,70,462,7,2026-03-18,present,0,5,
5125,70,463,7,2026-03-25,present,0,5,
5126,70,464,7,2026-03-27,present,0,5,
5127,70,465,7,2026-03-30,present,0,5,
5128,70,466,7,2026-04-01,present,0,5,
5129,70,467,7,2026-04-03,present,0,5,
5130,70,468,7,2026-04-06,present,0,5,
5131,70,469,7,2026-04-08,absent_unexcused,0,5,Sababsiz
5132,70,470,7,2026-04-10,present,0,5,
5133,70,471,7,2026-04-13,late,8,5,
5134,70,472,7,2026-04-15,present,0,5,
5135,70,473,7,2026-04-17,present,0,5,
5136,70,474,7,2026-04-20,present,0,5,
5137,70,475,7,2026-04-22,present,0,5,
5138,70,476,7,2026-04-24,absent_excused,0,5,Ota-ona xabar berdi
5139,70,477,7,2026-04-27,present,0,5,
5140,70,478,7,2026-04-29,present,0,5,
5141,70,479,7,2026-05-01,present,0,5,
5142,70,480,7,2026-05-04,present,0,5,
5143,70,481,7,2026-05-06,present,0,5,
5144,70,482,7,2026-05-08,present,0,5,
5145,70,483,7,2026-05-11,present,0,5,
5146,70,484,7,2026-05-13,present,0,5,
5147,70,485,7,2026-05-15,present,0,5,
5148,70,486,7,2026-05-18,present,0,5,
5149,70,487,7,2026-05-20,present,0,5,
5150,70,488,7,2026-05-22,present,0,5,
5151,70,489,7,2026-05-25,present,0,5,
5152,70,490,7,2026-05-27,late,25,5,
5153,70,491,7,2026-05-29,present,0,5,
5154,70,492,7,2026-06-01,present,0,5,
5155,70,493,7,2026-06-03,absent_excused,0,5,Ota-ona xabar berdi
5156,70,494,7,2026-06-05,present,0,5,
5157,70,495,7,2026-06-08,present,0,5,
5158,70,496,7,2026-06-10,present,0,5,
5159,70,497,7,2026-06-12,present,0,5,
5160,70,498,7,2026-06-15,present,0,5,
5161,70,499,7,2026-06-17,present,0,5,
5162,70,500,7,2026-06-19,late,6,5,
5163,70,501,7,2026-06-22,present,0,5,
5164,70,502,7,2026-06-24,absent_excused,0,5,Ota-ona xabar berdi
5165,70,503,7,2026-06-26,present,0,5,
5166,70,504,7,2026-06-29,present,0,5,
5167,70,505,7,2026-07-01,present,0,5,
5168,70,506,7,2026-07-03,present,0,5,
5169,70,507,7,2026-07-06,late,13,5,
5170,70,508,7,2026-07-08,present,0,5,
5171,70,509,7,2026-07-10,present,0,5,
5172,70,510,7,2026-07-13,present,0,5,
5173,70,511,7,2026-07-15,present,0,5,
5174,70,512,7,2026-07-17,present,0,5,
5175,70,513,7,2026-07-20,present,0,5,
5176,70,514,7,2026-07-22,present,0,5,
5177,70,515,7,2026-07-24,present,0,5,
5178,70,516,7,2026-07-27,present,0,5,
5179,70,517,7,2026-07-29,absent_unexcused,0,5,Sababsiz
5180,70,518,7,2026-07-31,present,0,5,
5181,71,446,7,2026-02-09,present,0,5,
5182,71,447,7,2026-02-11,present,0,5,
5183,71,448,7,2026-02-13,present,0,5,
5184,71,449,7,2026-02-16,absent_excused,0,5,Ota-ona xabar berdi
5185,71,450,7,2026-02-18,present,0,5,
5186,71,451,7,2026-02-20,absent_excused,0,5,Ota-ona xabar berdi
5187,71,452,7,2026-02-23,present,0,5,
5188,71,453,7,2026-02-25,present,0,5,
5189,71,454,7,2026-02-27,present,0,5,
5190,71,455,7,2026-03-02,present,0,5,
5191,71,456,7,2026-03-04,present,0,5,
5192,71,457,7,2026-03-06,present,0,5,
5193,71,458,7,2026-03-09,absent_unexcused,0,5,Sababsiz
5194,71,459,7,2026-03-11,late,21,5,
5195,71,460,7,2026-03-13,present,0,5,
5196,71,461,7,2026-03-16,present,0,5,
5197,71,462,7,2026-03-18,late,10,5,
5198,71,463,7,2026-03-25,absent_unexcused,0,5,Sababsiz
5199,71,464,7,2026-03-27,present,0,5,
5200,71,465,7,2026-03-30,absent_excused,0,5,Ota-ona xabar berdi
5201,71,466,7,2026-04-01,present,0,5,
5202,71,467,7,2026-04-03,present,0,5,
5203,71,468,7,2026-04-06,absent_excused,0,5,Ota-ona xabar berdi
5204,71,469,7,2026-04-08,present,0,5,
5205,71,470,7,2026-04-10,late,10,5,
5206,71,471,7,2026-04-13,present,0,5,
5207,71,472,7,2026-04-15,absent_excused,0,5,Ota-ona xabar berdi
5208,71,473,7,2026-04-17,absent_unexcused,0,5,Sababsiz
5209,71,474,7,2026-04-20,present,0,5,
5210,71,475,7,2026-04-22,present,0,5,
5211,71,476,7,2026-04-24,present,0,5,
5212,71,477,7,2026-04-27,present,0,5,
5213,71,478,7,2026-04-29,present,0,5,
5214,71,479,7,2026-05-01,present,0,5,
5215,71,480,7,2026-05-04,present,0,5,
5216,71,481,7,2026-05-06,present,0,5,
5217,71,482,7,2026-05-08,present,0,5,
5218,71,483,7,2026-05-11,present,0,5,
5219,71,484,7,2026-05-13,present,0,5,
5220,71,485,7,2026-05-15,present,0,5,
5221,71,486,7,2026-05-18,present,0,5,
5222,71,487,7,2026-05-20,present,0,5,
5223,71,488,7,2026-05-22,present,0,5,
5224,71,489,7,2026-05-25,present,0,5,
5225,71,490,7,2026-05-27,late,8,5,
5226,71,491,7,2026-05-29,present,0,5,
5227,71,492,7,2026-06-01,present,0,5,
5228,71,493,7,2026-06-03,absent_unexcused,0,5,Sababsiz
5229,71,494,7,2026-06-05,present,0,5,
5230,71,495,7,2026-06-08,present,0,5,
5231,71,496,7,2026-06-10,absent_excused,0,5,Ota-ona xabar berdi
5232,71,497,7,2026-06-12,late,13,5,
5233,71,498,7,2026-06-15,present,0,5,
5234,71,499,7,2026-06-17,present,0,5,
5235,71,500,7,2026-06-19,present,0,5,
5236,71,501,7,2026-06-22,present,0,5,
5237,71,502,7,2026-06-24,present,0,5,
5238,71,503,7,2026-06-26,present,0,5,
5239,71,504,7,2026-06-29,present,0,5,
5240,71,505,7,2026-07-01,late,24,5,
5241,71,506,7,2026-07-03,late,11,5,
5242,71,507,7,2026-07-06,present,0,5,
5243,71,508,7,2026-07-08,present,0,5,
5244,71,509,7,2026-07-10,present,0,5,
5245,71,510,7,2026-07-13,present,0,5,
5246,71,511,7,2026-07-15,present,0,5,
5247,71,512,7,2026-07-17,absent_unexcused,0,5,Sababsiz
5248,71,513,7,2026-07-20,present,0,5,
5249,71,514,7,2026-07-22,present,0,5,
5250,71,515,7,2026-07-24,present,0,5,
5251,71,516,7,2026-07-27,late,15,5,
5252,71,517,7,2026-07-29,present,0,5,
5253,71,518,7,2026-07-31,present,0,5,
5254,72,446,7,2026-02-09,present,0,5,
5255,72,447,7,2026-02-11,present,0,5,
5256,72,448,7,2026-02-13,present,0,5,
5257,72,449,7,2026-02-16,present,0,5,
5258,72,450,7,2026-02-18,present,0,5,
5259,72,451,7,2026-02-20,present,0,5,
5260,72,452,7,2026-02-23,present,0,5,
5261,72,453,7,2026-02-25,present,0,5,
5262,72,454,7,2026-02-27,present,0,5,
5263,72,455,7,2026-03-02,present,0,5,
5264,72,456,7,2026-03-04,present,0,5,
5265,72,457,7,2026-03-06,present,0,5,
5266,72,458,7,2026-03-09,present,0,5,
5267,72,459,7,2026-03-11,late,22,5,
5268,72,460,7,2026-03-13,present,0,5,
5269,72,461,7,2026-03-16,present,0,5,
5270,72,462,7,2026-03-18,present,0,5,
5271,72,463,7,2026-03-25,present,0,5,
5272,72,464,7,2026-03-27,present,0,5,
5273,72,465,7,2026-03-30,present,0,5,
5274,72,466,7,2026-04-01,present,0,5,
5275,72,467,7,2026-04-03,present,0,5,
5276,72,468,7,2026-04-06,late,21,5,
5277,72,469,7,2026-04-08,present,0,5,
5278,72,470,7,2026-04-10,present,0,5,
5279,72,471,7,2026-04-13,absent_unexcused,0,5,Sababsiz
5280,72,472,7,2026-04-15,present,0,5,
5281,72,473,7,2026-04-17,present,0,5,
5282,72,474,7,2026-04-20,present,0,5,
5283,72,475,7,2026-04-22,present,0,5,
5284,72,476,7,2026-04-24,present,0,5,
5285,72,477,7,2026-04-27,present,0,5,
5286,72,478,7,2026-04-29,present,0,5,
5287,72,479,7,2026-05-01,present,0,5,
5288,72,480,7,2026-05-04,present,0,5,
5289,72,481,7,2026-05-06,present,0,5,
5290,72,482,7,2026-05-08,present,0,5,
5291,72,483,7,2026-05-11,present,0,5,
5292,72,484,7,2026-05-13,present,0,5,
5293,72,485,7,2026-05-15,present,0,5,
5294,72,486,7,2026-05-18,present,0,5,
5295,72,487,7,2026-05-20,present,0,5,
5296,72,488,7,2026-05-22,present,0,5,
5297,72,489,7,2026-05-25,present,0,5,
5298,72,490,7,2026-05-27,late,24,5,
5299,72,491,7,2026-05-29,present,0,5,
5300,72,492,7,2026-06-01,present,0,5,
5301,72,493,7,2026-06-03,present,0,5,
5302,72,494,7,2026-06-05,present,0,5,
5303,72,495,7,2026-06-08,present,0,5,
5304,72,496,7,2026-06-10,present,0,5,
5305,72,497,7,2026-06-12,present,0,5,
5306,72,498,7,2026-06-15,present,0,5,
5307,72,499,7,2026-06-17,present,0,5,
5308,72,500,7,2026-06-19,present,0,5,
5309,72,501,7,2026-06-22,present,0,5,
5310,72,502,7,2026-06-24,present,0,5,
5311,72,503,7,2026-06-26,absent_excused,0,5,Ota-ona xabar berdi
5312,72,504,7,2026-06-29,absent_unexcused,0,5,Sababsiz
5313,72,505,7,2026-07-01,present,0,5,
5314,72,506,7,2026-07-03,present,0,5,
5315,72,507,7,2026-07-06,present,0,5,
5316,72,508,7,2026-07-08,late,18,5,
5317,72,509,7,2026-07-10,absent_unexcused,0,5,Sababsiz
5318,72,510,7,2026-07-13,present,0,5,
5319,72,511,7,2026-07-15,present,0,5,
5320,72,512,7,2026-07-17,present,0,5,
5321,72,513,7,2026-07-20,present,0,5,
5322,72,514,7,2026-07-22,present,0,5,
5323,72,515,7,2026-07-24,present,0,5,
5324,72,516,7,2026-07-27,present,0,5,
5325,72,517,7,2026-07-29,present,0,5,
5326,72,518,7,2026-07-31,present,0,5,
5327,73,446,7,2026-02-09,absent_unexcused,0,5,Sababsiz
5328,73,447,7,2026-02-11,present,0,5,
5329,73,448,7,2026-02-13,present,0,5,
5330,73,449,7,2026-02-16,absent_excused,0,5,Ota-ona xabar berdi
5331,73,450,7,2026-02-18,absent_excused,0,5,Ota-ona xabar berdi
5332,73,451,7,2026-02-20,present,0,5,
5333,73,452,7,2026-02-23,absent_unexcused,0,5,Sababsiz
5334,73,453,7,2026-02-25,present,0,5,
5335,73,454,7,2026-02-27,present,0,5,
5336,73,455,7,2026-03-02,present,0,5,
5337,73,456,7,2026-03-04,late,23,5,
5338,73,457,7,2026-03-06,absent_unexcused,0,5,Sababsiz
5339,73,458,7,2026-03-09,late,13,5,
5340,73,459,7,2026-03-11,absent_unexcused,0,5,Sababsiz
5341,73,460,7,2026-03-13,present,0,5,
5342,73,461,7,2026-03-16,present,0,5,
5343,73,462,7,2026-03-18,present,0,5,
5344,73,463,7,2026-03-25,present,0,5,
5345,73,464,7,2026-03-27,absent_unexcused,0,5,Sababsiz
5346,73,465,7,2026-03-30,absent_unexcused,0,5,Sababsiz
5347,73,466,7,2026-04-01,present,0,5,
5348,73,467,7,2026-04-03,present,0,5,
5349,73,468,7,2026-04-06,present,0,5,
5350,73,469,7,2026-04-08,present,0,5,
5351,73,470,7,2026-04-10,present,0,5,
5352,73,471,7,2026-04-13,present,0,5,
5353,73,472,7,2026-04-15,present,0,5,
5354,73,473,7,2026-04-17,late,6,5,
5355,73,474,7,2026-04-20,present,0,5,
5356,73,475,7,2026-04-22,present,0,5,
5357,73,476,7,2026-04-24,late,22,5,
5358,73,477,7,2026-04-27,present,0,5,
5359,73,478,7,2026-04-29,late,25,5,
5360,73,479,7,2026-05-01,absent_unexcused,0,5,Sababsiz
5361,73,480,7,2026-05-04,present,0,5,
5362,73,481,7,2026-05-06,late,9,5,
5363,73,482,7,2026-05-08,present,0,5,
5364,73,483,7,2026-05-11,late,24,5,
5365,73,484,7,2026-05-13,present,0,5,
5366,73,485,7,2026-05-15,present,0,5,
5367,73,486,7,2026-05-18,absent_excused,0,5,Ota-ona xabar berdi
5368,73,487,7,2026-05-20,late,8,5,
5369,73,488,7,2026-05-22,present,0,5,
5370,73,489,7,2026-05-25,late,20,5,
5371,73,490,7,2026-05-27,absent_unexcused,0,5,Sababsiz
5372,73,491,7,2026-05-29,present,0,5,
5373,73,492,7,2026-06-01,present,0,5,
5374,73,493,7,2026-06-03,present,0,5,
5375,73,494,7,2026-06-05,late,9,5,
5376,73,495,7,2026-06-08,present,0,5,
5377,73,496,7,2026-06-10,absent_excused,0,5,Ota-ona xabar berdi
5378,73,497,7,2026-06-12,late,12,5,
5379,73,498,7,2026-06-15,present,0,5,
5380,73,499,7,2026-06-17,present,0,5,
5381,73,500,7,2026-06-19,absent_excused,0,5,Ota-ona xabar berdi
5382,73,501,7,2026-06-22,absent_unexcused,0,5,Sababsiz
5383,73,502,7,2026-06-24,absent_excused,0,5,Ota-ona xabar berdi
5384,73,503,7,2026-06-26,present,0,5,
5385,73,504,7,2026-06-29,present,0,5,
5386,73,505,7,2026-07-01,present,0,5,
5387,73,506,7,2026-07-03,present,0,5,
5388,73,507,7,2026-07-06,absent_unexcused,0,5,Sababsiz
5389,73,508,7,2026-07-08,present,0,5,
5390,73,509,7,2026-07-10,present,0,5,
5391,73,510,7,2026-07-13,absent_unexcused,0,5,Sababsiz
5392,73,511,7,2026-07-15,absent_excused,0,5,Ota-ona xabar berdi
5393,73,512,7,2026-07-17,present,0,5,
5394,73,513,7,2026-07-20,absent_unexcused,0,5,Sababsiz
5395,73,514,7,2026-07-22,late,23,5,
5396,73,515,7,2026-07-24,present,0,5,
5397,73,516,7,2026-07-27,absent_unexcused,0,5,Sababsiz
5398,73,517,7,2026-07-29,absent_unexcused,0,5,Sababsiz
5399,73,518,7,2026-07-31,present,0,5,
5400,74,446,7,2026-02-09,present,0,5,
5401,74,447,7,2026-02-11,absent_unexcused,0,5,Sababsiz
5402,74,448,7,2026-02-13,absent_excused,0,5,Ota-ona xabar berdi
5403,74,449,7,2026-02-16,present,0,5,
5404,74,450,7,2026-02-18,present,0,5,
5405,74,451,7,2026-02-20,present,0,5,
5406,74,452,7,2026-02-23,present,0,5,
5407,74,453,7,2026-02-25,present,0,5,
5408,74,454,7,2026-02-27,present,0,5,
5409,74,455,7,2026-03-02,present,0,5,
5410,74,456,7,2026-03-04,present,0,5,
5411,74,457,7,2026-03-06,present,0,5,
5412,74,458,7,2026-03-09,present,0,5,
5413,74,459,7,2026-03-11,present,0,5,
5414,74,460,7,2026-03-13,present,0,5,
5415,74,461,7,2026-03-16,present,0,5,
5416,74,462,7,2026-03-18,absent_unexcused,0,5,Sababsiz
5417,74,463,7,2026-03-25,present,0,5,
5418,74,464,7,2026-03-27,present,0,5,
5419,74,465,7,2026-03-30,present,0,5,
5420,74,466,7,2026-04-01,present,0,5,
5421,74,467,7,2026-04-03,present,0,5,
5422,74,468,7,2026-04-06,present,0,5,
5423,74,469,7,2026-04-08,present,0,5,
5424,74,470,7,2026-04-10,present,0,5,
5425,74,471,7,2026-04-13,present,0,5,
5426,74,472,7,2026-04-15,present,0,5,
5427,74,473,7,2026-04-17,present,0,5,
5428,74,474,7,2026-04-20,absent_unexcused,0,5,Sababsiz
5429,74,475,7,2026-04-22,present,0,5,
5430,74,476,7,2026-04-24,present,0,5,
5431,74,477,7,2026-04-27,present,0,5,
5432,74,478,7,2026-04-29,present,0,5,
5433,74,479,7,2026-05-01,present,0,5,
5434,74,480,7,2026-05-04,present,0,5,
5435,74,481,7,2026-05-06,present,0,5,
5436,74,482,7,2026-05-08,present,0,5,
5437,74,483,7,2026-05-11,late,6,5,
5438,74,484,7,2026-05-13,present,0,5,
5439,74,485,7,2026-05-15,present,0,5,
5440,74,486,7,2026-05-18,present,0,5,
5441,74,487,7,2026-05-20,present,0,5,
5442,74,488,7,2026-05-22,present,0,5,
5443,74,489,7,2026-05-25,late,19,5,
5444,74,490,7,2026-05-27,present,0,5,
5445,74,491,7,2026-05-29,present,0,5,
5446,74,492,7,2026-06-01,present,0,5,
5447,74,493,7,2026-06-03,present,0,5,
5448,74,494,7,2026-06-05,present,0,5,
5449,74,495,7,2026-06-08,present,0,5,
5450,74,496,7,2026-06-10,present,0,5,
5451,74,497,7,2026-06-12,present,0,5,
5452,74,498,7,2026-06-15,present,0,5,
5453,74,499,7,2026-06-17,present,0,5,
5454,74,500,7,2026-06-19,present,0,5,
5455,74,501,7,2026-06-22,present,0,5,
5456,74,502,7,2026-06-24,present,0,5,
5457,74,503,7,2026-06-26,absent_unexcused,0,5,Sababsiz
5458,74,504,7,2026-06-29,present,0,5,
5459,74,505,7,2026-07-01,present,0,5,
5460,74,506,7,2026-07-03,present,0,5,
5461,74,507,7,2026-07-06,present,0,5,
5462,74,508,7,2026-07-08,present,0,5,
5463,74,509,7,2026-07-10,present,0,5,
5464,74,510,7,2026-07-13,present,0,5,
5465,74,511,7,2026-07-15,present,0,5,
5466,74,512,7,2026-07-17,present,0,5,
5467,74,513,7,2026-07-20,present,0,5,
5468,74,514,7,2026-07-22,present,0,5,
5469,74,515,7,2026-07-24,present,0,5,
5470,74,516,7,2026-07-27,present,0,5,
5471,74,517,7,2026-07-29,present,0,5,
5472,74,518,7,2026-07-31,present,0,5,
5473,75,446,7,2026-02-09,present,0,5,
5474,75,447,7,2026-02-11,present,0,5,
5475,75,448,7,2026-02-13,present,0,5,
5476,75,449,7,2026-02-16,present,0,5,
5477,75,450,7,2026-02-18,present,0,5,
5478,75,451,7,2026-02-20,present,0,5,
5479,75,452,7,2026-02-23,present,0,5,
5480,75,453,7,2026-02-25,present,0,5,
5481,75,454,7,2026-02-27,absent_unexcused,0,5,Sababsiz
5482,75,455,7,2026-03-02,present,0,5,
5483,75,456,7,2026-03-04,present,0,5,
5484,75,457,7,2026-03-06,present,0,5,
5485,75,458,7,2026-03-09,present,0,5,
5486,75,459,7,2026-03-11,late,17,5,
5487,75,460,7,2026-03-13,present,0,5,
5488,75,461,7,2026-03-16,present,0,5,
5489,75,462,7,2026-03-18,present,0,5,
5490,75,463,7,2026-03-25,present,0,5,
5491,75,464,7,2026-03-27,present,0,5,
5492,75,465,7,2026-03-30,present,0,5,
5493,75,466,7,2026-04-01,present,0,5,
5494,75,467,7,2026-04-03,present,0,5,
5495,75,468,7,2026-04-06,present,0,5,
5496,75,469,7,2026-04-08,present,0,5,
5497,75,470,7,2026-04-10,present,0,5,
5498,75,471,7,2026-04-13,present,0,5,
5499,75,472,7,2026-04-15,present,0,5,
5500,75,473,7,2026-04-17,present,0,5,
5501,75,474,7,2026-04-20,present,0,5,
5502,75,475,7,2026-04-22,present,0,5,
5503,75,476,7,2026-04-24,present,0,5,
5504,75,477,7,2026-04-27,present,0,5,
5505,75,478,7,2026-04-29,present,0,5,
5506,75,479,7,2026-05-01,present,0,5,
5507,75,480,7,2026-05-04,present,0,5,
5508,75,481,7,2026-05-06,present,0,5,
5509,75,482,7,2026-05-08,present,0,5,
5510,75,483,7,2026-05-11,present,0,5,
5511,75,484,7,2026-05-13,present,0,5,
5512,75,485,7,2026-05-15,absent_unexcused,0,5,Sababsiz
5513,75,486,7,2026-05-18,present,0,5,
5514,75,487,7,2026-05-20,present,0,5,
5515,75,488,7,2026-05-22,late,22,5,
5516,75,489,7,2026-05-25,present,0,5,
5517,75,490,7,2026-05-27,present,0,5,
5518,75,491,7,2026-05-29,present,0,5,
5519,75,492,7,2026-06-01,present,0,5,
5520,75,493,7,2026-06-03,present,0,5,
5521,75,494,7,2026-06-05,present,0,5,
5522,75,495,7,2026-06-08,present,0,5,
5523,75,496,7,2026-06-10,present,0,5,
5524,75,497,7,2026-06-12,present,0,5,
5525,75,498,7,2026-06-15,present,0,5,
5526,75,499,7,2026-06-17,present,0,5,
5527,75,500,7,2026-06-19,present,0,5,
5528,75,501,7,2026-06-22,present,0,5,
5529,75,502,7,2026-06-24,present,0,5,
5530,75,503,7,2026-06-26,present,0,5,
5531,75,504,7,2026-06-29,present,0,5,
5532,75,505,7,2026-07-01,present,0,5,
5533,75,506,7,2026-07-03,present,0,5,
5534,75,507,7,2026-07-06,present,0,5,
5535,75,508,7,2026-07-08,absent_excused,0,5,Ota-ona xabar berdi
5536,75,509,7,2026-07-10,present,0,5,
5537,75,510,7,2026-07-13,present,0,5,
5538,75,511,7,2026-07-15,present,0,5,
5539,75,512,7,2026-07-17,present,0,5,
5540,75,513,7,2026-07-20,present,0,5,
5541,75,514,7,2026-07-22,absent_excused,0,5,Ota-ona xabar berdi
5542,75,515,7,2026-07-24,present,0,5,
5543,75,516,7,2026-07-27,present,0,5,
5544,75,517,7,2026-07-29,present,0,5,
5545,75,518,7,2026-07-31,present,0,5,
5546,76,446,7,2026-02-09,present,0,5,
5547,76,447,7,2026-02-11,late,14,5,
5548,76,448,7,2026-02-13,present,0,5,
5549,76,449,7,2026-02-16,absent_unexcused,0,5,Sababsiz
5550,76,450,7,2026-02-18,present,0,5,
5551,76,451,7,2026-02-20,present,0,5,
5552,76,452,7,2026-02-23,present,0,5,
5553,76,453,7,2026-02-25,present,0,5,
5554,76,454,7,2026-02-27,present,0,5,
5555,76,455,7,2026-03-02,absent_unexcused,0,5,Sababsiz
5556,76,456,7,2026-03-04,present,0,5,
5557,76,457,7,2026-03-06,present,0,5,
5558,76,458,7,2026-03-09,present,0,5,
5559,76,459,7,2026-03-11,present,0,5,
5560,76,460,7,2026-03-13,present,0,5,
5561,76,461,7,2026-03-16,absent_excused,0,5,Ota-ona xabar berdi
5562,76,462,7,2026-03-18,absent_excused,0,5,Ota-ona xabar berdi
5563,76,463,7,2026-03-25,absent_unexcused,0,5,Sababsiz
5564,76,464,7,2026-03-27,late,14,5,
5565,76,465,7,2026-03-30,present,0,5,
5566,76,466,7,2026-04-01,absent_excused,0,5,Ota-ona xabar berdi
5567,76,467,7,2026-04-03,late,5,5,
5568,76,468,7,2026-04-06,late,11,5,
5569,76,469,7,2026-04-08,absent_excused,0,5,Ota-ona xabar berdi
5570,76,470,7,2026-04-10,absent_unexcused,0,5,Sababsiz
5571,76,471,7,2026-04-13,present,0,5,
5572,76,472,7,2026-04-15,present,0,5,
5573,76,473,7,2026-04-17,present,0,5,
5574,76,474,7,2026-04-20,present,0,5,
5575,76,475,7,2026-04-22,present,0,5,
5576,76,476,7,2026-04-24,present,0,5,
5577,76,477,7,2026-04-27,present,0,5,
5578,76,478,7,2026-04-29,late,6,5,
5579,76,479,7,2026-05-01,present,0,5,
5580,76,480,7,2026-05-04,present,0,5,
5581,76,481,7,2026-05-06,late,6,5,
5582,76,482,7,2026-05-08,late,13,5,
5583,76,483,7,2026-05-11,present,0,5,
5584,76,484,7,2026-05-13,present,0,5,
5585,76,485,7,2026-05-15,present,0,5,
5586,76,486,7,2026-05-18,present,0,5,
5587,76,487,7,2026-05-20,absent_excused,0,5,Ota-ona xabar berdi
5588,76,488,7,2026-05-22,present,0,5,
5589,76,489,7,2026-05-25,present,0,5,
5590,76,490,7,2026-05-27,present,0,5,
5591,76,491,7,2026-05-29,late,25,5,
5592,76,492,7,2026-06-01,late,10,5,
5593,76,493,7,2026-06-03,present,0,5,
5594,76,494,7,2026-06-05,present,0,5,
5595,76,495,7,2026-06-08,present,0,5,
5596,76,496,7,2026-06-10,late,25,5,
5597,76,497,7,2026-06-12,present,0,5,
5598,76,498,7,2026-06-15,present,0,5,
5599,76,499,7,2026-06-17,late,15,5,
5600,76,500,7,2026-06-19,present,0,5,
5601,76,501,7,2026-06-22,absent_unexcused,0,5,Sababsiz
5602,76,502,7,2026-06-24,absent_unexcused,0,5,Sababsiz
5603,76,503,7,2026-06-26,present,0,5,
5604,76,504,7,2026-06-29,present,0,5,
5605,76,505,7,2026-07-01,absent_unexcused,0,5,Sababsiz
5606,76,506,7,2026-07-03,present,0,5,
5607,76,507,7,2026-07-06,late,8,5,
5608,76,508,7,2026-07-08,present,0,5,
5609,76,509,7,2026-07-10,present,0,5,
5610,76,510,7,2026-07-13,present,0,5,
5611,76,511,7,2026-07-15,absent_unexcused,0,5,Sababsiz
5612,76,512,7,2026-07-17,present,0,5,
5613,76,513,7,2026-07-20,late,21,5,
5614,76,514,7,2026-07-22,present,0,5,
5615,76,515,7,2026-07-24,present,0,5,
5616,76,516,7,2026-07-27,present,0,5,
5617,76,517,7,2026-07-29,present,0,5,
5618,76,518,7,2026-07-31,absent_excused,0,5,Ota-ona xabar berdi
5619,77,446,7,2026-02-09,absent_unexcused,0,5,Sababsiz
5620,77,447,7,2026-02-11,absent_unexcused,0,5,Sababsiz
5621,77,448,7,2026-02-13,present,0,5,
5622,77,449,7,2026-02-16,late,7,5,
5623,77,450,7,2026-02-18,present,0,5,
5624,77,451,7,2026-02-20,present,0,5,
5625,77,452,7,2026-02-23,present,0,5,
5626,77,453,7,2026-02-25,present,0,5,
5627,77,454,7,2026-02-27,present,0,5,
5628,77,455,7,2026-03-02,absent_unexcused,0,5,Sababsiz
5629,77,456,7,2026-03-04,present,0,5,
5630,77,457,7,2026-03-06,present,0,5,
5631,77,458,7,2026-03-09,present,0,5,
5632,77,459,7,2026-03-11,absent_unexcused,0,5,Sababsiz
5633,77,460,7,2026-03-13,absent_excused,0,5,Ota-ona xabar berdi
5634,77,461,7,2026-03-16,present,0,5,
5635,77,462,7,2026-03-18,late,15,5,
5636,77,463,7,2026-03-25,absent_unexcused,0,5,Sababsiz
5637,77,464,7,2026-03-27,present,0,5,
5638,77,465,7,2026-03-30,present,0,5,
5639,77,466,7,2026-04-01,absent_unexcused,0,5,Sababsiz
5640,77,467,7,2026-04-03,present,0,5,
5641,77,468,7,2026-04-06,present,0,5,
5642,77,469,7,2026-04-08,present,0,5,
5643,77,470,7,2026-04-10,late,12,5,
5644,77,471,7,2026-04-13,present,0,5,
5645,77,472,7,2026-04-15,present,0,5,
5646,77,473,7,2026-04-17,present,0,5,
5647,77,474,7,2026-04-20,present,0,5,
5648,77,475,7,2026-04-22,present,0,5,
5649,77,476,7,2026-04-24,present,0,5,
5650,77,477,7,2026-04-27,present,0,5,
5651,77,478,7,2026-04-29,absent_excused,0,5,Ota-ona xabar berdi
5652,77,479,7,2026-05-01,present,0,5,
5653,77,480,7,2026-05-04,present,0,5,
5654,77,481,7,2026-05-06,present,0,5,
5655,77,482,7,2026-05-08,present,0,5,
5656,77,483,7,2026-05-11,absent_excused,0,5,Ota-ona xabar berdi
5657,77,484,7,2026-05-13,present,0,5,
5658,77,485,7,2026-05-15,present,0,5,
5659,77,486,7,2026-05-18,present,0,5,
5660,77,487,7,2026-05-20,present,0,5,
5661,77,488,7,2026-05-22,present,0,5,
5662,77,489,7,2026-05-25,present,0,5,
5663,77,490,7,2026-05-27,present,0,5,
5664,77,491,7,2026-05-29,present,0,5,
5665,77,492,7,2026-06-01,present,0,5,
5666,77,493,7,2026-06-03,present,0,5,
5667,77,494,7,2026-06-05,present,0,5,
5668,77,495,7,2026-06-08,present,0,5,
5669,77,496,7,2026-06-10,present,0,5,
5670,77,497,7,2026-06-12,present,0,5,
5671,77,498,7,2026-06-15,present,0,5,
5672,77,499,7,2026-06-17,present,0,5,
5673,77,500,7,2026-06-19,absent_unexcused,0,5,Sababsiz
5674,77,501,7,2026-06-22,late,6,5,
5675,77,502,7,2026-06-24,present,0,5,
5676,77,503,7,2026-06-26,present,0,5,
5677,77,504,7,2026-06-29,absent_unexcused,0,5,Sababsiz
5678,77,505,7,2026-07-01,present,0,5,
5679,77,506,7,2026-07-03,present,0,5,
5680,77,507,7,2026-07-06,absent_excused,0,5,Ota-ona xabar berdi
5681,77,508,7,2026-07-08,absent_excused,0,5,Ota-ona xabar berdi
5682,77,509,7,2026-07-10,present,0,5,
5683,77,510,7,2026-07-13,present,0,5,
5684,77,511,7,2026-07-15,present,0,5,
5685,77,512,7,2026-07-17,present,0,5,
5686,77,513,7,2026-07-20,present,0,5,
5687,77,514,7,2026-07-22,present,0,5,
5688,77,515,7,2026-07-24,present,0,5,
5689,77,516,7,2026-07-27,present,0,5,
5690,77,517,7,2026-07-29,present,0,5,
5691,77,518,7,2026-07-31,present,0,5,
5692,78,446,7,2026-02-09,present,0,5,
5693,78,447,7,2026-02-11,present,0,5,
5694,78,448,7,2026-02-13,present,0,5,
5695,78,449,7,2026-02-16,present,0,5,
5696,78,450,7,2026-02-18,present,0,5,
5697,78,451,7,2026-02-20,present,0,5,
5698,78,452,7,2026-02-23,present,0,5,
5699,78,453,7,2026-02-25,late,7,5,
5700,78,454,7,2026-02-27,present,0,5,
5701,78,455,7,2026-03-02,present,0,5,
5702,78,456,7,2026-03-04,late,25,5,
5703,78,457,7,2026-03-06,present,0,5,
5704,78,458,7,2026-03-09,present,0,5,
5705,78,459,7,2026-03-11,present,0,5,
5706,78,460,7,2026-03-13,present,0,5,
5707,78,461,7,2026-03-16,present,0,5,
5708,78,462,7,2026-03-18,present,0,5,
5709,78,463,7,2026-03-25,present,0,5,
5710,78,464,7,2026-03-27,late,25,5,
5711,78,465,7,2026-03-30,absent_unexcused,0,5,Sababsiz
5712,78,466,7,2026-04-01,present,0,5,
5713,78,467,7,2026-04-03,present,0,5,
5714,78,468,7,2026-04-06,late,6,5,
5715,78,469,7,2026-04-08,present,0,5,
5716,78,470,7,2026-04-10,present,0,5,
5717,78,471,7,2026-04-13,present,0,5,
5718,78,472,7,2026-04-15,present,0,5,
5719,78,473,7,2026-04-17,present,0,5,
5720,78,474,7,2026-04-20,present,0,5,
5721,78,475,7,2026-04-22,present,0,5,
5722,78,476,7,2026-04-24,present,0,5,
5723,78,477,7,2026-04-27,present,0,5,
5724,78,478,7,2026-04-29,present,0,5,
5725,78,479,7,2026-05-01,late,21,5,
5726,78,480,7,2026-05-04,present,0,5,
5727,78,481,7,2026-05-06,present,0,5,
5728,78,482,7,2026-05-08,present,0,5,
5729,78,483,7,2026-05-11,present,0,5,
5730,78,484,7,2026-05-13,present,0,5,
5731,78,485,7,2026-05-15,present,0,5,
5732,78,486,7,2026-05-18,present,0,5,
5733,78,487,7,2026-05-20,present,0,5,
5734,78,488,7,2026-05-22,present,0,5,
5735,78,489,7,2026-05-25,present,0,5,
5736,78,490,7,2026-05-27,present,0,5,
5737,78,491,7,2026-05-29,present,0,5,
5738,78,492,7,2026-06-01,present,0,5,
5739,78,493,7,2026-06-03,present,0,5,
5740,78,494,7,2026-06-05,present,0,5,
5741,78,495,7,2026-06-08,absent_excused,0,5,Ota-ona xabar berdi
5742,78,496,7,2026-06-10,present,0,5,
5743,78,497,7,2026-06-12,present,0,5,
5744,78,498,7,2026-06-15,present,0,5,
5745,78,499,7,2026-06-17,present,0,5,
5746,78,500,7,2026-06-19,present,0,5,
5747,78,501,7,2026-06-22,present,0,5,
5748,78,502,7,2026-06-24,present,0,5,
5749,78,503,7,2026-06-26,present,0,5,
5750,78,504,7,2026-06-29,present,0,5,
5751,78,505,7,2026-07-01,present,0,5,
5752,78,506,7,2026-07-03,present,0,5,
5753,78,507,7,2026-07-06,present,0,5,
5754,78,508,7,2026-07-08,late,8,5,
5755,78,509,7,2026-07-10,present,0,5,
5756,78,510,7,2026-07-13,present,0,5,
5757,78,511,7,2026-07-15,present,0,5,
5758,78,512,7,2026-07-17,present,0,5,
5759,78,513,7,2026-07-20,present,0,5,
5760,78,514,7,2026-07-22,present,0,5,
5761,78,515,7,2026-07-24,present,0,5,
5762,78,516,7,2026-07-27,present,0,5,
5763,78,517,7,2026-07-29,present,0,5,
5764,78,518,7,2026-07-31,present,0,5,
5765,79,519,8,2026-02-16,present,0,13,
5766,79,520,8,2026-02-18,late,14,13,
5767,79,521,8,2026-02-20,present,0,13,
5768,79,522,8,2026-02-23,absent_unexcused,0,13,Sababsiz
5769,79,523,8,2026-02-25,present,0,13,
5770,79,524,8,2026-02-27,present,0,13,
5771,79,525,8,2026-03-02,late,19,13,
5772,79,526,8,2026-03-04,present,0,13,
5773,79,527,8,2026-03-06,present,0,13,
5774,79,528,8,2026-03-09,present,0,13,
5775,79,529,8,2026-03-11,absent_unexcused,0,13,Sababsiz
5776,79,530,8,2026-03-13,present,0,13,
5777,79,531,8,2026-03-16,present,0,13,
5778,79,532,8,2026-03-18,present,0,13,
5779,79,533,8,2026-03-25,present,0,13,
5780,79,534,8,2026-03-27,present,0,13,
5781,79,535,8,2026-03-30,absent_unexcused,0,13,Sababsiz
5782,79,536,8,2026-04-01,present,0,13,
5783,79,537,8,2026-04-03,present,0,13,
5784,79,538,8,2026-04-06,present,0,13,
5785,79,539,8,2026-04-08,present,0,13,
5786,79,540,8,2026-04-10,absent_unexcused,0,13,Sababsiz
5787,79,541,8,2026-04-13,present,0,13,
5788,79,542,8,2026-04-15,present,0,13,
5789,79,543,8,2026-04-17,present,0,13,
5790,79,544,8,2026-04-20,present,0,13,
5791,79,545,8,2026-04-22,present,0,13,
5792,79,546,8,2026-04-24,late,14,13,
5793,79,547,8,2026-04-27,present,0,13,
5794,79,548,8,2026-04-29,absent_unexcused,0,13,Sababsiz
5795,79,549,8,2026-05-01,present,0,13,
5796,79,550,8,2026-05-04,present,0,13,
5797,79,551,8,2026-05-06,present,0,13,
5798,79,552,8,2026-05-08,late,18,13,
5799,79,553,8,2026-05-11,present,0,13,
5800,79,554,8,2026-05-13,present,0,13,
5801,79,555,8,2026-05-15,absent_unexcused,0,13,Sababsiz
5802,79,556,8,2026-05-18,present,0,13,
5803,79,557,8,2026-05-20,absent_unexcused,0,13,Sababsiz
5804,79,558,8,2026-05-22,present,0,13,
5805,79,559,8,2026-05-25,late,12,13,
5806,79,560,8,2026-05-27,present,0,13,
5807,79,561,8,2026-05-29,present,0,13,
5808,79,562,8,2026-06-01,present,0,13,
5809,79,563,8,2026-06-03,present,0,13,
5810,79,564,8,2026-06-05,present,0,13,
5811,79,565,8,2026-06-08,present,0,13,
5812,79,566,8,2026-06-10,absent_unexcused,0,13,Sababsiz
5813,79,567,8,2026-06-12,present,0,13,
5814,79,568,8,2026-06-15,present,0,13,
5815,79,569,8,2026-06-17,present,0,13,
5816,79,570,8,2026-06-19,present,0,13,
5817,79,571,8,2026-06-22,absent_unexcused,0,13,Sababsiz
5818,79,572,8,2026-06-24,present,0,13,
5819,79,573,8,2026-06-26,present,0,13,
5820,79,574,8,2026-06-29,absent_excused,0,13,Ota-ona xabar berdi
5821,79,575,8,2026-07-01,present,0,13,
5822,79,576,8,2026-07-03,present,0,13,
5823,79,577,8,2026-07-06,present,0,13,
5824,79,578,8,2026-07-08,present,0,13,
5825,79,579,8,2026-07-10,late,17,13,
5826,79,580,8,2026-07-13,present,0,13,
5827,79,581,8,2026-07-15,absent_unexcused,0,13,Sababsiz
5828,79,582,8,2026-07-17,present,0,13,
5829,79,583,8,2026-07-20,present,0,13,
5830,79,584,8,2026-07-22,present,0,13,
5831,79,585,8,2026-07-24,present,0,13,
5832,79,586,8,2026-07-27,present,0,13,
5833,79,587,8,2026-07-29,present,0,13,
5834,79,588,8,2026-07-31,late,24,13,
5835,80,519,8,2026-02-16,present,0,13,
5836,80,520,8,2026-02-18,present,0,13,
5837,80,521,8,2026-02-20,present,0,13,
5838,80,522,8,2026-02-23,present,0,13,
5839,80,523,8,2026-02-25,present,0,13,
5840,80,524,8,2026-02-27,late,15,13,
5841,80,525,8,2026-03-02,present,0,13,
5842,80,526,8,2026-03-04,late,8,13,
5843,80,527,8,2026-03-06,present,0,13,
5844,80,528,8,2026-03-09,present,0,13,
5845,80,529,8,2026-03-11,absent_unexcused,0,13,Sababsiz
5846,80,530,8,2026-03-13,present,0,13,
5847,80,531,8,2026-03-16,present,0,13,
5848,80,532,8,2026-03-18,late,8,13,
5849,80,533,8,2026-03-25,late,9,13,
5850,80,534,8,2026-03-27,present,0,13,
5851,80,535,8,2026-03-30,absent_excused,0,13,Ota-ona xabar berdi
5852,80,536,8,2026-04-01,present,0,13,
5853,80,537,8,2026-04-03,present,0,13,
5854,80,538,8,2026-04-06,present,0,13,
5855,80,539,8,2026-04-08,present,0,13,
5856,80,540,8,2026-04-10,present,0,13,
5857,80,541,8,2026-04-13,present,0,13,
5858,80,542,8,2026-04-15,present,0,13,
5859,80,543,8,2026-04-17,present,0,13,
5860,80,544,8,2026-04-20,present,0,13,
5861,80,545,8,2026-04-22,late,5,13,
5862,80,546,8,2026-04-24,present,0,13,
5863,80,547,8,2026-04-27,present,0,13,
5864,80,548,8,2026-04-29,absent_unexcused,0,13,Sababsiz
5865,80,549,8,2026-05-01,late,13,13,
5866,80,550,8,2026-05-04,present,0,13,
5867,80,551,8,2026-05-06,present,0,13,
5868,80,552,8,2026-05-08,present,0,13,
5869,80,553,8,2026-05-11,present,0,13,
5870,80,554,8,2026-05-13,absent_excused,0,13,Ota-ona xabar berdi
5871,80,555,8,2026-05-15,present,0,13,
5872,80,556,8,2026-05-18,present,0,13,
5873,80,557,8,2026-05-20,present,0,13,
5874,80,558,8,2026-05-22,present,0,13,
5875,80,559,8,2026-05-25,present,0,13,
5876,80,560,8,2026-05-27,present,0,13,
5877,80,561,8,2026-05-29,present,0,13,
5878,80,562,8,2026-06-01,absent_excused,0,13,Ota-ona xabar berdi
5879,80,563,8,2026-06-03,present,0,13,
5880,80,564,8,2026-06-05,present,0,13,
5881,80,565,8,2026-06-08,present,0,13,
5882,80,566,8,2026-06-10,present,0,13,
5883,80,567,8,2026-06-12,present,0,13,
5884,80,568,8,2026-06-15,present,0,13,
5885,80,569,8,2026-06-17,present,0,13,
5886,80,570,8,2026-06-19,present,0,13,
5887,80,571,8,2026-06-22,present,0,13,
5888,80,572,8,2026-06-24,present,0,13,
5889,80,573,8,2026-06-26,present,0,13,
5890,80,574,8,2026-06-29,present,0,13,
5891,80,575,8,2026-07-01,present,0,13,
5892,80,576,8,2026-07-03,late,21,13,
5893,80,577,8,2026-07-06,present,0,13,
5894,80,578,8,2026-07-08,present,0,13,
5895,80,579,8,2026-07-10,present,0,13,
5896,80,580,8,2026-07-13,present,0,13,
5897,80,581,8,2026-07-15,present,0,13,
5898,80,582,8,2026-07-17,present,0,13,
5899,80,583,8,2026-07-20,present,0,13,
5900,80,584,8,2026-07-22,absent_excused,0,13,Ota-ona xabar berdi
5901,80,585,8,2026-07-24,present,0,13,
5902,80,586,8,2026-07-27,present,0,13,
5903,80,587,8,2026-07-29,present,0,13,
5904,80,588,8,2026-07-31,present,0,13,
5905,81,519,8,2026-02-16,present,0,13,
5906,81,520,8,2026-02-18,absent_unexcused,0,13,Sababsiz
5907,81,521,8,2026-02-20,present,0,13,
5908,81,522,8,2026-02-23,present,0,13,
5909,81,523,8,2026-02-25,present,0,13,
5910,81,524,8,2026-02-27,present,0,13,
5911,81,525,8,2026-03-02,late,20,13,
5912,81,526,8,2026-03-04,present,0,13,
5913,81,527,8,2026-03-06,late,9,13,
5914,81,528,8,2026-03-09,absent_excused,0,13,Ota-ona xabar berdi
5915,81,529,8,2026-03-11,present,0,13,
5916,81,530,8,2026-03-13,present,0,13,
5917,81,531,8,2026-03-16,late,10,13,
5918,81,532,8,2026-03-18,absent_excused,0,13,Ota-ona xabar berdi
5919,81,533,8,2026-03-25,late,17,13,
5920,81,534,8,2026-03-27,present,0,13,
5921,81,535,8,2026-03-30,late,19,13,
5922,81,536,8,2026-04-01,present,0,13,
5923,81,537,8,2026-04-03,present,0,13,
5924,81,538,8,2026-04-06,present,0,13,
5925,81,539,8,2026-04-08,present,0,13,
5926,81,540,8,2026-04-10,absent_excused,0,13,Ota-ona xabar berdi
5927,81,541,8,2026-04-13,late,15,13,
5928,81,542,8,2026-04-15,present,0,13,
5929,81,543,8,2026-04-17,present,0,13,
5930,81,544,8,2026-04-20,absent_unexcused,0,13,Sababsiz
5931,81,545,8,2026-04-22,present,0,13,
5932,81,546,8,2026-04-24,present,0,13,
5933,81,547,8,2026-04-27,present,0,13,
5934,81,548,8,2026-04-29,absent_excused,0,13,Ota-ona xabar berdi
5935,81,549,8,2026-05-01,absent_unexcused,0,13,Sababsiz
5936,81,550,8,2026-05-04,absent_excused,0,13,Ota-ona xabar berdi
5937,81,551,8,2026-05-06,present,0,13,
5938,81,552,8,2026-05-08,present,0,13,
5939,81,553,8,2026-05-11,present,0,13,
5940,81,554,8,2026-05-13,present,0,13,
5941,81,555,8,2026-05-15,late,15,13,
5942,81,556,8,2026-05-18,late,12,13,
5943,81,557,8,2026-05-20,present,0,13,
5944,81,558,8,2026-05-22,present,0,13,
5945,81,559,8,2026-05-25,present,0,13,
5946,81,560,8,2026-05-27,late,18,13,
5947,81,561,8,2026-05-29,absent_unexcused,0,13,Sababsiz
5948,81,562,8,2026-06-01,absent_excused,0,13,Ota-ona xabar berdi
5949,81,563,8,2026-06-03,late,21,13,
5950,81,564,8,2026-06-05,present,0,13,
5951,81,565,8,2026-06-08,present,0,13,
5952,81,566,8,2026-06-10,late,10,13,
5953,81,567,8,2026-06-12,absent_unexcused,0,13,Sababsiz
5954,81,568,8,2026-06-15,present,0,13,
5955,81,569,8,2026-06-17,absent_excused,0,13,Ota-ona xabar berdi
5956,81,570,8,2026-06-19,present,0,13,
5957,81,571,8,2026-06-22,present,0,13,
5958,81,572,8,2026-06-24,present,0,13,
5959,81,573,8,2026-06-26,present,0,13,
5960,81,574,8,2026-06-29,late,8,13,
5961,81,575,8,2026-07-01,absent_excused,0,13,Ota-ona xabar berdi
5962,81,576,8,2026-07-03,absent_excused,0,13,Ota-ona xabar berdi
5963,81,577,8,2026-07-06,present,0,13,
5964,81,578,8,2026-07-08,absent_excused,0,13,Ota-ona xabar berdi
5965,81,579,8,2026-07-10,present,0,13,
5966,81,580,8,2026-07-13,present,0,13,
5967,81,581,8,2026-07-15,present,0,13,
5968,81,582,8,2026-07-17,present,0,13,
5969,81,583,8,2026-07-20,present,0,13,
5970,81,584,8,2026-07-22,late,24,13,
5971,81,585,8,2026-07-24,present,0,13,
5972,81,586,8,2026-07-27,present,0,13,
5973,81,587,8,2026-07-29,present,0,13,
5974,81,588,8,2026-07-31,present,0,13,
5975,82,519,8,2026-02-16,absent_excused,0,13,Ota-ona xabar berdi
5976,82,520,8,2026-02-18,present,0,13,
5977,82,521,8,2026-02-20,absent_unexcused,0,13,Sababsiz
5978,82,522,8,2026-02-23,present,0,13,
5979,82,523,8,2026-02-25,present,0,13,
5980,82,524,8,2026-02-27,absent_excused,0,13,Ota-ona xabar berdi
5981,82,525,8,2026-03-02,present,0,13,
5982,82,526,8,2026-03-04,present,0,13,
5983,82,527,8,2026-03-06,present,0,13,
5984,82,528,8,2026-03-09,absent_unexcused,0,13,Sababsiz
5985,82,529,8,2026-03-11,present,0,13,
5986,82,530,8,2026-03-13,present,0,13,
5987,82,531,8,2026-03-16,present,0,13,
5988,82,532,8,2026-03-18,present,0,13,
5989,82,533,8,2026-03-25,present,0,13,
5990,82,534,8,2026-03-27,present,0,13,
5991,82,535,8,2026-03-30,present,0,13,
5992,82,536,8,2026-04-01,present,0,13,
5993,82,537,8,2026-04-03,present,0,13,
5994,82,538,8,2026-04-06,present,0,13,
5995,82,539,8,2026-04-08,present,0,13,
5996,82,540,8,2026-04-10,present,0,13,
5997,82,541,8,2026-04-13,present,0,13,
5998,82,542,8,2026-04-15,present,0,13,
5999,82,543,8,2026-04-17,present,0,13,
6000,82,544,8,2026-04-20,present,0,13,
6001,82,545,8,2026-04-22,present,0,13,
6002,82,546,8,2026-04-24,late,8,13,
6003,82,547,8,2026-04-27,present,0,13,
6004,82,548,8,2026-04-29,present,0,13,
6005,82,549,8,2026-05-01,late,12,13,
6006,82,550,8,2026-05-04,present,0,13,
6007,82,551,8,2026-05-06,present,0,13,
6008,82,552,8,2026-05-08,present,0,13,
6009,82,553,8,2026-05-11,present,0,13,
6010,82,554,8,2026-05-13,present,0,13,
6011,82,555,8,2026-05-15,present,0,13,
6012,82,556,8,2026-05-18,present,0,13,
6013,82,557,8,2026-05-20,late,19,13,
6014,82,558,8,2026-05-22,present,0,13,
6015,82,559,8,2026-05-25,late,14,13,
6016,82,560,8,2026-05-27,present,0,13,
6017,82,561,8,2026-05-29,present,0,13,
6018,82,562,8,2026-06-01,present,0,13,
6019,82,563,8,2026-06-03,present,0,13,
6020,82,564,8,2026-06-05,present,0,13,
6021,82,565,8,2026-06-08,present,0,13,
6022,82,566,8,2026-06-10,present,0,13,
6023,82,567,8,2026-06-12,late,24,13,
6024,82,568,8,2026-06-15,present,0,13,
6025,82,569,8,2026-06-17,present,0,13,
6026,82,570,8,2026-06-19,present,0,13,
6027,82,571,8,2026-06-22,present,0,13,
6028,82,572,8,2026-06-24,present,0,13,
6029,82,573,8,2026-06-26,present,0,13,
6030,82,574,8,2026-06-29,present,0,13,
6031,82,575,8,2026-07-01,present,0,13,
6032,82,576,8,2026-07-03,present,0,13,
6033,82,577,8,2026-07-06,present,0,13,
6034,82,578,8,2026-07-08,present,0,13,
6035,82,579,8,2026-07-10,present,0,13,
6036,82,580,8,2026-07-13,late,22,13,
6037,82,581,8,2026-07-15,present,0,13,
6038,82,582,8,2026-07-17,present,0,13,
6039,82,583,8,2026-07-20,present,0,13,
6040,82,584,8,2026-07-22,present,0,13,
6041,82,585,8,2026-07-24,present,0,13,
6042,82,586,8,2026-07-27,present,0,13,
6043,82,587,8,2026-07-29,present,0,13,
6044,82,588,8,2026-07-31,present,0,13,
6045,83,519,8,2026-02-16,present,0,13,
6046,83,520,8,2026-02-18,present,0,13,
6047,83,521,8,2026-02-20,absent_unexcused,0,13,Sababsiz
6048,83,522,8,2026-02-23,present,0,13,
6049,83,523,8,2026-02-25,present,0,13,
6050,83,524,8,2026-02-27,absent_unexcused,0,13,Sababsiz
6051,83,525,8,2026-03-02,present,0,13,
6052,83,526,8,2026-03-04,present,0,13,
6053,83,527,8,2026-03-06,present,0,13,
6054,83,528,8,2026-03-09,present,0,13,
6055,83,529,8,2026-03-11,present,0,13,
6056,83,530,8,2026-03-13,present,0,13,
6057,83,531,8,2026-03-16,present,0,13,
6058,83,532,8,2026-03-18,present,0,13,
6059,83,533,8,2026-03-25,present,0,13,
6060,83,534,8,2026-03-27,present,0,13,
6061,83,535,8,2026-03-30,late,25,13,
6062,83,536,8,2026-04-01,present,0,13,
6063,83,537,8,2026-04-03,present,0,13,
6064,83,538,8,2026-04-06,present,0,13,
6065,83,539,8,2026-04-08,late,22,13,
6066,83,540,8,2026-04-10,present,0,13,
6067,83,541,8,2026-04-13,present,0,13,
6068,83,542,8,2026-04-15,present,0,13,
6069,83,543,8,2026-04-17,present,0,13,
6070,83,544,8,2026-04-20,present,0,13,
6071,83,545,8,2026-04-22,late,17,13,
6072,83,546,8,2026-04-24,present,0,13,
6073,83,547,8,2026-04-27,present,0,13,
6074,83,548,8,2026-04-29,present,0,13,
6075,83,549,8,2026-05-01,absent_unexcused,0,13,Sababsiz
6076,83,550,8,2026-05-04,absent_unexcused,0,13,Sababsiz
6077,83,551,8,2026-05-06,present,0,13,
6078,83,552,8,2026-05-08,present,0,13,
6079,83,553,8,2026-05-11,present,0,13,
6080,83,554,8,2026-05-13,present,0,13,
6081,83,555,8,2026-05-15,present,0,13,
6082,83,556,8,2026-05-18,late,8,13,
6083,83,557,8,2026-05-20,present,0,13,
6084,83,558,8,2026-05-22,present,0,13,
6085,83,559,8,2026-05-25,present,0,13,
6086,83,560,8,2026-05-27,present,0,13,
6087,83,561,8,2026-05-29,present,0,13,
6088,83,562,8,2026-06-01,late,15,13,
6089,83,563,8,2026-06-03,present,0,13,
6090,83,564,8,2026-06-05,present,0,13,
6091,83,565,8,2026-06-08,absent_excused,0,13,Ota-ona xabar berdi
6092,83,566,8,2026-06-10,absent_excused,0,13,Ota-ona xabar berdi
6093,83,567,8,2026-06-12,present,0,13,
6094,83,568,8,2026-06-15,present,0,13,
6095,83,569,8,2026-06-17,present,0,13,
6096,83,570,8,2026-06-19,late,12,13,
6097,83,571,8,2026-06-22,present,0,13,
6098,83,572,8,2026-06-24,present,0,13,
6099,83,573,8,2026-06-26,present,0,13,
6100,83,574,8,2026-06-29,present,0,13,
6101,83,575,8,2026-07-01,present,0,13,
6102,83,576,8,2026-07-03,present,0,13,
6103,83,577,8,2026-07-06,present,0,13,
6104,83,578,8,2026-07-08,absent_excused,0,13,Ota-ona xabar berdi
6105,83,579,8,2026-07-10,present,0,13,
6106,83,580,8,2026-07-13,present,0,13,
6107,83,581,8,2026-07-15,present,0,13,
6108,83,582,8,2026-07-17,present,0,13,
6109,83,583,8,2026-07-20,absent_excused,0,13,Ota-ona xabar berdi
6110,83,584,8,2026-07-22,present,0,13,
6111,83,585,8,2026-07-24,absent_unexcused,0,13,Sababsiz
6112,83,586,8,2026-07-27,present,0,13,
6113,83,587,8,2026-07-29,late,13,13,
6114,83,588,8,2026-07-31,present,0,13,
6115,84,519,8,2026-02-16,present,0,13,
6116,84,520,8,2026-02-18,present,0,13,
6117,84,521,8,2026-02-20,present,0,13,
6118,84,522,8,2026-02-23,present,0,13,
6119,84,523,8,2026-02-25,present,0,13,
6120,84,524,8,2026-02-27,late,14,13,
6121,84,525,8,2026-03-02,absent_excused,0,13,Ota-ona xabar berdi
6122,84,526,8,2026-03-04,present,0,13,
6123,84,527,8,2026-03-06,late,10,13,
6124,84,528,8,2026-03-09,present,0,13,
6125,84,529,8,2026-03-11,present,0,13,
6126,84,530,8,2026-03-13,present,0,13,
6127,84,531,8,2026-03-16,present,0,13,
6128,84,532,8,2026-03-18,present,0,13,
6129,84,533,8,2026-03-25,present,0,13,
6130,84,534,8,2026-03-27,present,0,13,
6131,84,535,8,2026-03-30,late,23,13,
6132,84,536,8,2026-04-01,present,0,13,
6133,84,537,8,2026-04-03,present,0,13,
6134,84,538,8,2026-04-06,present,0,13,
6135,84,539,8,2026-04-08,absent_excused,0,13,Ota-ona xabar berdi
6136,84,540,8,2026-04-10,absent_unexcused,0,13,Sababsiz
6137,84,541,8,2026-04-13,late,18,13,
6138,84,542,8,2026-04-15,present,0,13,
6139,84,543,8,2026-04-17,present,0,13,
6140,84,544,8,2026-04-20,present,0,13,
6141,84,545,8,2026-04-22,present,0,13,
6142,84,546,8,2026-04-24,present,0,13,
6143,84,547,8,2026-04-27,present,0,13,
6144,84,548,8,2026-04-29,absent_unexcused,0,13,Sababsiz
6145,84,549,8,2026-05-01,present,0,13,
6146,84,550,8,2026-05-04,absent_unexcused,0,13,Sababsiz
6147,84,551,8,2026-05-06,present,0,13,
6148,84,552,8,2026-05-08,present,0,13,
6149,84,553,8,2026-05-11,present,0,13,
6150,84,554,8,2026-05-13,absent_excused,0,13,Ota-ona xabar berdi
6151,84,555,8,2026-05-15,present,0,13,
6152,84,556,8,2026-05-18,present,0,13,
6153,84,557,8,2026-05-20,absent_unexcused,0,13,Sababsiz
6154,84,558,8,2026-05-22,present,0,13,
6155,84,559,8,2026-05-25,present,0,13,
6156,84,560,8,2026-05-27,present,0,13,
6157,84,561,8,2026-05-29,present,0,13,
6158,84,562,8,2026-06-01,late,25,13,
6159,84,563,8,2026-06-03,late,14,13,
6160,84,564,8,2026-06-05,present,0,13,
6161,84,565,8,2026-06-08,present,0,13,
6162,84,566,8,2026-06-10,absent_unexcused,0,13,Sababsiz
6163,84,567,8,2026-06-12,present,0,13,
6164,84,568,8,2026-06-15,present,0,13,
6165,84,569,8,2026-06-17,present,0,13,
6166,84,570,8,2026-06-19,present,0,13,
6167,84,571,8,2026-06-22,present,0,13,
6168,84,572,8,2026-06-24,present,0,13,
6169,84,573,8,2026-06-26,present,0,13,
6170,84,574,8,2026-06-29,absent_excused,0,13,Ota-ona xabar berdi
6171,84,575,8,2026-07-01,present,0,13,
6172,84,576,8,2026-07-03,present,0,13,
6173,84,577,8,2026-07-06,absent_unexcused,0,13,Sababsiz
6174,84,578,8,2026-07-08,absent_unexcused,0,13,Sababsiz
6175,84,579,8,2026-07-10,present,0,13,
6176,84,580,8,2026-07-13,present,0,13,
6177,84,581,8,2026-07-15,present,0,13,
6178,84,582,8,2026-07-17,present,0,13,
6179,84,583,8,2026-07-20,present,0,13,
6180,84,584,8,2026-07-22,present,0,13,
6181,84,585,8,2026-07-24,present,0,13,
6182,84,586,8,2026-07-27,present,0,13,
6183,84,587,8,2026-07-29,present,0,13,
6184,84,588,8,2026-07-31,present,0,13,
6185,85,519,8,2026-02-16,present,0,13,
6186,85,520,8,2026-02-18,present,0,13,
6187,85,521,8,2026-02-20,late,24,13,
6188,85,522,8,2026-02-23,present,0,13,
6189,85,523,8,2026-02-25,present,0,13,
6190,85,524,8,2026-02-27,present,0,13,
6191,85,525,8,2026-03-02,present,0,13,
6192,85,526,8,2026-03-04,present,0,13,
6193,85,527,8,2026-03-06,present,0,13,
6194,85,528,8,2026-03-09,present,0,13,
6195,85,529,8,2026-03-11,present,0,13,
6196,85,530,8,2026-03-13,present,0,13,
6197,85,531,8,2026-03-16,present,0,13,
6198,85,532,8,2026-03-18,present,0,13,
6199,85,533,8,2026-03-25,present,0,13,
6200,85,534,8,2026-03-27,present,0,13,
6201,85,535,8,2026-03-30,present,0,13,
6202,85,536,8,2026-04-01,present,0,13,
6203,85,537,8,2026-04-03,absent_excused,0,13,Ota-ona xabar berdi
6204,85,538,8,2026-04-06,present,0,13,
6205,85,539,8,2026-04-08,late,13,13,
6206,85,540,8,2026-04-10,present,0,13,
6207,85,541,8,2026-04-13,present,0,13,
6208,85,542,8,2026-04-15,present,0,13,
6209,85,543,8,2026-04-17,present,0,13,
6210,85,544,8,2026-04-20,present,0,13,
6211,85,545,8,2026-04-22,present,0,13,
6212,85,546,8,2026-04-24,present,0,13,
6213,85,547,8,2026-04-27,present,0,13,
6214,85,548,8,2026-04-29,present,0,13,
6215,85,549,8,2026-05-01,present,0,13,
6216,85,550,8,2026-05-04,present,0,13,
6217,85,551,8,2026-05-06,present,0,13,
6218,85,552,8,2026-05-08,present,0,13,
6219,85,553,8,2026-05-11,present,0,13,
6220,85,554,8,2026-05-13,present,0,13,
6221,85,555,8,2026-05-15,present,0,13,
6222,85,556,8,2026-05-18,late,15,13,
6223,85,557,8,2026-05-20,present,0,13,
6224,85,558,8,2026-05-22,present,0,13,
6225,85,559,8,2026-05-25,present,0,13,
6226,85,560,8,2026-05-27,present,0,13,
6227,85,561,8,2026-05-29,present,0,13,
6228,85,562,8,2026-06-01,present,0,13,
6229,85,563,8,2026-06-03,present,0,13,
6230,85,564,8,2026-06-05,present,0,13,
6231,85,565,8,2026-06-08,late,5,13,
6232,85,566,8,2026-06-10,present,0,13,
6233,85,567,8,2026-06-12,present,0,13,
6234,85,568,8,2026-06-15,present,0,13,
6235,85,569,8,2026-06-17,present,0,13,
6236,85,570,8,2026-06-19,present,0,13,
6237,85,571,8,2026-06-22,present,0,13,
6238,85,572,8,2026-06-24,present,0,13,
6239,85,573,8,2026-06-26,late,16,13,
6240,85,574,8,2026-06-29,present,0,13,
6241,85,575,8,2026-07-01,present,0,13,
6242,85,576,8,2026-07-03,absent_unexcused,0,13,Sababsiz
6243,85,577,8,2026-07-06,present,0,13,
6244,85,578,8,2026-07-08,absent_excused,0,13,Ota-ona xabar berdi
6245,85,579,8,2026-07-10,present,0,13,
6246,85,580,8,2026-07-13,late,20,13,
6247,85,581,8,2026-07-15,present,0,13,
6248,85,582,8,2026-07-17,present,0,13,
6249,85,583,8,2026-07-20,present,0,13,
6250,85,584,8,2026-07-22,present,0,13,
6251,85,585,8,2026-07-24,present,0,13,
6252,85,586,8,2026-07-27,present,0,13,
6253,85,587,8,2026-07-29,present,0,13,
6254,85,588,8,2026-07-31,late,11,13,
6255,86,519,8,2026-02-16,present,0,13,
6256,86,520,8,2026-02-18,present,0,13,
6257,86,521,8,2026-02-20,present,0,13,
6258,86,522,8,2026-02-23,present,0,13,
6259,86,523,8,2026-02-25,present,0,13,
6260,86,524,8,2026-02-27,present,0,13,
6261,86,525,8,2026-03-02,present,0,13,
6262,86,526,8,2026-03-04,present,0,13,
6263,86,527,8,2026-03-06,present,0,13,
6264,86,528,8,2026-03-09,present,0,13,
6265,86,529,8,2026-03-11,present,0,13,
6266,86,530,8,2026-03-13,present,0,13,
6267,86,531,8,2026-03-16,present,0,13,
6268,86,532,8,2026-03-18,present,0,13,
6269,86,533,8,2026-03-25,present,0,13,
6270,86,534,8,2026-03-27,present,0,13,
6271,86,535,8,2026-03-30,present,0,13,
6272,86,536,8,2026-04-01,present,0,13,
6273,86,537,8,2026-04-03,present,0,13,
6274,86,538,8,2026-04-06,present,0,13,
6275,86,539,8,2026-04-08,present,0,13,
6276,86,540,8,2026-04-10,present,0,13,
6277,86,541,8,2026-04-13,present,0,13,
6278,86,542,8,2026-04-15,late,14,13,
6279,86,543,8,2026-04-17,present,0,13,
6280,86,544,8,2026-04-20,present,0,13,
6281,86,545,8,2026-04-22,present,0,13,
6282,86,546,8,2026-04-24,present,0,13,
6283,86,547,8,2026-04-27,present,0,13,
6284,86,548,8,2026-04-29,present,0,13,
6285,86,549,8,2026-05-01,present,0,13,
6286,86,550,8,2026-05-04,present,0,13,
6287,86,551,8,2026-05-06,present,0,13,
6288,86,552,8,2026-05-08,present,0,13,
6289,86,553,8,2026-05-11,present,0,13,
6290,86,554,8,2026-05-13,present,0,13,
6291,86,555,8,2026-05-15,present,0,13,
6292,86,556,8,2026-05-18,present,0,13,
6293,86,557,8,2026-05-20,present,0,13,
6294,86,558,8,2026-05-22,present,0,13,
6295,86,559,8,2026-05-25,present,0,13,
6296,86,560,8,2026-05-27,present,0,13,
6297,86,561,8,2026-05-29,present,0,13,
6298,86,562,8,2026-06-01,present,0,13,
6299,86,563,8,2026-06-03,present,0,13,
6300,86,564,8,2026-06-05,present,0,13,
6301,86,565,8,2026-06-08,present,0,13,
6302,86,566,8,2026-06-10,present,0,13,
6303,86,567,8,2026-06-12,present,0,13,
6304,86,568,8,2026-06-15,present,0,13,
6305,86,569,8,2026-06-17,present,0,13,
6306,86,570,8,2026-06-19,present,0,13,
6307,86,571,8,2026-06-22,present,0,13,
6308,86,572,8,2026-06-24,present,0,13,
6309,86,573,8,2026-06-26,present,0,13,
6310,86,574,8,2026-06-29,present,0,13,
6311,86,575,8,2026-07-01,present,0,13,
6312,86,576,8,2026-07-03,present,0,13,
6313,86,577,8,2026-07-06,absent_excused,0,13,Ota-ona xabar berdi
6314,86,578,8,2026-07-08,present,0,13,
6315,86,579,8,2026-07-10,present,0,13,
6316,86,580,8,2026-07-13,present,0,13,
6317,86,581,8,2026-07-15,present,0,13,
6318,86,582,8,2026-07-17,present,0,13,
6319,86,583,8,2026-07-20,present,0,13,
6320,86,584,8,2026-07-22,present,0,13,
6321,86,585,8,2026-07-24,present,0,13,
6322,86,586,8,2026-07-27,present,0,13,
6323,86,587,8,2026-07-29,present,0,13,
6324,86,588,8,2026-07-31,late,8,13,
6325,87,519,8,2026-02-16,present,0,13,
6326,87,520,8,2026-02-18,present,0,13,
6327,87,521,8,2026-02-20,present,0,13,
6328,87,522,8,2026-02-23,present,0,13,
6329,87,523,8,2026-02-25,present,0,13,
6330,87,524,8,2026-02-27,present,0,13,
6331,87,525,8,2026-03-02,present,0,13,
6332,87,526,8,2026-03-04,present,0,13,
6333,87,527,8,2026-03-06,present,0,13,
6334,87,528,8,2026-03-09,present,0,13,
6335,87,529,8,2026-03-11,present,0,13,
6336,87,530,8,2026-03-13,present,0,13,
6337,87,531,8,2026-03-16,present,0,13,
6338,87,532,8,2026-03-18,present,0,13,
6339,87,533,8,2026-03-25,present,0,13,
6340,87,534,8,2026-03-27,present,0,13,
6341,87,535,8,2026-03-30,present,0,13,
6342,87,536,8,2026-04-01,absent_excused,0,13,Ota-ona xabar berdi
6343,87,537,8,2026-04-03,present,0,13,
6344,87,538,8,2026-04-06,present,0,13,
6345,87,539,8,2026-04-08,present,0,13,
6346,87,540,8,2026-04-10,present,0,13,
6347,87,541,8,2026-04-13,present,0,13,
6348,87,542,8,2026-04-15,present,0,13,
6349,87,543,8,2026-04-17,present,0,13,
6350,87,544,8,2026-04-20,present,0,13,
6351,87,545,8,2026-04-22,present,0,13,
6352,87,546,8,2026-04-24,present,0,13,
6353,87,547,8,2026-04-27,late,21,13,
6354,87,548,8,2026-04-29,present,0,13,
6355,87,549,8,2026-05-01,present,0,13,
6356,87,550,8,2026-05-04,present,0,13,
6357,87,551,8,2026-05-06,present,0,13,
6358,87,552,8,2026-05-08,present,0,13,
6359,87,553,8,2026-05-11,late,21,13,
6360,87,554,8,2026-05-13,present,0,13,
6361,87,555,8,2026-05-15,present,0,13,
6362,87,556,8,2026-05-18,present,0,13,
6363,87,557,8,2026-05-20,present,0,13,
6364,87,558,8,2026-05-22,present,0,13,
6365,87,559,8,2026-05-25,present,0,13,
6366,87,560,8,2026-05-27,present,0,13,
6367,87,561,8,2026-05-29,present,0,13,
6368,87,562,8,2026-06-01,present,0,13,
6369,87,563,8,2026-06-03,present,0,13,
6370,87,564,8,2026-06-05,present,0,13,
6371,87,565,8,2026-06-08,present,0,13,
6372,87,566,8,2026-06-10,absent_excused,0,13,Ota-ona xabar berdi
6373,87,567,8,2026-06-12,absent_unexcused,0,13,Sababsiz
6374,87,568,8,2026-06-15,present,0,13,
6375,87,569,8,2026-06-17,present,0,13,
6376,87,570,8,2026-06-19,present,0,13,
6377,87,571,8,2026-06-22,present,0,13,
6378,87,572,8,2026-06-24,present,0,13,
6379,87,573,8,2026-06-26,present,0,13,
6380,87,574,8,2026-06-29,late,22,13,
6381,87,575,8,2026-07-01,present,0,13,
6382,87,576,8,2026-07-03,present,0,13,
6383,87,577,8,2026-07-06,present,0,13,
6384,87,578,8,2026-07-08,present,0,13,
6385,87,579,8,2026-07-10,present,0,13,
6386,87,580,8,2026-07-13,late,6,13,
6387,87,581,8,2026-07-15,present,0,13,
6388,87,582,8,2026-07-17,present,0,13,
6389,87,583,8,2026-07-20,present,0,13,
6390,87,584,8,2026-07-22,present,0,13,
6391,87,585,8,2026-07-24,absent_excused,0,13,Ota-ona xabar berdi
6392,87,586,8,2026-07-27,present,0,13,
6393,87,587,8,2026-07-29,present,0,13,
6394,87,588,8,2026-07-31,present,0,13,
6395,88,589,9,2026-02-09,present,0,11,
6396,88,590,9,2026-02-11,present,0,11,
6397,88,591,9,2026-02-13,present,0,11,
6398,88,592,9,2026-02-16,present,0,11,
6399,88,593,9,2026-02-18,late,22,11,
6400,88,594,9,2026-02-20,present,0,11,
6401,88,595,9,2026-02-23,present,0,11,
6402,88,596,9,2026-02-25,present,0,11,
6403,88,597,9,2026-02-27,present,0,11,
6404,88,598,9,2026-03-02,absent_excused,0,11,Ota-ona xabar berdi
6405,88,599,9,2026-03-04,present,0,11,
6406,88,600,9,2026-03-06,present,0,11,
6407,88,601,9,2026-03-09,present,0,11,
6408,88,602,9,2026-03-11,present,0,11,
6409,88,603,9,2026-03-13,present,0,11,
6410,88,604,9,2026-03-16,present,0,11,
6411,88,605,9,2026-03-18,present,0,11,
6412,88,606,9,2026-03-25,present,0,11,
6413,88,607,9,2026-03-27,present,0,11,
6414,88,608,9,2026-03-30,present,0,11,
6415,88,609,9,2026-04-01,absent_excused,0,11,Ota-ona xabar berdi
6416,88,610,9,2026-04-03,present,0,11,
6417,88,611,9,2026-04-06,present,0,11,
6418,88,612,9,2026-04-08,present,0,11,
6419,88,613,9,2026-04-10,present,0,11,
6420,88,614,9,2026-04-13,absent_unexcused,0,11,Sababsiz
6421,88,615,9,2026-04-15,present,0,11,
6422,88,616,9,2026-04-17,present,0,11,
6423,88,617,9,2026-04-20,present,0,11,
6424,88,618,9,2026-04-22,absent_unexcused,0,11,Sababsiz
6425,88,619,9,2026-04-24,present,0,11,
6426,88,620,9,2026-04-27,present,0,11,
6427,88,621,9,2026-04-29,present,0,11,
6428,88,622,9,2026-05-01,present,0,11,
6429,88,623,9,2026-05-04,present,0,11,
6430,88,624,9,2026-05-06,present,0,11,
6431,88,625,9,2026-05-08,late,14,11,
6432,88,626,9,2026-05-11,present,0,11,
6433,88,627,9,2026-05-13,present,0,11,
6434,88,628,9,2026-05-15,present,0,11,
6435,88,629,9,2026-05-18,late,7,11,
6436,88,630,9,2026-05-20,present,0,11,
6437,88,631,9,2026-05-22,present,0,11,
6438,88,632,9,2026-05-25,present,0,11,
6439,88,633,9,2026-05-27,absent_unexcused,0,11,Sababsiz
6440,88,634,9,2026-05-29,late,19,11,
6441,88,635,9,2026-06-01,absent_excused,0,11,Ota-ona xabar berdi
6442,88,636,9,2026-06-03,present,0,11,
6443,88,637,9,2026-06-05,present,0,11,
6444,88,638,9,2026-06-08,present,0,11,
6445,88,639,9,2026-06-10,present,0,11,
6446,88,640,9,2026-06-12,present,0,11,
6447,88,641,9,2026-06-15,present,0,11,
6448,88,642,9,2026-06-17,present,0,11,
6449,88,643,9,2026-06-19,present,0,11,
6450,88,644,9,2026-06-22,present,0,11,
6451,88,645,9,2026-06-24,present,0,11,
6452,88,646,9,2026-06-26,present,0,11,
6453,88,647,9,2026-06-29,present,0,11,
6454,88,648,9,2026-07-01,present,0,11,
6455,88,649,9,2026-07-03,present,0,11,
6456,88,650,9,2026-07-06,present,0,11,
6457,88,651,9,2026-07-08,present,0,11,
6458,88,652,9,2026-07-10,present,0,11,
6459,88,653,9,2026-07-13,absent_excused,0,11,Ota-ona xabar berdi
6460,88,654,9,2026-07-15,present,0,11,
6461,88,655,9,2026-07-17,present,0,11,
6462,88,656,9,2026-07-20,present,0,11,
6463,88,657,9,2026-07-22,present,0,11,
6464,88,658,9,2026-07-24,present,0,11,
6465,88,659,9,2026-07-27,present,0,11,
6466,88,660,9,2026-07-29,late,25,11,
6467,88,661,9,2026-07-31,late,14,11,
6468,89,589,9,2026-02-09,present,0,11,
6469,89,590,9,2026-02-11,present,0,11,
6470,89,591,9,2026-02-13,present,0,11,
6471,89,592,9,2026-02-16,present,0,11,
6472,89,593,9,2026-02-18,present,0,11,
6473,89,594,9,2026-02-20,present,0,11,
6474,89,595,9,2026-02-23,absent_excused,0,11,Ota-ona xabar berdi
6475,89,596,9,2026-02-25,absent_unexcused,0,11,Sababsiz
6476,89,597,9,2026-02-27,present,0,11,
6477,89,598,9,2026-03-02,present,0,11,
6478,89,599,9,2026-03-04,present,0,11,
6479,89,600,9,2026-03-06,present,0,11,
6480,89,601,9,2026-03-09,present,0,11,
6481,89,602,9,2026-03-11,present,0,11,
6482,89,603,9,2026-03-13,present,0,11,
6483,89,604,9,2026-03-16,present,0,11,
6484,89,605,9,2026-03-18,present,0,11,
6485,89,606,9,2026-03-25,late,5,11,
6486,89,607,9,2026-03-27,present,0,11,
6487,89,608,9,2026-03-30,present,0,11,
6488,89,609,9,2026-04-01,present,0,11,
6489,89,610,9,2026-04-03,present,0,11,
6490,89,611,9,2026-04-06,present,0,11,
6491,89,612,9,2026-04-08,present,0,11,
6492,89,613,9,2026-04-10,absent_excused,0,11,Ota-ona xabar berdi
6493,89,614,9,2026-04-13,present,0,11,
6494,89,615,9,2026-04-15,late,21,11,
6495,89,616,9,2026-04-17,present,0,11,
6496,89,617,9,2026-04-20,present,0,11,
6497,89,618,9,2026-04-22,late,12,11,
6498,89,619,9,2026-04-24,present,0,11,
6499,89,620,9,2026-04-27,present,0,11,
6500,89,621,9,2026-04-29,present,0,11,
6501,89,622,9,2026-05-01,present,0,11,
6502,89,623,9,2026-05-04,present,0,11,
6503,89,624,9,2026-05-06,late,12,11,
6504,89,625,9,2026-05-08,present,0,11,
6505,89,626,9,2026-05-11,present,0,11,
6506,89,627,9,2026-05-13,present,0,11,
6507,89,628,9,2026-05-15,late,8,11,
6508,89,629,9,2026-05-18,present,0,11,
6509,89,630,9,2026-05-20,present,0,11,
6510,89,631,9,2026-05-22,present,0,11,
6511,89,632,9,2026-05-25,present,0,11,
6512,89,633,9,2026-05-27,present,0,11,
6513,89,634,9,2026-05-29,present,0,11,
6514,89,635,9,2026-06-01,present,0,11,
6515,89,636,9,2026-06-03,present,0,11,
6516,89,637,9,2026-06-05,present,0,11,
6517,89,638,9,2026-06-08,present,0,11,
6518,89,639,9,2026-06-10,present,0,11,
6519,89,640,9,2026-06-12,present,0,11,
6520,89,641,9,2026-06-15,present,0,11,
6521,89,642,9,2026-06-17,present,0,11,
6522,89,643,9,2026-06-19,present,0,11,
6523,89,644,9,2026-06-22,present,0,11,
6524,89,645,9,2026-06-24,present,0,11,
6525,89,646,9,2026-06-26,late,6,11,
6526,89,647,9,2026-06-29,present,0,11,
6527,89,648,9,2026-07-01,present,0,11,
6528,89,649,9,2026-07-03,present,0,11,
6529,89,650,9,2026-07-06,present,0,11,
6530,89,651,9,2026-07-08,present,0,11,
6531,89,652,9,2026-07-10,present,0,11,
6532,89,653,9,2026-07-13,present,0,11,
6533,89,654,9,2026-07-15,present,0,11,
6534,89,655,9,2026-07-17,present,0,11,
6535,89,656,9,2026-07-20,present,0,11,
6536,89,657,9,2026-07-22,late,11,11,
6537,89,658,9,2026-07-24,present,0,11,
6538,89,659,9,2026-07-27,present,0,11,
6539,89,660,9,2026-07-29,present,0,11,
6540,89,661,9,2026-07-31,absent_excused,0,11,Ota-ona xabar berdi
6541,90,589,9,2026-02-09,present,0,11,
6542,90,590,9,2026-02-11,present,0,11,
6543,90,591,9,2026-02-13,present,0,11,
6544,90,592,9,2026-02-16,late,16,11,
6545,90,593,9,2026-02-18,present,0,11,
6546,90,594,9,2026-02-20,present,0,11,
6547,90,595,9,2026-02-23,present,0,11,
6548,90,596,9,2026-02-25,present,0,11,
6549,90,597,9,2026-02-27,present,0,11,
6550,90,598,9,2026-03-02,present,0,11,
6551,90,599,9,2026-03-04,present,0,11,
6552,90,600,9,2026-03-06,present,0,11,
6553,90,601,9,2026-03-09,present,0,11,
6554,90,602,9,2026-03-11,present,0,11,
6555,90,603,9,2026-03-13,present,0,11,
6556,90,604,9,2026-03-16,present,0,11,
6557,90,605,9,2026-03-18,present,0,11,
6558,90,606,9,2026-03-25,present,0,11,
6559,90,607,9,2026-03-27,present,0,11,
6560,90,608,9,2026-03-30,present,0,11,
6561,90,609,9,2026-04-01,present,0,11,
6562,90,610,9,2026-04-03,present,0,11,
6563,90,611,9,2026-04-06,present,0,11,
6564,90,612,9,2026-04-08,present,0,11,
6565,90,613,9,2026-04-10,present,0,11,
6566,90,614,9,2026-04-13,present,0,11,
6567,90,615,9,2026-04-15,present,0,11,
6568,90,616,9,2026-04-17,present,0,11,
6569,90,617,9,2026-04-20,present,0,11,
6570,90,618,9,2026-04-22,present,0,11,
6571,90,619,9,2026-04-24,present,0,11,
6572,90,620,9,2026-04-27,present,0,11,
6573,90,621,9,2026-04-29,present,0,11,
6574,90,622,9,2026-05-01,present,0,11,
6575,90,623,9,2026-05-04,present,0,11,
6576,90,624,9,2026-05-06,present,0,11,
6577,90,625,9,2026-05-08,present,0,11,
6578,90,626,9,2026-05-11,present,0,11,
6579,90,627,9,2026-05-13,present,0,11,
6580,90,628,9,2026-05-15,present,0,11,
6581,90,629,9,2026-05-18,present,0,11,
6582,90,630,9,2026-05-20,present,0,11,
6583,90,631,9,2026-05-22,present,0,11,
6584,90,632,9,2026-05-25,present,0,11,
6585,90,633,9,2026-05-27,present,0,11,
6586,90,634,9,2026-05-29,present,0,11,
6587,90,635,9,2026-06-01,present,0,11,
6588,90,636,9,2026-06-03,present,0,11,
6589,90,637,9,2026-06-05,present,0,11,
6590,90,638,9,2026-06-08,present,0,11,
6591,90,639,9,2026-06-10,present,0,11,
6592,90,640,9,2026-06-12,present,0,11,
6593,90,641,9,2026-06-15,present,0,11,
6594,90,642,9,2026-06-17,present,0,11,
6595,90,643,9,2026-06-19,present,0,11,
6596,90,644,9,2026-06-22,present,0,11,
6597,90,645,9,2026-06-24,present,0,11,
6598,90,646,9,2026-06-26,present,0,11,
6599,90,647,9,2026-06-29,present,0,11,
6600,90,648,9,2026-07-01,present,0,11,
6601,90,649,9,2026-07-03,present,0,11,
6602,90,650,9,2026-07-06,present,0,11,
6603,90,651,9,2026-07-08,present,0,11,
6604,90,652,9,2026-07-10,present,0,11,
6605,90,653,9,2026-07-13,present,0,11,
6606,90,654,9,2026-07-15,present,0,11,
6607,90,655,9,2026-07-17,present,0,11,
6608,90,656,9,2026-07-20,present,0,11,
6609,90,657,9,2026-07-22,present,0,11,
6610,90,658,9,2026-07-24,present,0,11,
6611,90,659,9,2026-07-27,present,0,11,
6612,90,660,9,2026-07-29,present,0,11,
6613,90,661,9,2026-07-31,present,0,11,
6614,91,589,9,2026-02-09,present,0,11,
6615,91,590,9,2026-02-11,present,0,11,
6616,91,591,9,2026-02-13,present,0,11,
6617,91,592,9,2026-02-16,present,0,11,
6618,91,593,9,2026-02-18,present,0,11,
6619,91,594,9,2026-02-20,present,0,11,
6620,91,595,9,2026-02-23,present,0,11,
6621,91,596,9,2026-02-25,present,0,11,
6622,91,597,9,2026-02-27,present,0,11,
6623,91,598,9,2026-03-02,present,0,11,
6624,91,599,9,2026-03-04,present,0,11,
6625,91,600,9,2026-03-06,present,0,11,
6626,91,601,9,2026-03-09,present,0,11,
6627,91,602,9,2026-03-11,absent_unexcused,0,11,Sababsiz
6628,91,603,9,2026-03-13,present,0,11,
6629,91,604,9,2026-03-16,present,0,11,
6630,91,605,9,2026-03-18,late,14,11,
6631,91,606,9,2026-03-25,present,0,11,
6632,91,607,9,2026-03-27,present,0,11,
6633,91,608,9,2026-03-30,present,0,11,
6634,91,609,9,2026-04-01,present,0,11,
6635,91,610,9,2026-04-03,present,0,11,
6636,91,611,9,2026-04-06,present,0,11,
6637,91,612,9,2026-04-08,present,0,11,
6638,91,613,9,2026-04-10,present,0,11,
6639,91,614,9,2026-04-13,present,0,11,
6640,91,615,9,2026-04-15,present,0,11,
6641,91,616,9,2026-04-17,present,0,11,
6642,91,617,9,2026-04-20,present,0,11,
6643,91,618,9,2026-04-22,present,0,11,
6644,91,619,9,2026-04-24,present,0,11,
6645,91,620,9,2026-04-27,present,0,11,
6646,91,621,9,2026-04-29,present,0,11,
6647,91,622,9,2026-05-01,present,0,11,
6648,91,623,9,2026-05-04,present,0,11,
6649,91,624,9,2026-05-06,present,0,11,
6650,91,625,9,2026-05-08,present,0,11,
6651,91,626,9,2026-05-11,present,0,11,
6652,91,627,9,2026-05-13,present,0,11,
6653,91,628,9,2026-05-15,absent_unexcused,0,11,Sababsiz
6654,91,629,9,2026-05-18,present,0,11,
6655,91,630,9,2026-05-20,present,0,11,
6656,91,631,9,2026-05-22,present,0,11,
6657,91,632,9,2026-05-25,absent_excused,0,11,Ota-ona xabar berdi
6658,91,633,9,2026-05-27,present,0,11,
6659,91,634,9,2026-05-29,present,0,11,
6660,91,635,9,2026-06-01,present,0,11,
6661,91,636,9,2026-06-03,present,0,11,
6662,91,637,9,2026-06-05,present,0,11,
6663,91,638,9,2026-06-08,present,0,11,
6664,91,639,9,2026-06-10,present,0,11,
6665,91,640,9,2026-06-12,present,0,11,
6666,91,641,9,2026-06-15,present,0,11,
6667,91,642,9,2026-06-17,present,0,11,
6668,91,643,9,2026-06-19,late,21,11,
6669,91,644,9,2026-06-22,present,0,11,
6670,91,645,9,2026-06-24,present,0,11,
6671,91,646,9,2026-06-26,present,0,11,
6672,91,647,9,2026-06-29,present,0,11,
6673,91,648,9,2026-07-01,present,0,11,
6674,91,649,9,2026-07-03,present,0,11,
6675,91,650,9,2026-07-06,present,0,11,
6676,91,651,9,2026-07-08,present,0,11,
6677,91,652,9,2026-07-10,present,0,11,
6678,91,653,9,2026-07-13,present,0,11,
6679,91,654,9,2026-07-15,present,0,11,
6680,91,655,9,2026-07-17,present,0,11,
6681,91,656,9,2026-07-20,present,0,11,
6682,91,657,9,2026-07-22,present,0,11,
6683,91,658,9,2026-07-24,present,0,11,
6684,91,659,9,2026-07-27,present,0,11,
6685,91,660,9,2026-07-29,present,0,11,
6686,91,661,9,2026-07-31,absent_excused,0,11,Ota-ona xabar berdi
6687,92,589,9,2026-02-09,present,0,11,
6688,92,590,9,2026-02-11,present,0,11,
6689,92,591,9,2026-02-13,present,0,11,
6690,92,592,9,2026-02-16,present,0,11,
6691,92,593,9,2026-02-18,present,0,11,
6692,92,594,9,2026-02-20,absent_unexcused,0,11,Sababsiz
6693,92,595,9,2026-02-23,late,22,11,
6694,92,596,9,2026-02-25,late,7,11,
6695,92,597,9,2026-02-27,present,0,11,
6696,92,598,9,2026-03-02,present,0,11,
6697,92,599,9,2026-03-04,present,0,11,
6698,92,600,9,2026-03-06,present,0,11,
6699,92,601,9,2026-03-09,present,0,11,
6700,92,602,9,2026-03-11,present,0,11,
6701,92,603,9,2026-03-13,present,0,11,
6702,92,604,9,2026-03-16,present,0,11,
6703,92,605,9,2026-03-18,present,0,11,
6704,92,606,9,2026-03-25,present,0,11,
6705,92,607,9,2026-03-27,present,0,11,
6706,92,608,9,2026-03-30,present,0,11,
6707,92,609,9,2026-04-01,present,0,11,
6708,92,610,9,2026-04-03,late,7,11,
6709,92,611,9,2026-04-06,present,0,11,
6710,92,612,9,2026-04-08,present,0,11,
6711,92,613,9,2026-04-10,present,0,11,
6712,92,614,9,2026-04-13,present,0,11,
6713,92,615,9,2026-04-15,present,0,11,
6714,92,616,9,2026-04-17,present,0,11,
6715,92,617,9,2026-04-20,present,0,11,
6716,92,618,9,2026-04-22,present,0,11,
6717,92,619,9,2026-04-24,present,0,11,
6718,92,620,9,2026-04-27,present,0,11,
6719,92,621,9,2026-04-29,present,0,11,
6720,92,622,9,2026-05-01,present,0,11,
6721,92,623,9,2026-05-04,present,0,11,
6722,92,624,9,2026-05-06,present,0,11,
6723,92,625,9,2026-05-08,present,0,11,
6724,92,626,9,2026-05-11,present,0,11,
6725,92,627,9,2026-05-13,present,0,11,
6726,92,628,9,2026-05-15,present,0,11,
6727,92,629,9,2026-05-18,present,0,11,
6728,92,630,9,2026-05-20,present,0,11,
6729,92,631,9,2026-05-22,present,0,11,
6730,92,632,9,2026-05-25,present,0,11,
6731,92,633,9,2026-05-27,present,0,11,
6732,92,634,9,2026-05-29,present,0,11,
6733,92,635,9,2026-06-01,present,0,11,
6734,92,636,9,2026-06-03,late,19,11,
6735,92,637,9,2026-06-05,present,0,11,
6736,92,638,9,2026-06-08,late,21,11,
6737,92,639,9,2026-06-10,present,0,11,
6738,92,640,9,2026-06-12,present,0,11,
6739,92,641,9,2026-06-15,present,0,11,
6740,92,642,9,2026-06-17,late,10,11,
6741,92,643,9,2026-06-19,present,0,11,
6742,92,644,9,2026-06-22,present,0,11,
6743,92,645,9,2026-06-24,present,0,11,
6744,92,646,9,2026-06-26,present,0,11,
6745,92,647,9,2026-06-29,present,0,11,
6746,92,648,9,2026-07-01,present,0,11,
6747,92,649,9,2026-07-03,absent_unexcused,0,11,Sababsiz
6748,92,650,9,2026-07-06,present,0,11,
6749,92,651,9,2026-07-08,present,0,11,
6750,92,652,9,2026-07-10,present,0,11,
6751,92,653,9,2026-07-13,present,0,11,
6752,92,654,9,2026-07-15,absent_excused,0,11,Ota-ona xabar berdi
6753,92,655,9,2026-07-17,absent_excused,0,11,Ota-ona xabar berdi
6754,92,656,9,2026-07-20,present,0,11,
6755,92,657,9,2026-07-22,present,0,11,
6756,92,658,9,2026-07-24,present,0,11,
6757,92,659,9,2026-07-27,absent_excused,0,11,Ota-ona xabar berdi
6758,92,660,9,2026-07-29,present,0,11,
6759,92,661,9,2026-07-31,present,0,11,
6760,93,589,9,2026-02-09,present,0,11,
6761,93,590,9,2026-02-11,present,0,11,
6762,93,591,9,2026-02-13,present,0,11,
6763,93,592,9,2026-02-16,present,0,11,
6764,93,593,9,2026-02-18,absent_unexcused,0,11,Sababsiz
6765,93,594,9,2026-02-20,late,22,11,
6766,93,595,9,2026-02-23,present,0,11,
6767,93,596,9,2026-02-25,present,0,11,
6768,93,597,9,2026-02-27,present,0,11,
6769,93,598,9,2026-03-02,absent_unexcused,0,11,Sababsiz
6770,93,599,9,2026-03-04,absent_unexcused,0,11,Sababsiz
6771,93,600,9,2026-03-06,present,0,11,
6772,93,601,9,2026-03-09,present,0,11,
6773,93,602,9,2026-03-11,late,16,11,
6774,93,603,9,2026-03-13,present,0,11,
6775,93,604,9,2026-03-16,present,0,11,
6776,93,605,9,2026-03-18,present,0,11,
6777,93,606,9,2026-03-25,present,0,11,
6778,93,607,9,2026-03-27,absent_unexcused,0,11,Sababsiz
6779,93,608,9,2026-03-30,present,0,11,
6780,93,609,9,2026-04-01,present,0,11,
6781,93,610,9,2026-04-03,present,0,11,
6782,93,611,9,2026-04-06,present,0,11,
6783,93,612,9,2026-04-08,present,0,11,
6784,93,613,9,2026-04-10,present,0,11,
6785,93,614,9,2026-04-13,present,0,11,
6786,93,615,9,2026-04-15,present,0,11,
6787,93,616,9,2026-04-17,present,0,11,
6788,93,617,9,2026-04-20,present,0,11,
6789,93,618,9,2026-04-22,present,0,11,
6790,93,619,9,2026-04-24,absent_unexcused,0,11,Sababsiz
6791,93,620,9,2026-04-27,present,0,11,
6792,93,621,9,2026-04-29,present,0,11,
6793,93,622,9,2026-05-01,absent_excused,0,11,Ota-ona xabar berdi
6794,93,623,9,2026-05-04,present,0,11,
6795,93,624,9,2026-05-06,present,0,11,
6796,93,625,9,2026-05-08,present,0,11,
6797,93,626,9,2026-05-11,present,0,11,
6798,93,627,9,2026-05-13,present,0,11,
6799,93,628,9,2026-05-15,present,0,11,
6800,93,629,9,2026-05-18,present,0,11,
6801,93,630,9,2026-05-20,present,0,11,
6802,93,631,9,2026-05-22,present,0,11,
6803,93,632,9,2026-05-25,absent_excused,0,11,Ota-ona xabar berdi
6804,93,633,9,2026-05-27,present,0,11,
6805,93,634,9,2026-05-29,present,0,11,
6806,93,635,9,2026-06-01,present,0,11,
6807,93,636,9,2026-06-03,present,0,11,
6808,93,637,9,2026-06-05,present,0,11,
6809,93,638,9,2026-06-08,present,0,11,
6810,93,639,9,2026-06-10,present,0,11,
6811,93,640,9,2026-06-12,present,0,11,
6812,93,641,9,2026-06-15,present,0,11,
6813,93,642,9,2026-06-17,present,0,11,
6814,93,643,9,2026-06-19,present,0,11,
6815,93,644,9,2026-06-22,present,0,11,
6816,93,645,9,2026-06-24,present,0,11,
6817,93,646,9,2026-06-26,present,0,11,
6818,93,647,9,2026-06-29,late,24,11,
6819,93,648,9,2026-07-01,present,0,11,
6820,93,649,9,2026-07-03,present,0,11,
6821,93,650,9,2026-07-06,present,0,11,
6822,93,651,9,2026-07-08,late,11,11,
6823,93,652,9,2026-07-10,absent_unexcused,0,11,Sababsiz
6824,93,653,9,2026-07-13,present,0,11,
6825,93,654,9,2026-07-15,present,0,11,
6826,93,655,9,2026-07-17,present,0,11,
6827,93,656,9,2026-07-20,absent_excused,0,11,Ota-ona xabar berdi
6828,93,657,9,2026-07-22,present,0,11,
6829,93,658,9,2026-07-24,present,0,11,
6830,93,659,9,2026-07-27,late,13,11,
6831,93,660,9,2026-07-29,absent_unexcused,0,11,Sababsiz
6832,93,661,9,2026-07-31,present,0,11,
6833,94,589,9,2026-02-09,present,0,11,
6834,94,590,9,2026-02-11,present,0,11,
6835,94,591,9,2026-02-13,present,0,11,
6836,94,592,9,2026-02-16,present,0,11,
6837,94,593,9,2026-02-18,late,5,11,
6838,94,594,9,2026-02-20,present,0,11,
6839,94,595,9,2026-02-23,present,0,11,
6840,94,596,9,2026-02-25,present,0,11,
6841,94,597,9,2026-02-27,absent_unexcused,0,11,Sababsiz
6842,94,598,9,2026-03-02,present,0,11,
6843,94,599,9,2026-03-04,late,5,11,
6844,94,600,9,2026-03-06,absent_excused,0,11,Ota-ona xabar berdi
6845,94,601,9,2026-03-09,late,11,11,
6846,94,602,9,2026-03-11,present,0,11,
6847,94,603,9,2026-03-13,late,14,11,
6848,94,604,9,2026-03-16,present,0,11,
6849,94,605,9,2026-03-18,present,0,11,
6850,94,606,9,2026-03-25,present,0,11,
6851,94,607,9,2026-03-27,present,0,11,
6852,94,608,9,2026-03-30,late,12,11,
6853,94,609,9,2026-04-01,present,0,11,
6854,94,610,9,2026-04-03,present,0,11,
6855,94,611,9,2026-04-06,absent_excused,0,11,Ota-ona xabar berdi
6856,94,612,9,2026-04-08,present,0,11,
6857,94,613,9,2026-04-10,present,0,11,
6858,94,614,9,2026-04-13,absent_excused,0,11,Ota-ona xabar berdi
6859,94,615,9,2026-04-15,present,0,11,
6860,94,616,9,2026-04-17,present,0,11,
6861,94,617,9,2026-04-20,present,0,11,
6862,94,618,9,2026-04-22,present,0,11,
6863,94,619,9,2026-04-24,present,0,11,
6864,94,620,9,2026-04-27,present,0,11,
6865,94,621,9,2026-04-29,late,9,11,
6866,94,622,9,2026-05-01,absent_excused,0,11,Ota-ona xabar berdi
6867,94,623,9,2026-05-04,late,12,11,
6868,94,624,9,2026-05-06,present,0,11,
6869,94,625,9,2026-05-08,present,0,11,
6870,94,626,9,2026-05-11,present,0,11,
6871,94,627,9,2026-05-13,present,0,11,
6872,94,628,9,2026-05-15,present,0,11,
6873,94,629,9,2026-05-18,absent_excused,0,11,Ota-ona xabar berdi
6874,94,630,9,2026-05-20,present,0,11,
6875,94,631,9,2026-05-22,present,0,11,
6876,94,632,9,2026-05-25,present,0,11,
6877,94,633,9,2026-05-27,absent_unexcused,0,11,Sababsiz
6878,94,634,9,2026-05-29,absent_unexcused,0,11,Sababsiz
6879,94,635,9,2026-06-01,late,18,11,
6880,94,636,9,2026-06-03,present,0,11,
6881,94,637,9,2026-06-05,absent_excused,0,11,Ota-ona xabar berdi
6882,94,638,9,2026-06-08,present,0,11,
6883,94,639,9,2026-06-10,absent_unexcused,0,11,Sababsiz
6884,94,640,9,2026-06-12,present,0,11,
6885,94,641,9,2026-06-15,absent_excused,0,11,Ota-ona xabar berdi
6886,94,642,9,2026-06-17,present,0,11,
6887,94,643,9,2026-06-19,present,0,11,
6888,94,644,9,2026-06-22,late,13,11,
6889,94,645,9,2026-06-24,late,13,11,
6890,94,646,9,2026-06-26,present,0,11,
6891,94,647,9,2026-06-29,absent_unexcused,0,11,Sababsiz
6892,94,648,9,2026-07-01,present,0,11,
6893,94,649,9,2026-07-03,absent_excused,0,11,Ota-ona xabar berdi
6894,94,650,9,2026-07-06,present,0,11,
6895,94,651,9,2026-07-08,present,0,11,
6896,94,652,9,2026-07-10,present,0,11,
6897,94,653,9,2026-07-13,absent_unexcused,0,11,Sababsiz
6898,94,654,9,2026-07-15,present,0,11,
6899,94,655,9,2026-07-17,present,0,11,
6900,94,656,9,2026-07-20,present,0,11,
6901,94,657,9,2026-07-22,present,0,11,
6902,94,658,9,2026-07-24,absent_excused,0,11,Ota-ona xabar berdi
6903,94,659,9,2026-07-27,present,0,11,
6904,94,660,9,2026-07-29,late,12,11,
6905,94,661,9,2026-07-31,present,0,11,
6906,95,589,9,2026-02-09,late,13,11,
6907,95,590,9,2026-02-11,present,0,11,
6908,95,591,9,2026-02-13,present,0,11,
6909,95,592,9,2026-02-16,present,0,11,
6910,95,593,9,2026-02-18,absent_excused,0,11,Ota-ona xabar berdi
6911,95,594,9,2026-02-20,present,0,11,
6912,95,595,9,2026-02-23,present,0,11,
6913,95,596,9,2026-02-25,present,0,11,
6914,95,597,9,2026-02-27,late,10,11,
6915,95,598,9,2026-03-02,present,0,11,
6916,95,599,9,2026-03-04,present,0,11,
6917,95,600,9,2026-03-06,present,0,11,
6918,95,601,9,2026-03-09,present,0,11,
6919,95,602,9,2026-03-11,late,10,11,
6920,95,603,9,2026-03-13,present,0,11,
6921,95,604,9,2026-03-16,present,0,11,
6922,95,605,9,2026-03-18,late,7,11,
6923,95,606,9,2026-03-25,present,0,11,
6924,95,607,9,2026-03-27,present,0,11,
6925,95,608,9,2026-03-30,absent_unexcused,0,11,Sababsiz
6926,95,609,9,2026-04-01,late,5,11,
6927,95,610,9,2026-04-03,absent_unexcused,0,11,Sababsiz
6928,95,611,9,2026-04-06,absent_excused,0,11,Ota-ona xabar berdi
6929,95,612,9,2026-04-08,present,0,11,
6930,95,613,9,2026-04-10,present,0,11,
6931,95,614,9,2026-04-13,present,0,11,
6932,95,615,9,2026-04-15,present,0,11,
6933,95,616,9,2026-04-17,present,0,11,
6934,95,617,9,2026-04-20,present,0,11,
6935,95,618,9,2026-04-22,present,0,11,
6936,95,619,9,2026-04-24,present,0,11,
6937,95,620,9,2026-04-27,absent_excused,0,11,Ota-ona xabar berdi
6938,95,621,9,2026-04-29,present,0,11,
6939,95,622,9,2026-05-01,present,0,11,
6940,95,623,9,2026-05-04,present,0,11,
6941,95,624,9,2026-05-06,absent_unexcused,0,11,Sababsiz
6942,95,625,9,2026-05-08,absent_excused,0,11,Ota-ona xabar berdi
6943,95,626,9,2026-05-11,present,0,11,
6944,95,627,9,2026-05-13,late,19,11,
6945,95,628,9,2026-05-15,present,0,11,
6946,95,629,9,2026-05-18,present,0,11,
6947,95,630,9,2026-05-20,absent_excused,0,11,Ota-ona xabar berdi
6948,95,631,9,2026-05-22,present,0,11,
6949,95,632,9,2026-05-25,present,0,11,
6950,95,633,9,2026-05-27,present,0,11,
6951,95,634,9,2026-05-29,present,0,11,
6952,95,635,9,2026-06-01,late,17,11,
6953,95,636,9,2026-06-03,present,0,11,
6954,95,637,9,2026-06-05,present,0,11,
6955,95,638,9,2026-06-08,present,0,11,
6956,95,639,9,2026-06-10,present,0,11,
6957,95,640,9,2026-06-12,present,0,11,
6958,95,641,9,2026-06-15,present,0,11,
6959,95,642,9,2026-06-17,present,0,11,
6960,95,643,9,2026-06-19,absent_unexcused,0,11,Sababsiz
6961,95,644,9,2026-06-22,present,0,11,
6962,95,645,9,2026-06-24,present,0,11,
6963,95,646,9,2026-06-26,absent_unexcused,0,11,Sababsiz
6964,95,647,9,2026-06-29,present,0,11,
6965,95,648,9,2026-07-01,present,0,11,
6966,95,649,9,2026-07-03,absent_excused,0,11,Ota-ona xabar berdi
6967,95,650,9,2026-07-06,present,0,11,
6968,95,651,9,2026-07-08,present,0,11,
6969,95,652,9,2026-07-10,late,18,11,
6970,95,653,9,2026-07-13,present,0,11,
6971,95,654,9,2026-07-15,present,0,11,
6972,95,655,9,2026-07-17,absent_unexcused,0,11,Sababsiz
6973,95,656,9,2026-07-20,absent_unexcused,0,11,Sababsiz
6974,95,657,9,2026-07-22,late,18,11,
6975,95,658,9,2026-07-24,late,20,11,
6976,95,659,9,2026-07-27,present,0,11,
6977,95,660,9,2026-07-29,present,0,11,
6978,95,661,9,2026-07-31,present,0,11,
6979,96,589,9,2026-02-09,present,0,11,
6980,96,590,9,2026-02-11,late,12,11,
6981,96,591,9,2026-02-13,late,6,11,
6982,96,592,9,2026-02-16,present,0,11,
6983,96,593,9,2026-02-18,present,0,11,
6984,96,594,9,2026-02-20,present,0,11,
6985,96,595,9,2026-02-23,present,0,11,
6986,96,596,9,2026-02-25,present,0,11,
6987,96,597,9,2026-02-27,present,0,11,
6988,96,598,9,2026-03-02,present,0,11,
6989,96,599,9,2026-03-04,late,9,11,
6990,96,600,9,2026-03-06,present,0,11,
6991,96,601,9,2026-03-09,present,0,11,
6992,96,602,9,2026-03-11,present,0,11,
6993,96,603,9,2026-03-13,present,0,11,
6994,96,604,9,2026-03-16,absent_unexcused,0,11,Sababsiz
6995,96,605,9,2026-03-18,late,10,11,
6996,96,606,9,2026-03-25,present,0,11,
6997,96,607,9,2026-03-27,late,20,11,
6998,96,608,9,2026-03-30,absent_excused,0,11,Ota-ona xabar berdi
6999,96,609,9,2026-04-01,present,0,11,
7000,96,610,9,2026-04-03,present,0,11,
7001,96,611,9,2026-04-06,present,0,11,
7002,96,612,9,2026-04-08,present,0,11,
7003,96,613,9,2026-04-10,present,0,11,
7004,96,614,9,2026-04-13,present,0,11,
7005,96,615,9,2026-04-15,present,0,11,
7006,96,616,9,2026-04-17,present,0,11,
7007,96,617,9,2026-04-20,late,15,11,
7008,96,618,9,2026-04-22,present,0,11,
7009,96,619,9,2026-04-24,present,0,11,
7010,96,620,9,2026-04-27,present,0,11,
7011,96,621,9,2026-04-29,present,0,11,
7012,96,622,9,2026-05-01,present,0,11,
7013,96,623,9,2026-05-04,late,15,11,
7014,96,624,9,2026-05-06,present,0,11,
7015,96,625,9,2026-05-08,present,0,11,
7016,96,626,9,2026-05-11,present,0,11,
7017,96,627,9,2026-05-13,present,0,11,
7018,96,628,9,2026-05-15,present,0,11,
7019,96,629,9,2026-05-18,present,0,11,
7020,96,630,9,2026-05-20,present,0,11,
7021,96,631,9,2026-05-22,present,0,11,
7022,96,632,9,2026-05-25,present,0,11,
7023,96,633,9,2026-05-27,present,0,11,
7024,96,634,9,2026-05-29,present,0,11,
7025,96,635,9,2026-06-01,present,0,11,
7026,96,636,9,2026-06-03,present,0,11,
7027,96,637,9,2026-06-05,absent_excused,0,11,Ota-ona xabar berdi
7028,96,638,9,2026-06-08,present,0,11,
7029,96,639,9,2026-06-10,present,0,11,
7030,96,640,9,2026-06-12,present,0,11,
7031,96,641,9,2026-06-15,present,0,11,
7032,96,642,9,2026-06-17,present,0,11,
7033,96,643,9,2026-06-19,present,0,11,
7034,96,644,9,2026-06-22,present,0,11,
7035,96,645,9,2026-06-24,present,0,11,
7036,96,646,9,2026-06-26,present,0,11,
7037,96,647,9,2026-06-29,late,18,11,
7038,96,648,9,2026-07-01,present,0,11,
7039,96,649,9,2026-07-03,present,0,11,
7040,96,650,9,2026-07-06,late,5,11,
7041,96,651,9,2026-07-08,present,0,11,
7042,96,652,9,2026-07-10,present,0,11,
7043,96,653,9,2026-07-13,present,0,11,
7044,96,654,9,2026-07-15,present,0,11,
7045,96,655,9,2026-07-17,late,18,11,
7046,96,656,9,2026-07-20,present,0,11,
7047,96,657,9,2026-07-22,present,0,11,
7048,96,658,9,2026-07-24,late,5,11,
7049,96,659,9,2026-07-27,present,0,11,
7050,96,660,9,2026-07-29,present,0,11,
7051,96,661,9,2026-07-31,present,0,11,
7052,97,589,9,2026-02-09,present,0,11,
7053,97,590,9,2026-02-11,present,0,11,
7054,97,591,9,2026-02-13,present,0,11,
7055,97,592,9,2026-02-16,present,0,11,
7056,97,593,9,2026-02-18,present,0,11,
7057,97,594,9,2026-02-20,present,0,11,
7058,97,595,9,2026-02-23,present,0,11,
7059,97,596,9,2026-02-25,present,0,11,
7060,97,597,9,2026-02-27,present,0,11,
7061,97,598,9,2026-03-02,present,0,11,
7062,97,599,9,2026-03-04,present,0,11,
7063,97,600,9,2026-03-06,present,0,11,
7064,97,601,9,2026-03-09,present,0,11,
7065,97,602,9,2026-03-11,present,0,11,
7066,97,603,9,2026-03-13,absent_excused,0,11,Ota-ona xabar berdi
7067,97,604,9,2026-03-16,present,0,11,
7068,97,605,9,2026-03-18,present,0,11,
7069,97,606,9,2026-03-25,present,0,11,
7070,97,607,9,2026-03-27,present,0,11,
7071,97,608,9,2026-03-30,present,0,11,
7072,97,609,9,2026-04-01,present,0,11,
7073,97,610,9,2026-04-03,present,0,11,
7074,97,611,9,2026-04-06,present,0,11,
7075,97,612,9,2026-04-08,present,0,11,
7076,97,613,9,2026-04-10,present,0,11,
7077,97,614,9,2026-04-13,present,0,11,
7078,97,615,9,2026-04-15,present,0,11,
7079,97,616,9,2026-04-17,present,0,11,
7080,97,617,9,2026-04-20,present,0,11,
7081,97,618,9,2026-04-22,present,0,11,
7082,97,619,9,2026-04-24,present,0,11,
7083,97,620,9,2026-04-27,present,0,11,
7084,97,621,9,2026-04-29,present,0,11,
7085,97,622,9,2026-05-01,present,0,11,
7086,97,623,9,2026-05-04,present,0,11,
7087,97,624,9,2026-05-06,present,0,11,
7088,97,625,9,2026-05-08,present,0,11,
7089,97,626,9,2026-05-11,present,0,11,
7090,97,627,9,2026-05-13,present,0,11,
7091,97,628,9,2026-05-15,present,0,11,
7092,97,629,9,2026-05-18,present,0,11,
7093,97,630,9,2026-05-20,present,0,11,
7094,97,631,9,2026-05-22,present,0,11,
7095,97,632,9,2026-05-25,present,0,11,
7096,97,633,9,2026-05-27,present,0,11,
7097,97,634,9,2026-05-29,present,0,11,
7098,97,635,9,2026-06-01,present,0,11,
7099,97,636,9,2026-06-03,present,0,11,
7100,97,637,9,2026-06-05,absent_unexcused,0,11,Sababsiz
7101,97,638,9,2026-06-08,present,0,11,
7102,97,639,9,2026-06-10,present,0,11,
7103,97,640,9,2026-06-12,present,0,11,
7104,97,641,9,2026-06-15,late,17,11,
7105,97,642,9,2026-06-17,present,0,11,
7106,97,643,9,2026-06-19,present,0,11,
7107,97,644,9,2026-06-22,present,0,11,
7108,97,645,9,2026-06-24,present,0,11,
7109,97,646,9,2026-06-26,present,0,11,
7110,97,647,9,2026-06-29,present,0,11,
7111,97,648,9,2026-07-01,present,0,11,
7112,97,649,9,2026-07-03,present,0,11,
7113,97,650,9,2026-07-06,absent_excused,0,11,Ota-ona xabar berdi
7114,97,651,9,2026-07-08,present,0,11,
7115,97,652,9,2026-07-10,present,0,11,
7116,97,653,9,2026-07-13,present,0,11,
7117,97,654,9,2026-07-15,present,0,11,
7118,97,655,9,2026-07-17,present,0,11,
7119,97,656,9,2026-07-20,present,0,11,
7120,97,657,9,2026-07-22,present,0,11,
7121,97,658,9,2026-07-24,present,0,11,
7122,97,659,9,2026-07-27,present,0,11,
7123,97,660,9,2026-07-29,present,0,11,
7124,97,661,9,2026-07-31,present,0,11,
7125,98,589,9,2026-02-09,present,0,11,
7126,98,590,9,2026-02-11,present,0,11,
7127,98,591,9,2026-02-13,present,0,11,
7128,98,592,9,2026-02-16,present,0,11,
7129,98,593,9,2026-02-18,present,0,11,
7130,98,594,9,2026-02-20,present,0,11,
7131,98,595,9,2026-02-23,present,0,11,
7132,98,596,9,2026-02-25,present,0,11,
7133,98,597,9,2026-02-27,present,0,11,
7134,98,598,9,2026-03-02,present,0,11,
7135,98,599,9,2026-03-04,present,0,11,
7136,98,600,9,2026-03-06,present,0,11,
7137,98,601,9,2026-03-09,present,0,11,
7138,98,602,9,2026-03-11,present,0,11,
7139,98,603,9,2026-03-13,present,0,11,
7140,98,604,9,2026-03-16,late,18,11,
7141,98,605,9,2026-03-18,present,0,11,
7142,98,606,9,2026-03-25,present,0,11,
7143,98,607,9,2026-03-27,present,0,11,
7144,98,608,9,2026-03-30,present,0,11,
7145,98,609,9,2026-04-01,present,0,11,
7146,98,610,9,2026-04-03,present,0,11,
7147,98,611,9,2026-04-06,present,0,11,
7148,98,612,9,2026-04-08,present,0,11,
7149,98,613,9,2026-04-10,present,0,11,
7150,98,614,9,2026-04-13,present,0,11,
7151,98,615,9,2026-04-15,present,0,11,
7152,98,616,9,2026-04-17,present,0,11,
7153,98,617,9,2026-04-20,absent_unexcused,0,11,Sababsiz
7154,98,618,9,2026-04-22,present,0,11,
7155,98,619,9,2026-04-24,present,0,11,
7156,98,620,9,2026-04-27,present,0,11,
7157,98,621,9,2026-04-29,present,0,11,
7158,98,622,9,2026-05-01,absent_excused,0,11,Ota-ona xabar berdi
7159,98,623,9,2026-05-04,present,0,11,
7160,98,624,9,2026-05-06,present,0,11,
7161,98,625,9,2026-05-08,present,0,11,
7162,98,626,9,2026-05-11,present,0,11,
7163,98,627,9,2026-05-13,present,0,11,
7164,98,628,9,2026-05-15,present,0,11,
7165,98,629,9,2026-05-18,present,0,11,
7166,98,630,9,2026-05-20,present,0,11,
7167,98,631,9,2026-05-22,present,0,11,
7168,98,632,9,2026-05-25,present,0,11,
7169,98,633,9,2026-05-27,present,0,11,
7170,98,634,9,2026-05-29,present,0,11,
7171,98,635,9,2026-06-01,present,0,11,
7172,98,636,9,2026-06-03,present,0,11,
7173,98,637,9,2026-06-05,present,0,11,
7174,98,638,9,2026-06-08,present,0,11,
7175,98,639,9,2026-06-10,present,0,11,
7176,98,640,9,2026-06-12,present,0,11,
7177,98,641,9,2026-06-15,present,0,11,
7178,98,642,9,2026-06-17,present,0,11,
7179,98,643,9,2026-06-19,present,0,11,
7180,98,644,9,2026-06-22,present,0,11,
7181,98,645,9,2026-06-24,present,0,11,
7182,98,646,9,2026-06-26,absent_unexcused,0,11,Sababsiz
7183,98,647,9,2026-06-29,present,0,11,
7184,98,648,9,2026-07-01,present,0,11,
7185,98,649,9,2026-07-03,present,0,11,
7186,98,650,9,2026-07-06,present,0,11,
7187,98,651,9,2026-07-08,present,0,11,
7188,98,652,9,2026-07-10,absent_excused,0,11,Ota-ona xabar berdi
7189,98,653,9,2026-07-13,present,0,11,
7190,98,654,9,2026-07-15,present,0,11,
7191,98,655,9,2026-07-17,present,0,11,
7192,98,656,9,2026-07-20,present,0,11,
7193,98,657,9,2026-07-22,present,0,11,
7194,98,658,9,2026-07-24,late,22,11,
7195,98,659,9,2026-07-27,present,0,11,
7196,98,660,9,2026-07-29,present,0,11,
7197,98,661,9,2026-07-31,absent_unexcused,0,11,Sababsiz
7198,99,589,9,2026-02-09,absent_excused,0,11,Ota-ona xabar berdi
7199,99,590,9,2026-02-11,absent_unexcused,0,11,Sababsiz
7200,99,591,9,2026-02-13,absent_unexcused,0,11,Sababsiz
7201,99,592,9,2026-02-16,present,0,11,
7202,99,593,9,2026-02-18,present,0,11,
7203,99,594,9,2026-02-20,absent_excused,0,11,Ota-ona xabar berdi
7204,99,595,9,2026-02-23,present,0,11,
7205,99,596,9,2026-02-25,absent_excused,0,11,Ota-ona xabar berdi
7206,99,597,9,2026-02-27,present,0,11,
7207,99,598,9,2026-03-02,late,10,11,
7208,99,599,9,2026-03-04,late,7,11,
7209,99,600,9,2026-03-06,absent_excused,0,11,Ota-ona xabar berdi
7210,99,601,9,2026-03-09,present,0,11,
7211,99,602,9,2026-03-11,late,16,11,
7212,99,603,9,2026-03-13,late,25,11,
7213,99,604,9,2026-03-16,absent_excused,0,11,Ota-ona xabar berdi
7214,99,605,9,2026-03-18,absent_unexcused,0,11,Sababsiz
7215,99,606,9,2026-03-25,present,0,11,
7216,99,607,9,2026-03-27,present,0,11,
7217,99,608,9,2026-03-30,absent_unexcused,0,11,Sababsiz
7218,99,609,9,2026-04-01,present,0,11,
7219,99,610,9,2026-04-03,present,0,11,
7220,99,611,9,2026-04-06,absent_unexcused,0,11,Sababsiz
7221,99,612,9,2026-04-08,present,0,11,
7222,99,613,9,2026-04-10,absent_unexcused,0,11,Sababsiz
7223,99,614,9,2026-04-13,absent_unexcused,0,11,Sababsiz
7224,99,615,9,2026-04-15,late,17,11,
7225,99,616,9,2026-04-17,present,0,11,
7226,99,617,9,2026-04-20,absent_unexcused,0,11,Sababsiz
7227,99,618,9,2026-04-22,absent_unexcused,0,11,Sababsiz
7228,99,619,9,2026-04-24,present,0,11,
7229,99,620,9,2026-04-27,absent_unexcused,0,11,Sababsiz
7230,99,621,9,2026-04-29,late,19,11,
7231,99,622,9,2026-05-01,present,0,11,
7232,99,623,9,2026-05-04,absent_excused,0,11,Ota-ona xabar berdi
7233,99,624,9,2026-05-06,absent_unexcused,0,11,Sababsiz
7234,99,625,9,2026-05-08,present,0,11,
7235,99,626,9,2026-05-11,late,20,11,
7236,99,627,9,2026-05-13,absent_unexcused,0,11,Sababsiz
7237,99,628,9,2026-05-15,absent_excused,0,11,Ota-ona xabar berdi
7238,99,629,9,2026-05-18,present,0,11,
7239,99,630,9,2026-05-20,present,0,11,
7240,99,631,9,2026-05-22,late,9,11,
7241,99,632,9,2026-05-25,present,0,11,
7242,99,633,9,2026-05-27,absent_unexcused,0,11,Sababsiz
7243,99,634,9,2026-05-29,absent_unexcused,0,11,Sababsiz
7244,99,635,9,2026-06-01,absent_excused,0,11,Ota-ona xabar berdi
7245,99,636,9,2026-06-03,late,9,11,
7246,99,637,9,2026-06-05,absent_unexcused,0,11,Sababsiz
7247,99,638,9,2026-06-08,late,24,11,
7248,99,639,9,2026-06-10,absent_unexcused,0,11,Sababsiz
7249,99,640,9,2026-06-12,late,20,11,
7250,99,641,9,2026-06-15,late,12,11,
7251,99,642,9,2026-06-17,late,12,11,
7252,99,643,9,2026-06-19,present,0,11,
7253,99,644,9,2026-06-22,present,0,11,
7254,99,645,9,2026-06-24,present,0,11,
7255,99,646,9,2026-06-26,absent_unexcused,0,11,Sababsiz
7256,99,647,9,2026-06-29,present,0,11,
7257,99,648,9,2026-07-01,absent_excused,0,11,Ota-ona xabar berdi
7258,99,649,9,2026-07-03,late,5,11,
7259,99,650,9,2026-07-06,present,0,11,
7260,99,651,9,2026-07-08,present,0,11,
7261,99,652,9,2026-07-10,present,0,11,
7262,99,653,9,2026-07-13,absent_excused,0,11,Ota-ona xabar berdi
7263,99,654,9,2026-07-15,late,8,11,
7264,99,655,9,2026-07-17,present,0,11,
7265,99,656,9,2026-07-20,absent_excused,0,11,Ota-ona xabar berdi
7266,99,657,9,2026-07-22,absent_unexcused,0,11,Sababsiz
7267,99,658,9,2026-07-24,absent_excused,0,11,Ota-ona xabar berdi
7268,99,659,9,2026-07-27,present,0,11,
7269,99,660,9,2026-07-29,present,0,11,
7270,99,661,9,2026-07-31,present,0,11,
7271,100,589,9,2026-02-09,present,0,11,
7272,100,590,9,2026-02-11,present,0,11,
7273,100,591,9,2026-02-13,present,0,11,
7274,100,592,9,2026-02-16,present,0,11,
7275,100,593,9,2026-02-18,present,0,11,
7276,100,594,9,2026-02-20,present,0,11,
7277,100,595,9,2026-02-23,present,0,11,
7278,100,596,9,2026-02-25,late,18,11,
7279,100,597,9,2026-02-27,present,0,11,
7280,100,598,9,2026-03-02,present,0,11,
7281,100,599,9,2026-03-04,present,0,11,
7282,100,600,9,2026-03-06,present,0,11,
7283,100,601,9,2026-03-09,present,0,11,
7284,100,602,9,2026-03-11,present,0,11,
7285,100,603,9,2026-03-13,present,0,11,
7286,100,604,9,2026-03-16,present,0,11,
7287,100,605,9,2026-03-18,present,0,11,
7288,100,606,9,2026-03-25,present,0,11,
7289,100,607,9,2026-03-27,present,0,11,
7290,100,608,9,2026-03-30,present,0,11,
7291,100,609,9,2026-04-01,present,0,11,
7292,100,610,9,2026-04-03,present,0,11,
7293,100,611,9,2026-04-06,absent_unexcused,0,11,Sababsiz
7294,100,612,9,2026-04-08,present,0,11,
7295,100,613,9,2026-04-10,present,0,11,
7296,100,614,9,2026-04-13,present,0,11,
7297,100,615,9,2026-04-15,present,0,11,
7298,100,616,9,2026-04-17,present,0,11,
7299,100,617,9,2026-04-20,present,0,11,
7300,100,618,9,2026-04-22,present,0,11,
7301,100,619,9,2026-04-24,present,0,11,
7302,100,620,9,2026-04-27,present,0,11,
7303,100,621,9,2026-04-29,present,0,11,
7304,100,622,9,2026-05-01,present,0,11,
7305,100,623,9,2026-05-04,present,0,11,
7306,100,624,9,2026-05-06,present,0,11,
7307,100,625,9,2026-05-08,present,0,11,
7308,100,626,9,2026-05-11,present,0,11,
7309,100,627,9,2026-05-13,present,0,11,
7310,100,628,9,2026-05-15,present,0,11,
7311,100,629,9,2026-05-18,present,0,11,
7312,100,630,9,2026-05-20,present,0,11,
7313,100,631,9,2026-05-22,present,0,11,
7314,100,632,9,2026-05-25,present,0,11,
7315,100,633,9,2026-05-27,present,0,11,
7316,100,634,9,2026-05-29,present,0,11,
7317,100,635,9,2026-06-01,present,0,11,
7318,100,636,9,2026-06-03,absent_unexcused,0,11,Sababsiz
7319,100,637,9,2026-06-05,absent_unexcused,0,11,Sababsiz
7320,100,638,9,2026-06-08,present,0,11,
7321,100,639,9,2026-06-10,present,0,11,
7322,100,640,9,2026-06-12,present,0,11,
7323,100,641,9,2026-06-15,present,0,11,
7324,100,642,9,2026-06-17,present,0,11,
7325,100,643,9,2026-06-19,present,0,11,
7326,100,644,9,2026-06-22,present,0,11,
7327,100,645,9,2026-06-24,present,0,11,
7328,100,646,9,2026-06-26,present,0,11,
7329,100,647,9,2026-06-29,present,0,11,
7330,100,648,9,2026-07-01,present,0,11,
7331,100,649,9,2026-07-03,present,0,11,
7332,100,650,9,2026-07-06,present,0,11,
7333,100,651,9,2026-07-08,present,0,11,
7334,100,652,9,2026-07-10,present,0,11,
7335,100,653,9,2026-07-13,present,0,11,
7336,100,654,9,2026-07-15,absent_excused,0,11,Ota-ona xabar berdi
7337,100,655,9,2026-07-17,present,0,11,
7338,100,656,9,2026-07-20,present,0,11,
7339,100,657,9,2026-07-22,present,0,11,
7340,100,658,9,2026-07-24,present,0,11,
7341,100,659,9,2026-07-27,present,0,11,
7342,100,660,9,2026-07-29,present,0,11,
7343,100,661,9,2026-07-31,present,0,11,
7344,101,662,10,2026-02-10,present,0,4,
7345,101,663,10,2026-02-12,present,0,4,
7346,101,664,10,2026-02-14,present,0,4,
7347,101,665,10,2026-02-17,late,7,4,
7348,101,666,10,2026-02-19,present,0,4,
7349,101,667,10,2026-02-21,late,8,4,
7350,101,668,10,2026-02-24,late,15,4,
7351,101,669,10,2026-02-26,late,12,4,
7352,101,670,10,2026-02-28,present,0,4,
7353,101,671,10,2026-03-03,present,0,4,
7354,101,672,10,2026-03-05,present,0,4,
7355,101,673,10,2026-03-07,present,0,4,
7356,101,674,10,2026-03-10,present,0,4,
7357,101,675,10,2026-03-12,absent_unexcused,0,4,Sababsiz
7358,101,676,10,2026-03-14,absent_excused,0,4,Ota-ona xabar berdi
7359,101,677,10,2026-03-17,present,0,4,
7360,101,678,10,2026-03-19,absent_excused,0,4,Ota-ona xabar berdi
7361,101,679,10,2026-03-24,late,15,4,
7362,101,680,10,2026-03-26,present,0,4,
7363,101,681,10,2026-03-28,present,0,4,
7364,101,682,10,2026-03-31,present,0,4,
7365,101,683,10,2026-04-02,present,0,4,
7366,101,684,10,2026-04-04,present,0,4,
7367,101,685,10,2026-04-07,present,0,4,
7368,101,686,10,2026-04-09,present,0,4,
7369,101,687,10,2026-04-11,present,0,4,
7370,101,688,10,2026-04-14,absent_unexcused,0,4,Sababsiz
7371,101,689,10,2026-04-16,present,0,4,
7372,101,690,10,2026-04-18,absent_excused,0,4,Ota-ona xabar berdi
7373,101,691,10,2026-04-21,present,0,4,
7374,101,692,10,2026-04-23,present,0,4,
7375,101,693,10,2026-04-25,present,0,4,
7376,101,694,10,2026-04-28,late,13,4,
7377,101,695,10,2026-04-30,present,0,4,
7378,101,696,10,2026-05-02,present,0,4,
7379,101,697,10,2026-05-05,present,0,4,
7380,101,698,10,2026-05-07,late,21,4,
7381,101,699,10,2026-05-12,present,0,4,
7382,101,700,10,2026-05-14,present,0,4,
7383,101,701,10,2026-05-16,present,0,4,
7384,101,702,10,2026-05-19,present,0,4,
7385,101,703,10,2026-05-21,present,0,4,
7386,101,704,10,2026-05-23,present,0,4,
7387,101,705,10,2026-05-26,present,0,4,
7388,101,706,10,2026-05-28,present,0,4,
7389,101,707,10,2026-05-30,present,0,4,
7390,101,708,10,2026-06-02,present,0,4,
7391,101,709,10,2026-06-04,late,14,4,
7392,101,710,10,2026-06-06,late,9,4,
7393,101,711,10,2026-06-09,present,0,4,
7394,101,712,10,2026-06-11,present,0,4,
7395,101,713,10,2026-06-13,present,0,4,
7396,101,714,10,2026-06-16,present,0,4,
7397,101,715,10,2026-06-18,present,0,4,
7398,101,716,10,2026-06-20,present,0,4,
7399,101,717,10,2026-06-23,present,0,4,
7400,101,718,10,2026-06-25,present,0,4,
7401,101,719,10,2026-06-27,absent_unexcused,0,4,Sababsiz
7402,101,720,10,2026-06-30,late,18,4,
7403,101,721,10,2026-07-02,present,0,4,
7404,101,722,10,2026-07-04,present,0,4,
7405,101,723,10,2026-07-07,present,0,4,
7406,101,724,10,2026-07-09,present,0,4,
7407,101,725,10,2026-07-11,present,0,4,
7408,101,726,10,2026-07-14,present,0,4,
7409,101,727,10,2026-07-16,absent_excused,0,4,Ota-ona xabar berdi
7410,101,728,10,2026-07-18,present,0,4,
7411,101,729,10,2026-07-21,present,0,4,
7412,101,730,10,2026-07-23,present,0,4,
7413,101,731,10,2026-07-25,absent_unexcused,0,4,Sababsiz
7414,101,732,10,2026-07-28,late,25,4,
7415,101,733,10,2026-07-30,present,0,4,
7416,102,662,10,2026-02-10,present,0,4,
7417,102,663,10,2026-02-12,present,0,4,
7418,102,664,10,2026-02-14,present,0,4,
7419,102,665,10,2026-02-17,present,0,4,
7420,102,666,10,2026-02-19,present,0,4,
7421,102,667,10,2026-02-21,present,0,4,
7422,102,668,10,2026-02-24,present,0,4,
7423,102,669,10,2026-02-26,present,0,4,
7424,102,670,10,2026-02-28,present,0,4,
7425,102,671,10,2026-03-03,present,0,4,
7426,102,672,10,2026-03-05,present,0,4,
7427,102,673,10,2026-03-07,absent_unexcused,0,4,Sababsiz
7428,102,674,10,2026-03-10,present,0,4,
7429,102,675,10,2026-03-12,present,0,4,
7430,102,676,10,2026-03-14,late,13,4,
7431,102,677,10,2026-03-17,present,0,4,
7432,102,678,10,2026-03-19,present,0,4,
7433,102,679,10,2026-03-24,present,0,4,
7434,102,680,10,2026-03-26,present,0,4,
7435,102,681,10,2026-03-28,present,0,4,
7436,102,682,10,2026-03-31,present,0,4,
7437,102,683,10,2026-04-02,present,0,4,
7438,102,684,10,2026-04-04,present,0,4,
7439,102,685,10,2026-04-07,present,0,4,
7440,102,686,10,2026-04-09,absent_unexcused,0,4,Sababsiz
7441,102,687,10,2026-04-11,absent_unexcused,0,4,Sababsiz
7442,102,688,10,2026-04-14,present,0,4,
7443,102,689,10,2026-04-16,present,0,4,
7444,102,690,10,2026-04-18,present,0,4,
7445,102,691,10,2026-04-21,present,0,4,
7446,102,692,10,2026-04-23,present,0,4,
7447,102,693,10,2026-04-25,late,23,4,
7448,102,694,10,2026-04-28,present,0,4,
7449,102,695,10,2026-04-30,present,0,4,
7450,102,696,10,2026-05-02,present,0,4,
7451,102,697,10,2026-05-05,present,0,4,
7452,102,698,10,2026-05-07,absent_excused,0,4,Ota-ona xabar berdi
7453,102,699,10,2026-05-12,present,0,4,
7454,102,700,10,2026-05-14,present,0,4,
7455,102,701,10,2026-05-16,present,0,4,
7456,102,702,10,2026-05-19,present,0,4,
7457,102,703,10,2026-05-21,absent_unexcused,0,4,Sababsiz
7458,102,704,10,2026-05-23,present,0,4,
7459,102,705,10,2026-05-26,present,0,4,
7460,102,706,10,2026-05-28,present,0,4,
7461,102,707,10,2026-05-30,present,0,4,
7462,102,708,10,2026-06-02,present,0,4,
7463,102,709,10,2026-06-04,present,0,4,
7464,102,710,10,2026-06-06,present,0,4,
7465,102,711,10,2026-06-09,present,0,4,
7466,102,712,10,2026-06-11,present,0,4,
7467,102,713,10,2026-06-13,late,21,4,
7468,102,714,10,2026-06-16,present,0,4,
7469,102,715,10,2026-06-18,late,5,4,
7470,102,716,10,2026-06-20,present,0,4,
7471,102,717,10,2026-06-23,present,0,4,
7472,102,718,10,2026-06-25,present,0,4,
7473,102,719,10,2026-06-27,absent_excused,0,4,Ota-ona xabar berdi
7474,102,720,10,2026-06-30,present,0,4,
7475,102,721,10,2026-07-02,present,0,4,
7476,102,722,10,2026-07-04,present,0,4,
7477,102,723,10,2026-07-07,present,0,4,
7478,102,724,10,2026-07-09,present,0,4,
7479,102,725,10,2026-07-11,present,0,4,
7480,102,726,10,2026-07-14,present,0,4,
7481,102,727,10,2026-07-16,present,0,4,
7482,102,728,10,2026-07-18,absent_excused,0,4,Ota-ona xabar berdi
7483,102,729,10,2026-07-21,absent_excused,0,4,Ota-ona xabar berdi
7484,102,730,10,2026-07-23,present,0,4,
7485,102,731,10,2026-07-25,present,0,4,
7486,102,732,10,2026-07-28,present,0,4,
7487,102,733,10,2026-07-30,absent_unexcused,0,4,Sababsiz
7488,103,662,10,2026-02-10,present,0,4,
7489,103,663,10,2026-02-12,present,0,4,
7490,103,664,10,2026-02-14,present,0,4,
7491,103,665,10,2026-02-17,present,0,4,
7492,103,666,10,2026-02-19,present,0,4,
7493,103,667,10,2026-02-21,present,0,4,
7494,103,668,10,2026-02-24,present,0,4,
7495,103,669,10,2026-02-26,present,0,4,
7496,103,670,10,2026-02-28,present,0,4,
7497,103,671,10,2026-03-03,present,0,4,
7498,103,672,10,2026-03-05,present,0,4,
7499,103,673,10,2026-03-07,present,0,4,
7500,103,674,10,2026-03-10,present,0,4,
7501,103,675,10,2026-03-12,absent_unexcused,0,4,Sababsiz
7502,103,676,10,2026-03-14,present,0,4,
7503,103,677,10,2026-03-17,present,0,4,
7504,103,678,10,2026-03-19,present,0,4,
7505,103,679,10,2026-03-24,present,0,4,
7506,103,680,10,2026-03-26,absent_unexcused,0,4,Sababsiz
7507,103,681,10,2026-03-28,present,0,4,
7508,103,682,10,2026-03-31,present,0,4,
7509,103,683,10,2026-04-02,present,0,4,
7510,103,684,10,2026-04-04,present,0,4,
7511,103,685,10,2026-04-07,present,0,4,
7512,103,686,10,2026-04-09,present,0,4,
7513,103,687,10,2026-04-11,present,0,4,
7514,103,688,10,2026-04-14,present,0,4,
7515,103,689,10,2026-04-16,present,0,4,
7516,103,690,10,2026-04-18,present,0,4,
7517,103,691,10,2026-04-21,present,0,4,
7518,103,692,10,2026-04-23,present,0,4,
7519,103,693,10,2026-04-25,present,0,4,
7520,103,694,10,2026-04-28,present,0,4,
7521,103,695,10,2026-04-30,present,0,4,
7522,103,696,10,2026-05-02,present,0,4,
7523,103,697,10,2026-05-05,present,0,4,
7524,103,698,10,2026-05-07,present,0,4,
7525,103,699,10,2026-05-12,present,0,4,
7526,103,700,10,2026-05-14,present,0,4,
7527,103,701,10,2026-05-16,present,0,4,
7528,103,702,10,2026-05-19,present,0,4,
7529,103,703,10,2026-05-21,present,0,4,
7530,103,704,10,2026-05-23,present,0,4,
7531,103,705,10,2026-05-26,present,0,4,
7532,103,706,10,2026-05-28,present,0,4,
7533,103,707,10,2026-05-30,present,0,4,
7534,103,708,10,2026-06-02,present,0,4,
7535,103,709,10,2026-06-04,present,0,4,
7536,103,710,10,2026-06-06,present,0,4,
7537,103,711,10,2026-06-09,absent_unexcused,0,4,Sababsiz
7538,103,712,10,2026-06-11,absent_excused,0,4,Ota-ona xabar berdi
7539,103,713,10,2026-06-13,present,0,4,
7540,103,714,10,2026-06-16,present,0,4,
7541,103,715,10,2026-06-18,present,0,4,
7542,103,716,10,2026-06-20,present,0,4,
7543,103,717,10,2026-06-23,present,0,4,
7544,103,718,10,2026-06-25,present,0,4,
7545,103,719,10,2026-06-27,present,0,4,
7546,103,720,10,2026-06-30,present,0,4,
7547,103,721,10,2026-07-02,present,0,4,
7548,103,722,10,2026-07-04,present,0,4,
7549,103,723,10,2026-07-07,present,0,4,
7550,103,724,10,2026-07-09,present,0,4,
7551,103,725,10,2026-07-11,present,0,4,
7552,103,726,10,2026-07-14,absent_unexcused,0,4,Sababsiz
7553,103,727,10,2026-07-16,present,0,4,
7554,103,728,10,2026-07-18,late,20,4,
7555,103,729,10,2026-07-21,present,0,4,
7556,103,730,10,2026-07-23,present,0,4,
7557,103,731,10,2026-07-25,present,0,4,
7558,103,732,10,2026-07-28,present,0,4,
7559,103,733,10,2026-07-30,present,0,4,
7560,104,662,10,2026-02-10,present,0,4,
7561,104,663,10,2026-02-12,present,0,4,
7562,104,664,10,2026-02-14,absent_unexcused,0,4,Sababsiz
7563,104,665,10,2026-02-17,late,8,4,
7564,104,666,10,2026-02-19,present,0,4,
7565,104,667,10,2026-02-21,present,0,4,
7566,104,668,10,2026-02-24,present,0,4,
7567,104,669,10,2026-02-26,present,0,4,
7568,104,670,10,2026-02-28,present,0,4,
7569,104,671,10,2026-03-03,present,0,4,
7570,104,672,10,2026-03-05,present,0,4,
7571,104,673,10,2026-03-07,present,0,4,
7572,104,674,10,2026-03-10,late,25,4,
7573,104,675,10,2026-03-12,absent_unexcused,0,4,Sababsiz
7574,104,676,10,2026-03-14,present,0,4,
7575,104,677,10,2026-03-17,present,0,4,
7576,104,678,10,2026-03-19,present,0,4,
7577,104,679,10,2026-03-24,present,0,4,
7578,104,680,10,2026-03-26,present,0,4,
7579,104,681,10,2026-03-28,present,0,4,
7580,104,682,10,2026-03-31,present,0,4,
7581,104,683,10,2026-04-02,present,0,4,
7582,104,684,10,2026-04-04,present,0,4,
7583,104,685,10,2026-04-07,late,22,4,
7584,104,686,10,2026-04-09,present,0,4,
7585,104,687,10,2026-04-11,present,0,4,
7586,104,688,10,2026-04-14,present,0,4,
7587,104,689,10,2026-04-16,present,0,4,
7588,104,690,10,2026-04-18,present,0,4,
7589,104,691,10,2026-04-21,present,0,4,
7590,104,692,10,2026-04-23,present,0,4,
7591,104,693,10,2026-04-25,present,0,4,
7592,104,694,10,2026-04-28,present,0,4,
7593,104,695,10,2026-04-30,present,0,4,
7594,104,696,10,2026-05-02,present,0,4,
7595,104,697,10,2026-05-05,present,0,4,
7596,104,698,10,2026-05-07,present,0,4,
7597,104,699,10,2026-05-12,present,0,4,
7598,104,700,10,2026-05-14,present,0,4,
7599,104,701,10,2026-05-16,present,0,4,
7600,104,702,10,2026-05-19,late,16,4,
7601,104,703,10,2026-05-21,absent_unexcused,0,4,Sababsiz
7602,104,704,10,2026-05-23,present,0,4,
7603,104,705,10,2026-05-26,present,0,4,
7604,104,706,10,2026-05-28,late,19,4,
7605,104,707,10,2026-05-30,present,0,4,
7606,104,708,10,2026-06-02,present,0,4,
7607,104,709,10,2026-06-04,present,0,4,
7608,104,710,10,2026-06-06,present,0,4,
7609,104,711,10,2026-06-09,present,0,4,
7610,104,712,10,2026-06-11,present,0,4,
7611,104,713,10,2026-06-13,present,0,4,
7612,104,714,10,2026-06-16,present,0,4,
7613,104,715,10,2026-06-18,late,13,4,
7614,104,716,10,2026-06-20,present,0,4,
7615,104,717,10,2026-06-23,present,0,4,
7616,104,718,10,2026-06-25,present,0,4,
7617,104,719,10,2026-06-27,late,10,4,
7618,104,720,10,2026-06-30,late,5,4,
7619,104,721,10,2026-07-02,late,22,4,
7620,104,722,10,2026-07-04,late,14,4,
7621,104,723,10,2026-07-07,present,0,4,
7622,104,724,10,2026-07-09,present,0,4,
7623,104,725,10,2026-07-11,present,0,4,
7624,104,726,10,2026-07-14,present,0,4,
7625,104,727,10,2026-07-16,absent_unexcused,0,4,Sababsiz
7626,104,728,10,2026-07-18,late,10,4,
7627,104,729,10,2026-07-21,present,0,4,
7628,104,730,10,2026-07-23,present,0,4,
7629,104,731,10,2026-07-25,present,0,4,
7630,104,732,10,2026-07-28,present,0,4,
7631,104,733,10,2026-07-30,present,0,4,
7632,105,662,10,2026-02-10,present,0,4,
7633,105,663,10,2026-02-12,absent_unexcused,0,4,Sababsiz
7634,105,664,10,2026-02-14,present,0,4,
7635,105,665,10,2026-02-17,present,0,4,
7636,105,666,10,2026-02-19,present,0,4,
7637,105,667,10,2026-02-21,present,0,4,
7638,105,668,10,2026-02-24,present,0,4,
7639,105,669,10,2026-02-26,present,0,4,
7640,105,670,10,2026-02-28,present,0,4,
7641,105,671,10,2026-03-03,present,0,4,
7642,105,672,10,2026-03-05,present,0,4,
7643,105,673,10,2026-03-07,late,9,4,
7644,105,674,10,2026-03-10,present,0,4,
7645,105,675,10,2026-03-12,present,0,4,
7646,105,676,10,2026-03-14,present,0,4,
7647,105,677,10,2026-03-17,present,0,4,
7648,105,678,10,2026-03-19,absent_unexcused,0,4,Sababsiz
7649,105,679,10,2026-03-24,absent_unexcused,0,4,Sababsiz
7650,105,680,10,2026-03-26,present,0,4,
7651,105,681,10,2026-03-28,present,0,4,
7652,105,682,10,2026-03-31,present,0,4,
7653,105,683,10,2026-04-02,present,0,4,
7654,105,684,10,2026-04-04,present,0,4,
7655,105,685,10,2026-04-07,present,0,4,
7656,105,686,10,2026-04-09,absent_unexcused,0,4,Sababsiz
7657,105,687,10,2026-04-11,present,0,4,
7658,105,688,10,2026-04-14,late,10,4,
7659,105,689,10,2026-04-16,present,0,4,
7660,105,690,10,2026-04-18,present,0,4,
7661,105,691,10,2026-04-21,present,0,4,
7662,105,692,10,2026-04-23,present,0,4,
7663,105,693,10,2026-04-25,present,0,4,
7664,105,694,10,2026-04-28,absent_excused,0,4,Ota-ona xabar berdi
7665,105,695,10,2026-04-30,present,0,4,
7666,105,696,10,2026-05-02,absent_excused,0,4,Ota-ona xabar berdi
7667,105,697,10,2026-05-05,absent_unexcused,0,4,Sababsiz
7668,105,698,10,2026-05-07,present,0,4,
7669,105,699,10,2026-05-12,present,0,4,
7670,105,700,10,2026-05-14,absent_unexcused,0,4,Sababsiz
7671,105,701,10,2026-05-16,present,0,4,
7672,105,702,10,2026-05-19,present,0,4,
7673,105,703,10,2026-05-21,present,0,4,
7674,105,704,10,2026-05-23,present,0,4,
7675,105,705,10,2026-05-26,late,14,4,
7676,105,706,10,2026-05-28,absent_excused,0,4,Ota-ona xabar berdi
7677,105,707,10,2026-05-30,present,0,4,
7678,105,708,10,2026-06-02,present,0,4,
7679,105,709,10,2026-06-04,present,0,4,
7680,105,710,10,2026-06-06,absent_unexcused,0,4,Sababsiz
7681,105,711,10,2026-06-09,late,7,4,
7682,105,712,10,2026-06-11,present,0,4,
7683,105,713,10,2026-06-13,present,0,4,
7684,105,714,10,2026-06-16,present,0,4,
7685,105,715,10,2026-06-18,present,0,4,
7686,105,716,10,2026-06-20,present,0,4,
7687,105,717,10,2026-06-23,present,0,4,
7688,105,718,10,2026-06-25,present,0,4,
7689,105,719,10,2026-06-27,present,0,4,
7690,105,720,10,2026-06-30,present,0,4,
7691,105,721,10,2026-07-02,present,0,4,
7692,105,722,10,2026-07-04,present,0,4,
7693,105,723,10,2026-07-07,present,0,4,
7694,105,724,10,2026-07-09,present,0,4,
7695,105,725,10,2026-07-11,present,0,4,
7696,105,726,10,2026-07-14,present,0,4,
7697,105,727,10,2026-07-16,present,0,4,
7698,105,728,10,2026-07-18,present,0,4,
7699,105,729,10,2026-07-21,absent_unexcused,0,4,Sababsiz
7700,105,730,10,2026-07-23,present,0,4,
7701,105,731,10,2026-07-25,present,0,4,
7702,105,732,10,2026-07-28,present,0,4,
7703,105,733,10,2026-07-30,present,0,4,
7704,106,662,10,2026-02-10,present,0,4,
7705,106,663,10,2026-02-12,present,0,4,
7706,106,664,10,2026-02-14,present,0,4,
7707,106,665,10,2026-02-17,present,0,4,
7708,106,666,10,2026-02-19,present,0,4,
7709,106,667,10,2026-02-21,present,0,4,
7710,106,668,10,2026-02-24,present,0,4,
7711,106,669,10,2026-02-26,present,0,4,
7712,106,670,10,2026-02-28,present,0,4,
7713,106,671,10,2026-03-03,present,0,4,
7714,106,672,10,2026-03-05,present,0,4,
7715,106,673,10,2026-03-07,absent_unexcused,0,4,Sababsiz
7716,106,674,10,2026-03-10,present,0,4,
7717,106,675,10,2026-03-12,present,0,4,
7718,106,676,10,2026-03-14,present,0,4,
7719,106,677,10,2026-03-17,present,0,4,
7720,106,678,10,2026-03-19,present,0,4,
7721,106,679,10,2026-03-24,present,0,4,
7722,106,680,10,2026-03-26,present,0,4,
7723,106,681,10,2026-03-28,late,14,4,
7724,106,682,10,2026-03-31,present,0,4,
7725,106,683,10,2026-04-02,present,0,4,
7726,106,684,10,2026-04-04,late,18,4,
7727,106,685,10,2026-04-07,present,0,4,
7728,106,686,10,2026-04-09,present,0,4,
7729,106,687,10,2026-04-11,present,0,4,
7730,106,688,10,2026-04-14,present,0,4,
7731,106,689,10,2026-04-16,present,0,4,
7732,106,690,10,2026-04-18,present,0,4,
7733,106,691,10,2026-04-21,present,0,4,
7734,106,692,10,2026-04-23,present,0,4,
7735,106,693,10,2026-04-25,present,0,4,
7736,106,694,10,2026-04-28,present,0,4,
7737,106,695,10,2026-04-30,present,0,4,
7738,106,696,10,2026-05-02,present,0,4,
7739,106,697,10,2026-05-05,late,17,4,
7740,106,698,10,2026-05-07,present,0,4,
7741,106,699,10,2026-05-12,present,0,4,
7742,106,700,10,2026-05-14,late,12,4,
7743,106,701,10,2026-05-16,present,0,4,
7744,106,702,10,2026-05-19,present,0,4,
7745,106,703,10,2026-05-21,present,0,4,
7746,106,704,10,2026-05-23,present,0,4,
7747,106,705,10,2026-05-26,absent_excused,0,4,Ota-ona xabar berdi
7748,106,706,10,2026-05-28,present,0,4,
7749,106,707,10,2026-05-30,present,0,4,
7750,106,708,10,2026-06-02,present,0,4,
7751,106,709,10,2026-06-04,present,0,4,
7752,106,710,10,2026-06-06,present,0,4,
7753,106,711,10,2026-06-09,present,0,4,
7754,106,712,10,2026-06-11,present,0,4,
7755,106,713,10,2026-06-13,absent_unexcused,0,4,Sababsiz
7756,106,714,10,2026-06-16,present,0,4,
7757,106,715,10,2026-06-18,present,0,4,
7758,106,716,10,2026-06-20,present,0,4,
7759,106,717,10,2026-06-23,present,0,4,
7760,106,718,10,2026-06-25,present,0,4,
7761,106,719,10,2026-06-27,absent_unexcused,0,4,Sababsiz
7762,106,720,10,2026-06-30,present,0,4,
7763,106,721,10,2026-07-02,present,0,4,
7764,106,722,10,2026-07-04,present,0,4,
7765,106,723,10,2026-07-07,present,0,4,
7766,106,724,10,2026-07-09,present,0,4,
7767,106,725,10,2026-07-11,present,0,4,
7768,106,726,10,2026-07-14,present,0,4,
7769,106,727,10,2026-07-16,present,0,4,
7770,106,728,10,2026-07-18,present,0,4,
7771,106,729,10,2026-07-21,present,0,4,
7772,106,730,10,2026-07-23,present,0,4,
7773,106,731,10,2026-07-25,present,0,4,
7774,106,732,10,2026-07-28,present,0,4,
7775,106,733,10,2026-07-30,present,0,4,
7776,107,662,10,2026-02-10,absent_unexcused,0,4,Sababsiz
7777,107,663,10,2026-02-12,present,0,4,
7778,107,664,10,2026-02-14,absent_excused,0,4,Ota-ona xabar berdi
7779,107,665,10,2026-02-17,present,0,4,
7780,107,666,10,2026-02-19,present,0,4,
7781,107,667,10,2026-02-21,present,0,4,
7782,107,668,10,2026-02-24,present,0,4,
7783,107,669,10,2026-02-26,present,0,4,
7784,107,670,10,2026-02-28,present,0,4,
7785,107,671,10,2026-03-03,present,0,4,
7786,107,672,10,2026-03-05,present,0,4,
7787,107,673,10,2026-03-07,present,0,4,
7788,107,674,10,2026-03-10,present,0,4,
7789,107,675,10,2026-03-12,present,0,4,
7790,107,676,10,2026-03-14,present,0,4,
7791,107,677,10,2026-03-17,present,0,4,
7792,107,678,10,2026-03-19,present,0,4,
7793,107,679,10,2026-03-24,absent_excused,0,4,Ota-ona xabar berdi
7794,107,680,10,2026-03-26,present,0,4,
7795,107,681,10,2026-03-28,present,0,4,
7796,107,682,10,2026-03-31,present,0,4,
7797,107,683,10,2026-04-02,present,0,4,
7798,107,684,10,2026-04-04,late,21,4,
7799,107,685,10,2026-04-07,present,0,4,
7800,107,686,10,2026-04-09,present,0,4,
7801,107,687,10,2026-04-11,present,0,4,
7802,107,688,10,2026-04-14,present,0,4,
7803,107,689,10,2026-04-16,present,0,4,
7804,107,690,10,2026-04-18,present,0,4,
7805,107,691,10,2026-04-21,present,0,4,
7806,107,692,10,2026-04-23,present,0,4,
7807,107,693,10,2026-04-25,present,0,4,
7808,107,694,10,2026-04-28,present,0,4,
7809,107,695,10,2026-04-30,present,0,4,
7810,107,696,10,2026-05-02,present,0,4,
7811,107,697,10,2026-05-05,present,0,4,
7812,107,698,10,2026-05-07,present,0,4,
7813,107,699,10,2026-05-12,present,0,4,
7814,107,700,10,2026-05-14,present,0,4,
7815,107,701,10,2026-05-16,present,0,4,
7816,107,702,10,2026-05-19,present,0,4,
7817,107,703,10,2026-05-21,present,0,4,
7818,107,704,10,2026-05-23,late,11,4,
7819,107,705,10,2026-05-26,present,0,4,
7820,107,706,10,2026-05-28,present,0,4,
7821,107,707,10,2026-05-30,absent_unexcused,0,4,Sababsiz
7822,107,708,10,2026-06-02,present,0,4,
7823,107,709,10,2026-06-04,present,0,4,
7824,107,710,10,2026-06-06,present,0,4,
7825,107,711,10,2026-06-09,late,6,4,
7826,107,712,10,2026-06-11,present,0,4,
7827,107,713,10,2026-06-13,present,0,4,
7828,107,714,10,2026-06-16,present,0,4,
7829,107,715,10,2026-06-18,present,0,4,
7830,107,716,10,2026-06-20,late,8,4,
7831,107,717,10,2026-06-23,present,0,4,
7832,107,718,10,2026-06-25,absent_unexcused,0,4,Sababsiz
7833,107,719,10,2026-06-27,present,0,4,
7834,107,720,10,2026-06-30,present,0,4,
7835,107,721,10,2026-07-02,present,0,4,
7836,107,722,10,2026-07-04,present,0,4,
7837,107,723,10,2026-07-07,present,0,4,
7838,107,724,10,2026-07-09,present,0,4,
7839,107,725,10,2026-07-11,present,0,4,
7840,107,726,10,2026-07-14,present,0,4,
7841,107,727,10,2026-07-16,present,0,4,
7842,107,728,10,2026-07-18,late,23,4,
7843,107,729,10,2026-07-21,present,0,4,
7844,107,730,10,2026-07-23,present,0,4,
7845,107,731,10,2026-07-25,present,0,4,
7846,107,732,10,2026-07-28,present,0,4,
7847,107,733,10,2026-07-30,present,0,4,
7848,108,662,10,2026-02-10,present,0,4,
7849,108,663,10,2026-02-12,present,0,4,
7850,108,664,10,2026-02-14,present,0,4,
7851,108,665,10,2026-02-17,present,0,4,
7852,108,666,10,2026-02-19,present,0,4,
7853,108,667,10,2026-02-21,present,0,4,
7854,108,668,10,2026-02-24,present,0,4,
7855,108,669,10,2026-02-26,present,0,4,
7856,108,670,10,2026-02-28,present,0,4,
7857,108,671,10,2026-03-03,late,10,4,
7858,108,672,10,2026-03-05,absent_excused,0,4,Ota-ona xabar berdi
7859,108,673,10,2026-03-07,present,0,4,
7860,108,674,10,2026-03-10,present,0,4,
7861,108,675,10,2026-03-12,present,0,4,
7862,108,676,10,2026-03-14,present,0,4,
7863,108,677,10,2026-03-17,present,0,4,
7864,108,678,10,2026-03-19,present,0,4,
7865,108,679,10,2026-03-24,absent_unexcused,0,4,Sababsiz
7866,108,680,10,2026-03-26,present,0,4,
7867,108,681,10,2026-03-28,present,0,4,
7868,108,682,10,2026-03-31,present,0,4,
7869,108,683,10,2026-04-02,present,0,4,
7870,108,684,10,2026-04-04,present,0,4,
7871,108,685,10,2026-04-07,present,0,4,
7872,108,686,10,2026-04-09,present,0,4,
7873,108,687,10,2026-04-11,present,0,4,
7874,108,688,10,2026-04-14,absent_unexcused,0,4,Sababsiz
7875,108,689,10,2026-04-16,present,0,4,
7876,108,690,10,2026-04-18,present,0,4,
7877,108,691,10,2026-04-21,present,0,4,
7878,108,692,10,2026-04-23,absent_excused,0,4,Ota-ona xabar berdi
7879,108,693,10,2026-04-25,present,0,4,
7880,108,694,10,2026-04-28,present,0,4,
7881,108,695,10,2026-04-30,present,0,4,
7882,108,696,10,2026-05-02,present,0,4,
7883,108,697,10,2026-05-05,present,0,4,
7884,108,698,10,2026-05-07,absent_unexcused,0,4,Sababsiz
7885,108,699,10,2026-05-12,present,0,4,
7886,108,700,10,2026-05-14,present,0,4,
7887,108,701,10,2026-05-16,late,5,4,
7888,108,702,10,2026-05-19,present,0,4,
7889,108,703,10,2026-05-21,present,0,4,
7890,108,704,10,2026-05-23,absent_excused,0,4,Ota-ona xabar berdi
7891,108,705,10,2026-05-26,present,0,4,
7892,108,706,10,2026-05-28,present,0,4,
7893,108,707,10,2026-05-30,present,0,4,
7894,108,708,10,2026-06-02,present,0,4,
7895,108,709,10,2026-06-04,present,0,4,
7896,108,710,10,2026-06-06,present,0,4,
7897,108,711,10,2026-06-09,present,0,4,
7898,108,712,10,2026-06-11,present,0,4,
7899,108,713,10,2026-06-13,late,13,4,
7900,108,714,10,2026-06-16,present,0,4,
7901,108,715,10,2026-06-18,present,0,4,
7902,108,716,10,2026-06-20,present,0,4,
7903,108,717,10,2026-06-23,present,0,4,
7904,108,718,10,2026-06-25,present,0,4,
7905,108,719,10,2026-06-27,present,0,4,
7906,108,720,10,2026-06-30,present,0,4,
7907,108,721,10,2026-07-02,absent_unexcused,0,4,Sababsiz
7908,108,722,10,2026-07-04,present,0,4,
7909,108,723,10,2026-07-07,late,25,4,
7910,108,724,10,2026-07-09,present,0,4,
7911,108,725,10,2026-07-11,present,0,4,
7912,108,726,10,2026-07-14,present,0,4,
7913,108,727,10,2026-07-16,present,0,4,
7914,108,728,10,2026-07-18,late,14,4,
7915,108,729,10,2026-07-21,absent_unexcused,0,4,Sababsiz
7916,108,730,10,2026-07-23,present,0,4,
7917,108,731,10,2026-07-25,present,0,4,
7918,108,732,10,2026-07-28,present,0,4,
7919,108,733,10,2026-07-30,present,0,4,
7920,109,662,10,2026-02-10,present,0,4,
7921,109,663,10,2026-02-12,present,0,4,
7922,109,664,10,2026-02-14,present,0,4,
7923,109,665,10,2026-02-17,present,0,4,
7924,109,666,10,2026-02-19,present,0,4,
7925,109,667,10,2026-02-21,present,0,4,
7926,109,668,10,2026-02-24,present,0,4,
7927,109,669,10,2026-02-26,present,0,4,
7928,109,670,10,2026-02-28,present,0,4,
7929,109,671,10,2026-03-03,present,0,4,
7930,109,672,10,2026-03-05,present,0,4,
7931,109,673,10,2026-03-07,present,0,4,
7932,109,674,10,2026-03-10,present,0,4,
7933,109,675,10,2026-03-12,present,0,4,
7934,109,676,10,2026-03-14,present,0,4,
7935,109,677,10,2026-03-17,absent_excused,0,4,Ota-ona xabar berdi
7936,109,678,10,2026-03-19,present,0,4,
7937,109,679,10,2026-03-24,present,0,4,
7938,109,680,10,2026-03-26,present,0,4,
7939,109,681,10,2026-03-28,present,0,4,
7940,109,682,10,2026-03-31,present,0,4,
7941,109,683,10,2026-04-02,present,0,4,
7942,109,684,10,2026-04-04,present,0,4,
7943,109,685,10,2026-04-07,present,0,4,
7944,109,686,10,2026-04-09,present,0,4,
7945,109,687,10,2026-04-11,present,0,4,
7946,109,688,10,2026-04-14,present,0,4,
7947,109,689,10,2026-04-16,absent_unexcused,0,4,Sababsiz
7948,109,690,10,2026-04-18,present,0,4,
7949,109,691,10,2026-04-21,present,0,4,
7950,109,692,10,2026-04-23,present,0,4,
7951,109,693,10,2026-04-25,present,0,4,
7952,109,694,10,2026-04-28,present,0,4,
7953,109,695,10,2026-04-30,present,0,4,
7954,109,696,10,2026-05-02,present,0,4,
7955,109,697,10,2026-05-05,present,0,4,
7956,109,698,10,2026-05-07,present,0,4,
7957,109,699,10,2026-05-12,present,0,4,
7958,109,700,10,2026-05-14,present,0,4,
7959,109,701,10,2026-05-16,present,0,4,
7960,109,702,10,2026-05-19,absent_unexcused,0,4,Sababsiz
7961,109,703,10,2026-05-21,present,0,4,
7962,109,704,10,2026-05-23,present,0,4,
7963,109,705,10,2026-05-26,present,0,4,
7964,109,706,10,2026-05-28,present,0,4,
7965,109,707,10,2026-05-30,present,0,4,
7966,109,708,10,2026-06-02,present,0,4,
7967,109,709,10,2026-06-04,present,0,4,
7968,109,710,10,2026-06-06,present,0,4,
7969,109,711,10,2026-06-09,present,0,4,
7970,109,712,10,2026-06-11,present,0,4,
7971,109,713,10,2026-06-13,present,0,4,
7972,109,714,10,2026-06-16,present,0,4,
7973,109,715,10,2026-06-18,present,0,4,
7974,109,716,10,2026-06-20,present,0,4,
7975,109,717,10,2026-06-23,present,0,4,
7976,109,718,10,2026-06-25,present,0,4,
7977,109,719,10,2026-06-27,late,24,4,
7978,109,720,10,2026-06-30,present,0,4,
7979,109,721,10,2026-07-02,present,0,4,
7980,109,722,10,2026-07-04,present,0,4,
7981,109,723,10,2026-07-07,present,0,4,
7982,109,724,10,2026-07-09,present,0,4,
7983,109,725,10,2026-07-11,present,0,4,
7984,109,726,10,2026-07-14,present,0,4,
7985,109,727,10,2026-07-16,present,0,4,
7986,109,728,10,2026-07-18,present,0,4,
7987,109,729,10,2026-07-21,present,0,4,
7988,109,730,10,2026-07-23,present,0,4,
7989,109,731,10,2026-07-25,present,0,4,
7990,109,732,10,2026-07-28,present,0,4,
7991,109,733,10,2026-07-30,present,0,4,
7992,110,662,10,2026-02-10,present,0,4,
7993,110,663,10,2026-02-12,present,0,4,
7994,110,664,10,2026-02-14,present,0,4,
7995,110,665,10,2026-02-17,present,0,4,
7996,110,666,10,2026-02-19,present,0,4,
7997,110,667,10,2026-02-21,present,0,4,
7998,110,668,10,2026-02-24,present,0,4,
7999,110,669,10,2026-02-26,present,0,4,
8000,110,670,10,2026-02-28,absent_excused,0,4,Ota-ona xabar berdi
8001,110,671,10,2026-03-03,present,0,4,
8002,110,672,10,2026-03-05,present,0,4,
8003,110,673,10,2026-03-07,present,0,4,
8004,110,674,10,2026-03-10,present,0,4,
8005,110,675,10,2026-03-12,present,0,4,
8006,110,676,10,2026-03-14,present,0,4,
8007,110,677,10,2026-03-17,present,0,4,
8008,110,678,10,2026-03-19,present,0,4,
8009,110,679,10,2026-03-24,absent_excused,0,4,Ota-ona xabar berdi
8010,110,680,10,2026-03-26,late,22,4,
8011,110,681,10,2026-03-28,present,0,4,
8012,110,682,10,2026-03-31,present,0,4,
8013,110,683,10,2026-04-02,late,8,4,
8014,110,684,10,2026-04-04,present,0,4,
8015,110,685,10,2026-04-07,present,0,4,
8016,110,686,10,2026-04-09,present,0,4,
8017,110,687,10,2026-04-11,present,0,4,
8018,110,688,10,2026-04-14,present,0,4,
8019,110,689,10,2026-04-16,present,0,4,
8020,110,690,10,2026-04-18,present,0,4,
8021,110,691,10,2026-04-21,present,0,4,
8022,110,692,10,2026-04-23,late,11,4,
8023,110,693,10,2026-04-25,absent_unexcused,0,4,Sababsiz
8024,110,694,10,2026-04-28,late,5,4,
8025,110,695,10,2026-04-30,present,0,4,
8026,110,696,10,2026-05-02,present,0,4,
8027,110,697,10,2026-05-05,absent_excused,0,4,Ota-ona xabar berdi
8028,110,698,10,2026-05-07,late,14,4,
8029,110,699,10,2026-05-12,present,0,4,
8030,110,700,10,2026-05-14,present,0,4,
8031,110,701,10,2026-05-16,present,0,4,
8032,110,702,10,2026-05-19,present,0,4,
8033,110,703,10,2026-05-21,late,20,4,
8034,110,704,10,2026-05-23,present,0,4,
8035,110,705,10,2026-05-26,present,0,4,
8036,110,706,10,2026-05-28,late,17,4,
8037,110,707,10,2026-05-30,late,19,4,
8038,110,708,10,2026-06-02,present,0,4,
8039,110,709,10,2026-06-04,late,20,4,
8040,110,710,10,2026-06-06,present,0,4,
8041,110,711,10,2026-06-09,present,0,4,
8042,110,712,10,2026-06-11,present,0,4,
8043,110,713,10,2026-06-13,present,0,4,
8044,110,714,10,2026-06-16,present,0,4,
8045,110,715,10,2026-06-18,present,0,4,
8046,110,716,10,2026-06-20,late,22,4,
8047,110,717,10,2026-06-23,late,7,4,
8048,110,718,10,2026-06-25,present,0,4,
8049,110,719,10,2026-06-27,present,0,4,
8050,110,720,10,2026-06-30,present,0,4,
8051,110,721,10,2026-07-02,present,0,4,
8052,110,722,10,2026-07-04,present,0,4,
8053,110,723,10,2026-07-07,present,0,4,
8054,110,724,10,2026-07-09,absent_excused,0,4,Ota-ona xabar berdi
8055,110,725,10,2026-07-11,present,0,4,
8056,110,726,10,2026-07-14,present,0,4,
8057,110,727,10,2026-07-16,late,19,4,
8058,110,728,10,2026-07-18,late,14,4,
8059,110,729,10,2026-07-21,present,0,4,
8060,110,730,10,2026-07-23,present,0,4,
8061,110,731,10,2026-07-25,present,0,4,
8062,110,732,10,2026-07-28,present,0,4,
8063,110,733,10,2026-07-30,present,0,4,
8064,111,662,10,2026-02-10,present,0,4,
8065,111,663,10,2026-02-12,present,0,4,
8066,111,664,10,2026-02-14,present,0,4,
8067,111,665,10,2026-02-17,present,0,4,
8068,111,666,10,2026-02-19,present,0,4,
8069,111,667,10,2026-02-21,present,0,4,
8070,111,668,10,2026-02-24,present,0,4,
8071,111,669,10,2026-02-26,present,0,4,
8072,111,670,10,2026-02-28,present,0,4,
8073,111,671,10,2026-03-03,present,0,4,
8074,111,672,10,2026-03-05,present,0,4,
8075,111,673,10,2026-03-07,present,0,4,
8076,111,674,10,2026-03-10,present,0,4,
8077,111,675,10,2026-03-12,present,0,4,
8078,111,676,10,2026-03-14,present,0,4,
8079,111,677,10,2026-03-17,present,0,4,
8080,111,678,10,2026-03-19,present,0,4,
8081,111,679,10,2026-03-24,present,0,4,
8082,111,680,10,2026-03-26,present,0,4,
8083,111,681,10,2026-03-28,present,0,4,
8084,111,682,10,2026-03-31,present,0,4,
8085,111,683,10,2026-04-02,present,0,4,
8086,111,684,10,2026-04-04,present,0,4,
8087,111,685,10,2026-04-07,present,0,4,
8088,111,686,10,2026-04-09,absent_unexcused,0,4,Sababsiz
8089,111,687,10,2026-04-11,present,0,4,
8090,111,688,10,2026-04-14,present,0,4,
8091,111,689,10,2026-04-16,present,0,4,
8092,111,690,10,2026-04-18,present,0,4,
8093,111,691,10,2026-04-21,present,0,4,
8094,111,692,10,2026-04-23,present,0,4,
8095,111,693,10,2026-04-25,present,0,4,
8096,111,694,10,2026-04-28,present,0,4,
8097,111,695,10,2026-04-30,present,0,4,
8098,111,696,10,2026-05-02,present,0,4,
8099,111,697,10,2026-05-05,present,0,4,
8100,111,698,10,2026-05-07,present,0,4,
8101,111,699,10,2026-05-12,present,0,4,
8102,111,700,10,2026-05-14,present,0,4,
8103,111,701,10,2026-05-16,present,0,4,
8104,111,702,10,2026-05-19,present,0,4,
8105,111,703,10,2026-05-21,present,0,4,
8106,111,704,10,2026-05-23,present,0,4,
8107,111,705,10,2026-05-26,present,0,4,
8108,111,706,10,2026-05-28,present,0,4,
8109,111,707,10,2026-05-30,present,0,4,
8110,111,708,10,2026-06-02,present,0,4,
8111,111,709,10,2026-06-04,present,0,4,
8112,111,710,10,2026-06-06,present,0,4,
8113,111,711,10,2026-06-09,present,0,4,
8114,111,712,10,2026-06-11,present,0,4,
8115,111,713,10,2026-06-13,present,0,4,
8116,111,714,10,2026-06-16,present,0,4,
8117,111,715,10,2026-06-18,present,0,4,
8118,111,716,10,2026-06-20,present,0,4,
8119,111,717,10,2026-06-23,present,0,4,
8120,111,718,10,2026-06-25,present,0,4,
8121,111,719,10,2026-06-27,present,0,4,
8122,111,720,10,2026-06-30,present,0,4,
8123,111,721,10,2026-07-02,present,0,4,
8124,111,722,10,2026-07-04,present,0,4,
8125,111,723,10,2026-07-07,present,0,4,
8126,111,724,10,2026-07-09,present,0,4,
8127,111,725,10,2026-07-11,present,0,4,
8128,111,726,10,2026-07-14,present,0,4,
8129,111,727,10,2026-07-16,present,0,4,
8130,111,728,10,2026-07-18,present,0,4,
8131,111,729,10,2026-07-21,present,0,4,
8132,111,730,10,2026-07-23,present,0,4,
8133,111,731,10,2026-07-25,present,0,4,
8134,111,732,10,2026-07-28,present,0,4,
8135,111,733,10,2026-07-30,present,0,4,
8136,112,734,11,2026-02-03,late,5,12,
8137,112,735,11,2026-02-05,present,0,12,
8138,112,736,11,2026-02-07,present,0,12,
8139,112,737,11,2026-02-10,present,0,12,
8140,112,738,11,2026-02-12,present,0,12,
8141,112,739,11,2026-02-14,late,5,12,
8142,112,740,11,2026-02-17,present,0,12,
8143,112,741,11,2026-02-19,absent_unexcused,0,12,Sababsiz
8144,112,742,11,2026-02-21,present,0,12,
8145,112,743,11,2026-02-24,present,0,12,
8146,112,744,11,2026-02-26,present,0,12,
8147,112,745,11,2026-02-28,late,6,12,
8148,112,746,11,2026-03-03,present,0,12,
8149,112,747,11,2026-03-05,absent_unexcused,0,12,Sababsiz
8150,112,748,11,2026-03-07,present,0,12,
8151,112,749,11,2026-03-10,present,0,12,
8152,112,750,11,2026-03-12,present,0,12,
8153,112,751,11,2026-03-14,absent_unexcused,0,12,Sababsiz
8154,112,752,11,2026-03-17,present,0,12,
8155,112,753,11,2026-03-19,present,0,12,
8156,112,754,11,2026-03-24,present,0,12,
8157,112,755,11,2026-03-26,present,0,12,
8158,112,756,11,2026-03-28,present,0,12,
8159,112,757,11,2026-03-31,present,0,12,
8160,112,758,11,2026-04-02,present,0,12,
8161,112,759,11,2026-04-04,present,0,12,
8162,112,760,11,2026-04-07,late,25,12,
8163,112,761,11,2026-04-09,present,0,12,
8164,112,762,11,2026-04-11,present,0,12,
8165,112,763,11,2026-04-14,present,0,12,
8166,112,764,11,2026-04-16,present,0,12,
8167,112,765,11,2026-04-18,absent_excused,0,12,Ota-ona xabar berdi
8168,112,766,11,2026-04-21,present,0,12,
8169,112,767,11,2026-04-23,late,14,12,
8170,112,768,11,2026-04-25,present,0,12,
8171,112,769,11,2026-04-28,late,24,12,
8172,112,770,11,2026-04-30,present,0,12,
8173,112,771,11,2026-05-02,present,0,12,
8174,112,772,11,2026-05-05,present,0,12,
8175,112,773,11,2026-05-07,present,0,12,
8176,112,774,11,2026-05-12,present,0,12,
8177,112,775,11,2026-05-14,present,0,12,
8178,112,776,11,2026-05-16,present,0,12,
8179,112,777,11,2026-05-19,present,0,12,
8180,112,778,11,2026-05-21,present,0,12,
8181,112,779,11,2026-05-23,absent_unexcused,0,12,Sababsiz
8182,112,780,11,2026-05-26,present,0,12,
8183,112,781,11,2026-05-28,present,0,12,
8184,112,782,11,2026-05-30,absent_unexcused,0,12,Sababsiz
8185,112,783,11,2026-06-02,present,0,12,
8186,112,784,11,2026-06-04,absent_excused,0,12,Ota-ona xabar berdi
8187,112,785,11,2026-06-06,present,0,12,
8188,112,786,11,2026-06-09,present,0,12,
8189,112,787,11,2026-06-11,present,0,12,
8190,112,788,11,2026-06-13,late,13,12,
8191,112,789,11,2026-06-16,absent_excused,0,12,Ota-ona xabar berdi
8192,112,790,11,2026-06-18,present,0,12,
8193,112,791,11,2026-06-20,present,0,12,
8194,112,792,11,2026-06-23,present,0,12,
8195,112,793,11,2026-06-25,late,10,12,
8196,112,794,11,2026-06-27,present,0,12,
8197,112,795,11,2026-06-30,present,0,12,
8198,112,796,11,2026-07-02,late,14,12,
8199,112,797,11,2026-07-04,absent_unexcused,0,12,Sababsiz
8200,112,798,11,2026-07-07,present,0,12,
8201,112,799,11,2026-07-09,present,0,12,
8202,112,800,11,2026-07-11,late,17,12,
8203,112,801,11,2026-07-14,late,10,12,
8204,112,802,11,2026-07-16,present,0,12,
8205,112,803,11,2026-07-18,late,11,12,
8206,112,804,11,2026-07-21,late,21,12,
8207,112,805,11,2026-07-23,absent_excused,0,12,Ota-ona xabar berdi
8208,112,806,11,2026-07-25,present,0,12,
8209,112,807,11,2026-07-28,present,0,12,
8210,112,808,11,2026-07-30,present,0,12,
8211,113,734,11,2026-02-03,present,0,12,
8212,113,735,11,2026-02-05,present,0,12,
8213,113,736,11,2026-02-07,absent_excused,0,12,Ota-ona xabar berdi
8214,113,737,11,2026-02-10,present,0,12,
8215,113,738,11,2026-02-12,present,0,12,
8216,113,739,11,2026-02-14,present,0,12,
8217,113,740,11,2026-02-17,present,0,12,
8218,113,741,11,2026-02-19,present,0,12,
8219,113,742,11,2026-02-21,present,0,12,
8220,113,743,11,2026-02-24,present,0,12,
8221,113,744,11,2026-02-26,late,6,12,
8222,113,745,11,2026-02-28,present,0,12,
8223,113,746,11,2026-03-03,present,0,12,
8224,113,747,11,2026-03-05,present,0,12,
8225,113,748,11,2026-03-07,absent_unexcused,0,12,Sababsiz
8226,113,749,11,2026-03-10,late,21,12,
8227,113,750,11,2026-03-12,present,0,12,
8228,113,751,11,2026-03-14,present,0,12,
8229,113,752,11,2026-03-17,present,0,12,
8230,113,753,11,2026-03-19,absent_excused,0,12,Ota-ona xabar berdi
8231,113,754,11,2026-03-24,late,14,12,
8232,113,755,11,2026-03-26,present,0,12,
8233,113,756,11,2026-03-28,present,0,12,
8234,113,757,11,2026-03-31,present,0,12,
8235,113,758,11,2026-04-02,present,0,12,
8236,113,759,11,2026-04-04,present,0,12,
8237,113,760,11,2026-04-07,absent_unexcused,0,12,Sababsiz
8238,113,761,11,2026-04-09,present,0,12,
8239,113,762,11,2026-04-11,absent_unexcused,0,12,Sababsiz
8240,113,763,11,2026-04-14,late,16,12,
8241,113,764,11,2026-04-16,present,0,12,
8242,113,765,11,2026-04-18,absent_unexcused,0,12,Sababsiz
8243,113,766,11,2026-04-21,present,0,12,
8244,113,767,11,2026-04-23,present,0,12,
8245,113,768,11,2026-04-25,present,0,12,
8246,113,769,11,2026-04-28,present,0,12,
8247,113,770,11,2026-04-30,present,0,12,
8248,113,771,11,2026-05-02,present,0,12,
8249,113,772,11,2026-05-05,present,0,12,
8250,113,773,11,2026-05-07,present,0,12,
8251,113,774,11,2026-05-12,absent_unexcused,0,12,Sababsiz
8252,113,775,11,2026-05-14,present,0,12,
8253,113,776,11,2026-05-16,present,0,12,
8254,113,777,11,2026-05-19,present,0,12,
8255,113,778,11,2026-05-21,present,0,12,
8256,113,779,11,2026-05-23,present,0,12,
8257,113,780,11,2026-05-26,present,0,12,
8258,113,781,11,2026-05-28,present,0,12,
8259,113,782,11,2026-05-30,present,0,12,
8260,113,783,11,2026-06-02,present,0,12,
8261,113,784,11,2026-06-04,late,22,12,
8262,113,785,11,2026-06-06,present,0,12,
8263,113,786,11,2026-06-09,present,0,12,
8264,113,787,11,2026-06-11,absent_unexcused,0,12,Sababsiz
8265,113,788,11,2026-06-13,present,0,12,
8266,113,789,11,2026-06-16,present,0,12,
8267,113,790,11,2026-06-18,late,21,12,
8268,113,791,11,2026-06-20,present,0,12,
8269,113,792,11,2026-06-23,late,18,12,
8270,113,793,11,2026-06-25,present,0,12,
8271,113,794,11,2026-06-27,present,0,12,
8272,113,795,11,2026-06-30,absent_excused,0,12,Ota-ona xabar berdi
8273,113,796,11,2026-07-02,present,0,12,
8274,113,797,11,2026-07-04,present,0,12,
8275,113,798,11,2026-07-07,absent_excused,0,12,Ota-ona xabar berdi
8276,113,799,11,2026-07-09,present,0,12,
8277,113,800,11,2026-07-11,present,0,12,
8278,113,801,11,2026-07-14,present,0,12,
8279,113,802,11,2026-07-16,present,0,12,
8280,113,803,11,2026-07-18,present,0,12,
8281,113,804,11,2026-07-21,present,0,12,
8282,113,805,11,2026-07-23,present,0,12,
8283,113,806,11,2026-07-25,late,23,12,
8284,113,807,11,2026-07-28,present,0,12,
8285,113,808,11,2026-07-30,present,0,12,
8286,114,734,11,2026-02-03,present,0,12,
8287,114,735,11,2026-02-05,present,0,12,
8288,114,736,11,2026-02-07,absent_unexcused,0,12,Sababsiz
8289,114,737,11,2026-02-10,present,0,12,
8290,114,738,11,2026-02-12,present,0,12,
8291,114,739,11,2026-02-14,present,0,12,
8292,114,740,11,2026-02-17,late,22,12,
8293,114,741,11,2026-02-19,present,0,12,
8294,114,742,11,2026-02-21,absent_unexcused,0,12,Sababsiz
8295,114,743,11,2026-02-24,present,0,12,
8296,114,744,11,2026-02-26,present,0,12,
8297,114,745,11,2026-02-28,present,0,12,
8298,114,746,11,2026-03-03,present,0,12,
8299,114,747,11,2026-03-05,present,0,12,
8300,114,748,11,2026-03-07,present,0,12,
8301,114,749,11,2026-03-10,late,25,12,
8302,114,750,11,2026-03-12,present,0,12,
8303,114,751,11,2026-03-14,late,15,12,
8304,114,752,11,2026-03-17,present,0,12,
8305,114,753,11,2026-03-19,present,0,12,
8306,114,754,11,2026-03-24,present,0,12,
8307,114,755,11,2026-03-26,present,0,12,
8308,114,756,11,2026-03-28,absent_excused,0,12,Ota-ona xabar berdi
8309,114,757,11,2026-03-31,present,0,12,
8310,114,758,11,2026-04-02,absent_excused,0,12,Ota-ona xabar berdi
8311,114,759,11,2026-04-04,present,0,12,
8312,114,760,11,2026-04-07,present,0,12,
8313,114,761,11,2026-04-09,present,0,12,
8314,114,762,11,2026-04-11,absent_unexcused,0,12,Sababsiz
8315,114,763,11,2026-04-14,present,0,12,
8316,114,764,11,2026-04-16,present,0,12,
8317,114,765,11,2026-04-18,present,0,12,
8318,114,766,11,2026-04-21,present,0,12,
8319,114,767,11,2026-04-23,present,0,12,
8320,114,768,11,2026-04-25,present,0,12,
8321,114,769,11,2026-04-28,present,0,12,
8322,114,770,11,2026-04-30,present,0,12,
8323,114,771,11,2026-05-02,present,0,12,
8324,114,772,11,2026-05-05,present,0,12,
8325,114,773,11,2026-05-07,present,0,12,
8326,114,774,11,2026-05-12,present,0,12,
8327,114,775,11,2026-05-14,present,0,12,
8328,114,776,11,2026-05-16,present,0,12,
8329,114,777,11,2026-05-19,present,0,12,
8330,114,778,11,2026-05-21,present,0,12,
8331,114,779,11,2026-05-23,late,13,12,
8332,114,780,11,2026-05-26,present,0,12,
8333,114,781,11,2026-05-28,absent_excused,0,12,Ota-ona xabar berdi
8334,114,782,11,2026-05-30,absent_unexcused,0,12,Sababsiz
8335,114,783,11,2026-06-02,present,0,12,
8336,114,784,11,2026-06-04,present,0,12,
8337,114,785,11,2026-06-06,present,0,12,
8338,114,786,11,2026-06-09,present,0,12,
8339,114,787,11,2026-06-11,present,0,12,
8340,114,788,11,2026-06-13,present,0,12,
8341,114,789,11,2026-06-16,absent_excused,0,12,Ota-ona xabar berdi
8342,114,790,11,2026-06-18,present,0,12,
8343,114,791,11,2026-06-20,present,0,12,
8344,114,792,11,2026-06-23,late,19,12,
8345,114,793,11,2026-06-25,present,0,12,
8346,114,794,11,2026-06-27,present,0,12,
8347,114,795,11,2026-06-30,absent_unexcused,0,12,Sababsiz
8348,114,796,11,2026-07-02,present,0,12,
8349,114,797,11,2026-07-04,late,9,12,
8350,114,798,11,2026-07-07,present,0,12,
8351,114,799,11,2026-07-09,present,0,12,
8352,114,800,11,2026-07-11,present,0,12,
8353,114,801,11,2026-07-14,absent_unexcused,0,12,Sababsiz
8354,114,802,11,2026-07-16,present,0,12,
8355,114,803,11,2026-07-18,present,0,12,
8356,114,804,11,2026-07-21,late,5,12,
8357,114,805,11,2026-07-23,present,0,12,
8358,114,806,11,2026-07-25,present,0,12,
8359,114,807,11,2026-07-28,present,0,12,
8360,114,808,11,2026-07-30,present,0,12,
8361,115,734,11,2026-02-03,present,0,12,
8362,115,735,11,2026-02-05,present,0,12,
8363,115,736,11,2026-02-07,present,0,12,
8364,115,737,11,2026-02-10,present,0,12,
8365,115,738,11,2026-02-12,present,0,12,
8366,115,739,11,2026-02-14,present,0,12,
8367,115,740,11,2026-02-17,present,0,12,
8368,115,741,11,2026-02-19,present,0,12,
8369,115,742,11,2026-02-21,present,0,12,
8370,115,743,11,2026-02-24,present,0,12,
8371,115,744,11,2026-02-26,present,0,12,
8372,115,745,11,2026-02-28,present,0,12,
8373,115,746,11,2026-03-03,present,0,12,
8374,115,747,11,2026-03-05,present,0,12,
8375,115,748,11,2026-03-07,present,0,12,
8376,115,749,11,2026-03-10,present,0,12,
8377,115,750,11,2026-03-12,absent_excused,0,12,Ota-ona xabar berdi
8378,115,751,11,2026-03-14,present,0,12,
8379,115,752,11,2026-03-17,present,0,12,
8380,115,753,11,2026-03-19,present,0,12,
8381,115,754,11,2026-03-24,present,0,12,
8382,115,755,11,2026-03-26,present,0,12,
8383,115,756,11,2026-03-28,present,0,12,
8384,115,757,11,2026-03-31,present,0,12,
8385,115,758,11,2026-04-02,present,0,12,
8386,115,759,11,2026-04-04,present,0,12,
8387,115,760,11,2026-04-07,present,0,12,
8388,115,761,11,2026-04-09,present,0,12,
8389,115,762,11,2026-04-11,present,0,12,
8390,115,763,11,2026-04-14,present,0,12,
8391,115,764,11,2026-04-16,present,0,12,
8392,115,765,11,2026-04-18,present,0,12,
8393,115,766,11,2026-04-21,present,0,12,
8394,115,767,11,2026-04-23,absent_unexcused,0,12,Sababsiz
8395,115,768,11,2026-04-25,present,0,12,
8396,115,769,11,2026-04-28,present,0,12,
8397,115,770,11,2026-04-30,present,0,12,
8398,115,771,11,2026-05-02,present,0,12,
8399,115,772,11,2026-05-05,present,0,12,
8400,115,773,11,2026-05-07,present,0,12,
8401,115,774,11,2026-05-12,present,0,12,
8402,115,775,11,2026-05-14,present,0,12,
8403,115,776,11,2026-05-16,present,0,12,
8404,115,777,11,2026-05-19,absent_unexcused,0,12,Sababsiz
8405,115,778,11,2026-05-21,present,0,12,
8406,115,779,11,2026-05-23,absent_unexcused,0,12,Sababsiz
8407,115,780,11,2026-05-26,present,0,12,
8408,115,781,11,2026-05-28,present,0,12,
8409,115,782,11,2026-05-30,present,0,12,
8410,115,783,11,2026-06-02,present,0,12,
8411,115,784,11,2026-06-04,present,0,12,
8412,115,785,11,2026-06-06,present,0,12,
8413,115,786,11,2026-06-09,present,0,12,
8414,115,787,11,2026-06-11,present,0,12,
8415,115,788,11,2026-06-13,present,0,12,
8416,115,789,11,2026-06-16,present,0,12,
8417,115,790,11,2026-06-18,present,0,12,
8418,115,791,11,2026-06-20,present,0,12,
8419,115,792,11,2026-06-23,present,0,12,
8420,115,793,11,2026-06-25,late,7,12,
8421,115,794,11,2026-06-27,present,0,12,
8422,115,795,11,2026-06-30,present,0,12,
8423,115,796,11,2026-07-02,present,0,12,
8424,115,797,11,2026-07-04,present,0,12,
8425,115,798,11,2026-07-07,present,0,12,
8426,115,799,11,2026-07-09,present,0,12,
8427,115,800,11,2026-07-11,present,0,12,
8428,115,801,11,2026-07-14,present,0,12,
8429,115,802,11,2026-07-16,present,0,12,
8430,115,803,11,2026-07-18,present,0,12,
8431,115,804,11,2026-07-21,present,0,12,
8432,115,805,11,2026-07-23,present,0,12,
8433,115,806,11,2026-07-25,present,0,12,
8434,115,807,11,2026-07-28,present,0,12,
8435,115,808,11,2026-07-30,present,0,12,
8436,116,734,11,2026-02-03,present,0,12,
8437,116,735,11,2026-02-05,present,0,12,
8438,116,736,11,2026-02-07,present,0,12,
8439,116,737,11,2026-02-10,present,0,12,
8440,116,738,11,2026-02-12,present,0,12,
8441,116,739,11,2026-02-14,present,0,12,
8442,116,740,11,2026-02-17,present,0,12,
8443,116,741,11,2026-02-19,present,0,12,
8444,116,742,11,2026-02-21,absent_excused,0,12,Ota-ona xabar berdi
8445,116,743,11,2026-02-24,present,0,12,
8446,116,744,11,2026-02-26,present,0,12,
8447,116,745,11,2026-02-28,present,0,12,
8448,116,746,11,2026-03-03,present,0,12,
8449,116,747,11,2026-03-05,absent_excused,0,12,Ota-ona xabar berdi
8450,116,748,11,2026-03-07,present,0,12,
8451,116,749,11,2026-03-10,present,0,12,
8452,116,750,11,2026-03-12,present,0,12,
8453,116,751,11,2026-03-14,present,0,12,
8454,116,752,11,2026-03-17,absent_unexcused,0,12,Sababsiz
8455,116,753,11,2026-03-19,present,0,12,
8456,116,754,11,2026-03-24,present,0,12,
8457,116,755,11,2026-03-26,present,0,12,
8458,116,756,11,2026-03-28,absent_excused,0,12,Ota-ona xabar berdi
8459,116,757,11,2026-03-31,present,0,12,
8460,116,758,11,2026-04-02,present,0,12,
8461,116,759,11,2026-04-04,present,0,12,
8462,116,760,11,2026-04-07,absent_excused,0,12,Ota-ona xabar berdi
8463,116,761,11,2026-04-09,present,0,12,
8464,116,762,11,2026-04-11,absent_excused,0,12,Ota-ona xabar berdi
8465,116,763,11,2026-04-14,present,0,12,
8466,116,764,11,2026-04-16,present,0,12,
8467,116,765,11,2026-04-18,absent_unexcused,0,12,Sababsiz
8468,116,766,11,2026-04-21,present,0,12,
8469,116,767,11,2026-04-23,present,0,12,
8470,116,768,11,2026-04-25,present,0,12,
8471,116,769,11,2026-04-28,present,0,12,
8472,116,770,11,2026-04-30,present,0,12,
8473,116,771,11,2026-05-02,present,0,12,
8474,116,772,11,2026-05-05,present,0,12,
8475,116,773,11,2026-05-07,absent_unexcused,0,12,Sababsiz
8476,116,774,11,2026-05-12,present,0,12,
8477,116,775,11,2026-05-14,present,0,12,
8478,116,776,11,2026-05-16,present,0,12,
8479,116,777,11,2026-05-19,present,0,12,
8480,116,778,11,2026-05-21,late,13,12,
8481,116,779,11,2026-05-23,present,0,12,
8482,116,780,11,2026-05-26,late,21,12,
8483,116,781,11,2026-05-28,present,0,12,
8484,116,782,11,2026-05-30,present,0,12,
8485,116,783,11,2026-06-02,present,0,12,
8486,116,784,11,2026-06-04,absent_unexcused,0,12,Sababsiz
8487,116,785,11,2026-06-06,absent_unexcused,0,12,Sababsiz
8488,116,786,11,2026-06-09,present,0,12,
8489,116,787,11,2026-06-11,absent_unexcused,0,12,Sababsiz
8490,116,788,11,2026-06-13,present,0,12,
8491,116,789,11,2026-06-16,present,0,12,
8492,116,790,11,2026-06-18,present,0,12,
8493,116,791,11,2026-06-20,late,23,12,
8494,116,792,11,2026-06-23,present,0,12,
8495,116,793,11,2026-06-25,absent_excused,0,12,Ota-ona xabar berdi
8496,116,794,11,2026-06-27,present,0,12,
8497,116,795,11,2026-06-30,present,0,12,
8498,116,796,11,2026-07-02,late,22,12,
8499,116,797,11,2026-07-04,present,0,12,
8500,116,798,11,2026-07-07,absent_excused,0,12,Ota-ona xabar berdi
8501,116,799,11,2026-07-09,present,0,12,
8502,116,800,11,2026-07-11,present,0,12,
8503,116,801,11,2026-07-14,present,0,12,
8504,116,802,11,2026-07-16,absent_unexcused,0,12,Sababsiz
8505,116,803,11,2026-07-18,present,0,12,
8506,116,804,11,2026-07-21,late,12,12,
8507,116,805,11,2026-07-23,present,0,12,
8508,116,806,11,2026-07-25,absent_unexcused,0,12,Sababsiz
8509,116,807,11,2026-07-28,present,0,12,
8510,116,808,11,2026-07-30,late,22,12,
8511,117,734,11,2026-02-03,present,0,12,
8512,117,735,11,2026-02-05,late,6,12,
8513,117,736,11,2026-02-07,absent_excused,0,12,Ota-ona xabar berdi
8514,117,737,11,2026-02-10,present,0,12,
8515,117,738,11,2026-02-12,absent_unexcused,0,12,Sababsiz
8516,117,739,11,2026-02-14,absent_unexcused,0,12,Sababsiz
8517,117,740,11,2026-02-17,late,5,12,
8518,117,741,11,2026-02-19,present,0,12,
8519,117,742,11,2026-02-21,present,0,12,
8520,117,743,11,2026-02-24,present,0,12,
8521,117,744,11,2026-02-26,late,20,12,
8522,117,745,11,2026-02-28,present,0,12,
8523,117,746,11,2026-03-03,late,16,12,
8524,117,747,11,2026-03-05,late,19,12,
8525,117,748,11,2026-03-07,absent_excused,0,12,Ota-ona xabar berdi
8526,117,749,11,2026-03-10,absent_unexcused,0,12,Sababsiz
8527,117,750,11,2026-03-12,present,0,12,
8528,117,751,11,2026-03-14,absent_unexcused,0,12,Sababsiz
8529,117,752,11,2026-03-17,absent_unexcused,0,12,Sababsiz
8530,117,753,11,2026-03-19,absent_excused,0,12,Ota-ona xabar berdi
8531,117,754,11,2026-03-24,present,0,12,
8532,117,755,11,2026-03-26,present,0,12,
8533,117,756,11,2026-03-28,present,0,12,
8534,117,757,11,2026-03-31,present,0,12,
8535,117,758,11,2026-04-02,present,0,12,
8536,117,759,11,2026-04-04,present,0,12,
8537,117,760,11,2026-04-07,present,0,12,
8538,117,761,11,2026-04-09,present,0,12,
8539,117,762,11,2026-04-11,present,0,12,
8540,117,763,11,2026-04-14,present,0,12,
8541,117,764,11,2026-04-16,late,11,12,
8542,117,765,11,2026-04-18,present,0,12,
8543,117,766,11,2026-04-21,late,17,12,
8544,117,767,11,2026-04-23,present,0,12,
8545,117,768,11,2026-04-25,present,0,12,
8546,117,769,11,2026-04-28,absent_excused,0,12,Ota-ona xabar berdi
8547,117,770,11,2026-04-30,late,10,12,
8548,117,771,11,2026-05-02,absent_excused,0,12,Ota-ona xabar berdi
8549,117,772,11,2026-05-05,present,0,12,
8550,117,773,11,2026-05-07,absent_unexcused,0,12,Sababsiz
8551,117,774,11,2026-05-12,present,0,12,
8552,117,775,11,2026-05-14,late,21,12,
8553,117,776,11,2026-05-16,absent_unexcused,0,12,Sababsiz
8554,117,777,11,2026-05-19,present,0,12,
8555,117,778,11,2026-05-21,present,0,12,
8556,117,779,11,2026-05-23,present,0,12,
8557,117,780,11,2026-05-26,absent_unexcused,0,12,Sababsiz
8558,117,781,11,2026-05-28,present,0,12,
8559,117,782,11,2026-05-30,absent_unexcused,0,12,Sababsiz
8560,117,783,11,2026-06-02,absent_excused,0,12,Ota-ona xabar berdi
8561,117,784,11,2026-06-04,absent_unexcused,0,12,Sababsiz
8562,117,785,11,2026-06-06,absent_unexcused,0,12,Sababsiz
8563,117,786,11,2026-06-09,present,0,12,
8564,117,787,11,2026-06-11,present,0,12,
8565,117,788,11,2026-06-13,present,0,12,
8566,117,789,11,2026-06-16,absent_unexcused,0,12,Sababsiz
8567,117,790,11,2026-06-18,absent_excused,0,12,Ota-ona xabar berdi
8568,117,791,11,2026-06-20,present,0,12,
8569,117,792,11,2026-06-23,absent_excused,0,12,Ota-ona xabar berdi
8570,117,793,11,2026-06-25,absent_unexcused,0,12,Sababsiz
8571,117,794,11,2026-06-27,present,0,12,
8572,117,795,11,2026-06-30,present,0,12,
8573,117,796,11,2026-07-02,present,0,12,
8574,117,797,11,2026-07-04,absent_excused,0,12,Ota-ona xabar berdi
8575,117,798,11,2026-07-07,absent_unexcused,0,12,Sababsiz
8576,117,799,11,2026-07-09,late,22,12,
8577,117,800,11,2026-07-11,present,0,12,
8578,117,801,11,2026-07-14,late,11,12,
8579,117,802,11,2026-07-16,present,0,12,
8580,117,803,11,2026-07-18,absent_excused,0,12,Ota-ona xabar berdi
8581,117,804,11,2026-07-21,absent_unexcused,0,12,Sababsiz
8582,117,805,11,2026-07-23,present,0,12,
8583,117,806,11,2026-07-25,absent_excused,0,12,Ota-ona xabar berdi
8584,117,807,11,2026-07-28,present,0,12,
8585,117,808,11,2026-07-30,absent_excused,0,12,Ota-ona xabar berdi
8586,118,734,11,2026-02-03,present,0,12,
8587,118,735,11,2026-02-05,present,0,12,
8588,118,736,11,2026-02-07,present,0,12,
8589,118,737,11,2026-02-10,absent_excused,0,12,Ota-ona xabar berdi
8590,118,738,11,2026-02-12,present,0,12,
8591,118,739,11,2026-02-14,present,0,12,
8592,118,740,11,2026-02-17,present,0,12,
8593,118,741,11,2026-02-19,present,0,12,
8594,118,742,11,2026-02-21,present,0,12,
8595,118,743,11,2026-02-24,present,0,12,
8596,118,744,11,2026-02-26,present,0,12,
8597,118,745,11,2026-02-28,present,0,12,
8598,118,746,11,2026-03-03,present,0,12,
8599,118,747,11,2026-03-05,present,0,12,
8600,118,748,11,2026-03-07,present,0,12,
8601,118,749,11,2026-03-10,present,0,12,
8602,118,750,11,2026-03-12,present,0,12,
8603,118,751,11,2026-03-14,present,0,12,
8604,118,752,11,2026-03-17,present,0,12,
8605,118,753,11,2026-03-19,present,0,12,
8606,118,754,11,2026-03-24,present,0,12,
8607,118,755,11,2026-03-26,present,0,12,
8608,118,756,11,2026-03-28,present,0,12,
8609,118,757,11,2026-03-31,present,0,12,
8610,118,758,11,2026-04-02,present,0,12,
8611,118,759,11,2026-04-04,present,0,12,
8612,118,760,11,2026-04-07,present,0,12,
8613,118,761,11,2026-04-09,late,13,12,
8614,118,762,11,2026-04-11,present,0,12,
8615,118,763,11,2026-04-14,present,0,12,
8616,118,764,11,2026-04-16,present,0,12,
8617,118,765,11,2026-04-18,present,0,12,
8618,118,766,11,2026-04-21,present,0,12,
8619,118,767,11,2026-04-23,present,0,12,
8620,118,768,11,2026-04-25,present,0,12,
8621,118,769,11,2026-04-28,present,0,12,
8622,118,770,11,2026-04-30,absent_excused,0,12,Ota-ona xabar berdi
8623,118,771,11,2026-05-02,present,0,12,
8624,118,772,11,2026-05-05,present,0,12,
8625,118,773,11,2026-05-07,present,0,12,
8626,118,774,11,2026-05-12,absent_excused,0,12,Ota-ona xabar berdi
8627,118,775,11,2026-05-14,absent_unexcused,0,12,Sababsiz
8628,118,776,11,2026-05-16,late,11,12,
8629,118,777,11,2026-05-19,present,0,12,
8630,118,778,11,2026-05-21,present,0,12,
8631,118,779,11,2026-05-23,present,0,12,
8632,118,780,11,2026-05-26,present,0,12,
8633,118,781,11,2026-05-28,present,0,12,
8634,118,782,11,2026-05-30,absent_excused,0,12,Ota-ona xabar berdi
8635,118,783,11,2026-06-02,present,0,12,
8636,118,784,11,2026-06-04,present,0,12,
8637,118,785,11,2026-06-06,present,0,12,
8638,118,786,11,2026-06-09,present,0,12,
8639,118,787,11,2026-06-11,present,0,12,
8640,118,788,11,2026-06-13,present,0,12,
8641,118,789,11,2026-06-16,absent_unexcused,0,12,Sababsiz
8642,118,790,11,2026-06-18,present,0,12,
8643,118,791,11,2026-06-20,present,0,12,
8644,118,792,11,2026-06-23,present,0,12,
8645,118,793,11,2026-06-25,present,0,12,
8646,118,794,11,2026-06-27,present,0,12,
8647,118,795,11,2026-06-30,present,0,12,
8648,118,796,11,2026-07-02,present,0,12,
8649,118,797,11,2026-07-04,present,0,12,
8650,118,798,11,2026-07-07,present,0,12,
8651,118,799,11,2026-07-09,late,19,12,
8652,118,800,11,2026-07-11,present,0,12,
8653,118,801,11,2026-07-14,present,0,12,
8654,118,802,11,2026-07-16,present,0,12,
8655,118,803,11,2026-07-18,absent_unexcused,0,12,Sababsiz
8656,118,804,11,2026-07-21,present,0,12,
8657,118,805,11,2026-07-23,late,10,12,
8658,118,806,11,2026-07-25,present,0,12,
8659,118,807,11,2026-07-28,present,0,12,
8660,118,808,11,2026-07-30,present,0,12,
8661,119,734,11,2026-02-03,present,0,12,
8662,119,735,11,2026-02-05,late,11,12,
8663,119,736,11,2026-02-07,absent_unexcused,0,12,Sababsiz
8664,119,737,11,2026-02-10,present,0,12,
8665,119,738,11,2026-02-12,present,0,12,
8666,119,739,11,2026-02-14,present,0,12,
8667,119,740,11,2026-02-17,present,0,12,
8668,119,741,11,2026-02-19,present,0,12,
8669,119,742,11,2026-02-21,present,0,12,
8670,119,743,11,2026-02-24,present,0,12,
8671,119,744,11,2026-02-26,present,0,12,
8672,119,745,11,2026-02-28,present,0,12,
8673,119,746,11,2026-03-03,present,0,12,
8674,119,747,11,2026-03-05,present,0,12,
8675,119,748,11,2026-03-07,late,15,12,
8676,119,749,11,2026-03-10,present,0,12,
8677,119,750,11,2026-03-12,late,13,12,
8678,119,751,11,2026-03-14,late,11,12,
8679,119,752,11,2026-03-17,present,0,12,
8680,119,753,11,2026-03-19,present,0,12,
8681,119,754,11,2026-03-24,present,0,12,
8682,119,755,11,2026-03-26,present,0,12,
8683,119,756,11,2026-03-28,present,0,12,
8684,119,757,11,2026-03-31,present,0,12,
8685,119,758,11,2026-04-02,present,0,12,
8686,119,759,11,2026-04-04,late,23,12,
8687,119,760,11,2026-04-07,present,0,12,
8688,119,761,11,2026-04-09,present,0,12,
8689,119,762,11,2026-04-11,absent_unexcused,0,12,Sababsiz
8690,119,763,11,2026-04-14,present,0,12,
8691,119,764,11,2026-04-16,present,0,12,
8692,119,765,11,2026-04-18,present,0,12,
8693,119,766,11,2026-04-21,present,0,12,
8694,119,767,11,2026-04-23,present,0,12,
8695,119,768,11,2026-04-25,present,0,12,
8696,119,769,11,2026-04-28,present,0,12,
8697,119,770,11,2026-04-30,present,0,12,
8698,119,771,11,2026-05-02,present,0,12,
8699,119,772,11,2026-05-05,present,0,12,
8700,119,773,11,2026-05-07,present,0,12,
8701,119,774,11,2026-05-12,present,0,12,
8702,119,775,11,2026-05-14,present,0,12,
8703,119,776,11,2026-05-16,absent_unexcused,0,12,Sababsiz
8704,119,777,11,2026-05-19,present,0,12,
8705,119,778,11,2026-05-21,absent_unexcused,0,12,Sababsiz
8706,119,779,11,2026-05-23,present,0,12,
8707,119,780,11,2026-05-26,present,0,12,
8708,119,781,11,2026-05-28,present,0,12,
8709,119,782,11,2026-05-30,late,16,12,
8710,119,783,11,2026-06-02,present,0,12,
8711,119,784,11,2026-06-04,present,0,12,
8712,119,785,11,2026-06-06,present,0,12,
8713,119,786,11,2026-06-09,present,0,12,
8714,119,787,11,2026-06-11,present,0,12,
8715,119,788,11,2026-06-13,present,0,12,
8716,119,789,11,2026-06-16,present,0,12,
8717,119,790,11,2026-06-18,present,0,12,
8718,119,791,11,2026-06-20,late,21,12,
8719,119,792,11,2026-06-23,present,0,12,
8720,119,793,11,2026-06-25,present,0,12,
8721,119,794,11,2026-06-27,present,0,12,
8722,119,795,11,2026-06-30,present,0,12,
8723,119,796,11,2026-07-02,present,0,12,
8724,119,797,11,2026-07-04,present,0,12,
8725,119,798,11,2026-07-07,present,0,12,
8726,119,799,11,2026-07-09,present,0,12,
8727,119,800,11,2026-07-11,present,0,12,
8728,119,801,11,2026-07-14,absent_unexcused,0,12,Sababsiz
8729,119,802,11,2026-07-16,absent_unexcused,0,12,Sababsiz
8730,119,803,11,2026-07-18,present,0,12,
8731,119,804,11,2026-07-21,present,0,12,
8732,119,805,11,2026-07-23,late,5,12,
8733,119,806,11,2026-07-25,present,0,12,
8734,119,807,11,2026-07-28,present,0,12,
8735,119,808,11,2026-07-30,present,0,12,
8736,120,734,11,2026-02-03,present,0,12,
8737,120,735,11,2026-02-05,late,25,12,
8738,120,736,11,2026-02-07,absent_unexcused,0,12,Sababsiz
8739,120,737,11,2026-02-10,present,0,12,
8740,120,738,11,2026-02-12,present,0,12,
8741,120,739,11,2026-02-14,present,0,12,
8742,120,740,11,2026-02-17,present,0,12,
8743,120,741,11,2026-02-19,absent_excused,0,12,Ota-ona xabar berdi
8744,120,742,11,2026-02-21,present,0,12,
8745,120,743,11,2026-02-24,absent_excused,0,12,Ota-ona xabar berdi
8746,120,744,11,2026-02-26,absent_excused,0,12,Ota-ona xabar berdi
8747,120,745,11,2026-02-28,absent_excused,0,12,Ota-ona xabar berdi
8748,120,746,11,2026-03-03,late,14,12,
8749,120,747,11,2026-03-05,late,5,12,
8750,120,748,11,2026-03-07,absent_unexcused,0,12,Sababsiz
8751,120,749,11,2026-03-10,absent_excused,0,12,Ota-ona xabar berdi
8752,120,750,11,2026-03-12,absent_excused,0,12,Ota-ona xabar berdi
8753,120,751,11,2026-03-14,present,0,12,
8754,120,752,11,2026-03-17,present,0,12,
8755,120,753,11,2026-03-19,absent_excused,0,12,Ota-ona xabar berdi
8756,120,754,11,2026-03-24,present,0,12,
8757,120,755,11,2026-03-26,absent_excused,0,12,Ota-ona xabar berdi
8758,120,756,11,2026-03-28,absent_excused,0,12,Ota-ona xabar berdi
8759,120,757,11,2026-03-31,present,0,12,
8760,120,758,11,2026-04-02,present,0,12,
8761,120,759,11,2026-04-04,absent_excused,0,12,Ota-ona xabar berdi
8762,120,760,11,2026-04-07,absent_excused,0,12,Ota-ona xabar berdi
8763,120,761,11,2026-04-09,present,0,12,
8764,120,762,11,2026-04-11,present,0,12,
8765,120,763,11,2026-04-14,present,0,12,
8766,120,764,11,2026-04-16,absent_excused,0,12,Ota-ona xabar berdi
8767,120,765,11,2026-04-18,absent_unexcused,0,12,Sababsiz
8768,120,766,11,2026-04-21,absent_excused,0,12,Ota-ona xabar berdi
8769,120,767,11,2026-04-23,present,0,12,
8770,120,768,11,2026-04-25,absent_unexcused,0,12,Sababsiz
8771,120,769,11,2026-04-28,absent_excused,0,12,Ota-ona xabar berdi
8772,120,770,11,2026-04-30,present,0,12,
8773,120,771,11,2026-05-02,late,25,12,
8774,120,772,11,2026-05-05,present,0,12,
8775,120,773,11,2026-05-07,absent_excused,0,12,Ota-ona xabar berdi
8776,120,774,11,2026-05-12,absent_excused,0,12,Ota-ona xabar berdi
8777,120,775,11,2026-05-14,present,0,12,
8778,120,776,11,2026-05-16,late,6,12,
8779,120,777,11,2026-05-19,absent_excused,0,12,Ota-ona xabar berdi
8780,120,778,11,2026-05-21,present,0,12,
8781,120,779,11,2026-05-23,present,0,12,
8782,120,780,11,2026-05-26,present,0,12,
8783,120,781,11,2026-05-28,late,16,12,
8784,120,782,11,2026-05-30,absent_unexcused,0,12,Sababsiz
8785,120,783,11,2026-06-02,absent_excused,0,12,Ota-ona xabar berdi
8786,120,784,11,2026-06-04,absent_unexcused,0,12,Sababsiz
8787,120,785,11,2026-06-06,absent_excused,0,12,Ota-ona xabar berdi
8788,120,786,11,2026-06-09,absent_excused,0,12,Ota-ona xabar berdi
8789,120,787,11,2026-06-11,absent_unexcused,0,12,Sababsiz
8790,120,788,11,2026-06-13,absent_unexcused,0,12,Sababsiz
8791,120,789,11,2026-06-16,late,11,12,
8792,120,790,11,2026-06-18,absent_unexcused,0,12,Sababsiz
8793,120,791,11,2026-06-20,present,0,12,
8794,120,792,11,2026-06-23,absent_excused,0,12,Ota-ona xabar berdi
8795,120,793,11,2026-06-25,absent_unexcused,0,12,Sababsiz
8796,120,794,11,2026-06-27,absent_unexcused,0,12,Sababsiz
8797,120,795,11,2026-06-30,absent_excused,0,12,Ota-ona xabar berdi
8798,120,796,11,2026-07-02,absent_unexcused,0,12,Sababsiz
8799,120,797,11,2026-07-04,absent_excused,0,12,Ota-ona xabar berdi
8800,120,798,11,2026-07-07,absent_unexcused,0,12,Sababsiz
8801,120,799,11,2026-07-09,present,0,12,
8802,120,800,11,2026-07-11,absent_unexcused,0,12,Sababsiz
8803,120,801,11,2026-07-14,absent_excused,0,12,Ota-ona xabar berdi
8804,120,802,11,2026-07-16,absent_excused,0,12,Ota-ona xabar berdi
8805,120,803,11,2026-07-18,absent_unexcused,0,12,Sababsiz
8806,120,804,11,2026-07-21,absent_unexcused,0,12,Sababsiz
8807,120,805,11,2026-07-23,present,0,12,
8808,120,806,11,2026-07-25,present,0,12,
8809,120,807,11,2026-07-28,present,0,12,
8810,120,808,11,2026-07-30,present,0,12,
8811,121,734,11,2026-02-03,late,24,12,
8812,121,735,11,2026-02-05,absent_unexcused,0,12,Sababsiz
8813,121,736,11,2026-02-07,late,21,12,
8814,121,737,11,2026-02-10,present,0,12,
8815,121,738,11,2026-02-12,present,0,12,
8816,121,739,11,2026-02-14,present,0,12,
8817,121,740,11,2026-02-17,present,0,12,
8818,121,741,11,2026-02-19,present,0,12,
8819,121,742,11,2026-02-21,late,16,12,
8820,121,743,11,2026-02-24,present,0,12,
8821,121,744,11,2026-02-26,absent_excused,0,12,Ota-ona xabar berdi
8822,121,745,11,2026-02-28,present,0,12,
8823,121,746,11,2026-03-03,present,0,12,
8824,121,747,11,2026-03-05,present,0,12,
8825,121,748,11,2026-03-07,present,0,12,
8826,121,749,11,2026-03-10,present,0,12,
8827,121,750,11,2026-03-12,present,0,12,
8828,121,751,11,2026-03-14,present,0,12,
8829,121,752,11,2026-03-17,present,0,12,
8830,121,753,11,2026-03-19,present,0,12,
8831,121,754,11,2026-03-24,present,0,12,
8832,121,755,11,2026-03-26,present,0,12,
8833,121,756,11,2026-03-28,present,0,12,
8834,121,757,11,2026-03-31,late,12,12,
8835,121,758,11,2026-04-02,present,0,12,
8836,121,759,11,2026-04-04,present,0,12,
8837,121,760,11,2026-04-07,absent_unexcused,0,12,Sababsiz
8838,121,761,11,2026-04-09,present,0,12,
8839,121,762,11,2026-04-11,present,0,12,
8840,121,763,11,2026-04-14,present,0,12,
8841,121,764,11,2026-04-16,present,0,12,
8842,121,765,11,2026-04-18,present,0,12,
8843,121,766,11,2026-04-21,present,0,12,
8844,121,767,11,2026-04-23,present,0,12,
8845,121,768,11,2026-04-25,present,0,12,
8846,121,769,11,2026-04-28,present,0,12,
8847,121,770,11,2026-04-30,present,0,12,
8848,121,771,11,2026-05-02,absent_excused,0,12,Ota-ona xabar berdi
8849,121,772,11,2026-05-05,present,0,12,
8850,121,773,11,2026-05-07,present,0,12,
8851,121,774,11,2026-05-12,present,0,12,
8852,121,775,11,2026-05-14,present,0,12,
8853,121,776,11,2026-05-16,present,0,12,
8854,121,777,11,2026-05-19,absent_unexcused,0,12,Sababsiz
8855,121,778,11,2026-05-21,present,0,12,
8856,121,779,11,2026-05-23,present,0,12,
8857,121,780,11,2026-05-26,present,0,12,
8858,121,781,11,2026-05-28,absent_unexcused,0,12,Sababsiz
8859,121,782,11,2026-05-30,late,16,12,
8860,121,783,11,2026-06-02,present,0,12,
8861,121,784,11,2026-06-04,present,0,12,
8862,121,785,11,2026-06-06,present,0,12,
8863,121,786,11,2026-06-09,present,0,12,
8864,121,787,11,2026-06-11,present,0,12,
8865,121,788,11,2026-06-13,late,22,12,
8866,121,789,11,2026-06-16,present,0,12,
8867,121,790,11,2026-06-18,present,0,12,
8868,121,791,11,2026-06-20,present,0,12,
8869,121,792,11,2026-06-23,present,0,12,
8870,121,793,11,2026-06-25,late,18,12,
8871,121,794,11,2026-06-27,present,0,12,
8872,121,795,11,2026-06-30,present,0,12,
8873,121,796,11,2026-07-02,present,0,12,
8874,121,797,11,2026-07-04,present,0,12,
8875,121,798,11,2026-07-07,present,0,12,
8876,121,799,11,2026-07-09,present,0,12,
8877,121,800,11,2026-07-11,present,0,12,
8878,121,801,11,2026-07-14,present,0,12,
8879,121,802,11,2026-07-16,present,0,12,
8880,121,803,11,2026-07-18,present,0,12,
8881,121,804,11,2026-07-21,present,0,12,
8882,121,805,11,2026-07-23,present,0,12,
8883,121,806,11,2026-07-25,present,0,12,
8884,121,807,11,2026-07-28,present,0,12,
8885,121,808,11,2026-07-30,present,0,12,
8886,122,734,11,2026-02-03,present,0,12,
8887,122,735,11,2026-02-05,present,0,12,
8888,122,736,11,2026-02-07,present,0,12,
8889,122,737,11,2026-02-10,present,0,12,
8890,122,738,11,2026-02-12,present,0,12,
8891,122,739,11,2026-02-14,present,0,12,
8892,122,740,11,2026-02-17,present,0,12,
8893,122,741,11,2026-02-19,present,0,12,
8894,122,742,11,2026-02-21,present,0,12,
8895,122,743,11,2026-02-24,present,0,12,
8896,122,744,11,2026-02-26,present,0,12,
8897,122,745,11,2026-02-28,present,0,12,
8898,122,746,11,2026-03-03,present,0,12,
8899,122,747,11,2026-03-05,present,0,12,
8900,122,748,11,2026-03-07,present,0,12,
8901,122,749,11,2026-03-10,present,0,12,
8902,122,750,11,2026-03-12,present,0,12,
8903,122,751,11,2026-03-14,present,0,12,
8904,122,752,11,2026-03-17,late,19,12,
8905,122,753,11,2026-03-19,present,0,12,
8906,122,754,11,2026-03-24,present,0,12,
8907,122,755,11,2026-03-26,present,0,12,
8908,122,756,11,2026-03-28,present,0,12,
8909,122,757,11,2026-03-31,present,0,12,
8910,122,758,11,2026-04-02,present,0,12,
8911,122,759,11,2026-04-04,present,0,12,
8912,122,760,11,2026-04-07,present,0,12,
8913,122,761,11,2026-04-09,present,0,12,
8914,122,762,11,2026-04-11,present,0,12,
8915,122,763,11,2026-04-14,present,0,12,
8916,122,764,11,2026-04-16,present,0,12,
8917,122,765,11,2026-04-18,present,0,12,
8918,122,766,11,2026-04-21,present,0,12,
8919,122,767,11,2026-04-23,present,0,12,
8920,122,768,11,2026-04-25,present,0,12,
8921,122,769,11,2026-04-28,present,0,12,
8922,122,770,11,2026-04-30,present,0,12,
8923,122,771,11,2026-05-02,present,0,12,
8924,122,772,11,2026-05-05,present,0,12,
8925,122,773,11,2026-05-07,present,0,12,
8926,122,774,11,2026-05-12,present,0,12,
8927,122,775,11,2026-05-14,present,0,12,
8928,122,776,11,2026-05-16,present,0,12,
8929,122,777,11,2026-05-19,present,0,12,
8930,122,778,11,2026-05-21,present,0,12,
8931,122,779,11,2026-05-23,absent_unexcused,0,12,Sababsiz
8932,122,780,11,2026-05-26,present,0,12,
8933,122,781,11,2026-05-28,present,0,12,
8934,122,782,11,2026-05-30,present,0,12,
8935,122,783,11,2026-06-02,present,0,12,
8936,122,784,11,2026-06-04,present,0,12,
8937,122,785,11,2026-06-06,present,0,12,
8938,122,786,11,2026-06-09,present,0,12,
8939,122,787,11,2026-06-11,present,0,12,
8940,122,788,11,2026-06-13,present,0,12,
8941,122,789,11,2026-06-16,present,0,12,
8942,122,790,11,2026-06-18,present,0,12,
8943,122,791,11,2026-06-20,present,0,12,
8944,122,792,11,2026-06-23,present,0,12,
8945,122,793,11,2026-06-25,present,0,12,
8946,122,794,11,2026-06-27,present,0,12,
8947,122,795,11,2026-06-30,present,0,12,
8948,122,796,11,2026-07-02,present,0,12,
8949,122,797,11,2026-07-04,present,0,12,
8950,122,798,11,2026-07-07,present,0,12,
8951,122,799,11,2026-07-09,present,0,12,
8952,122,800,11,2026-07-11,present,0,12,
8953,122,801,11,2026-07-14,present,0,12,
8954,122,802,11,2026-07-16,present,0,12,
8955,122,803,11,2026-07-18,present,0,12,
8956,122,804,11,2026-07-21,present,0,12,
8957,122,805,11,2026-07-23,present,0,12,
8958,122,806,11,2026-07-25,present,0,12,
8959,122,807,11,2026-07-28,present,0,12,
8960,122,808,11,2026-07-30,present,0,12,
8961,123,734,11,2026-02-03,present,0,12,
8962,123,735,11,2026-02-05,present,0,12,
8963,123,736,11,2026-02-07,present,0,12,
8964,123,737,11,2026-02-10,present,0,12,
8965,123,738,11,2026-02-12,present,0,12,
8966,123,739,11,2026-02-14,present,0,12,
8967,123,740,11,2026-02-17,present,0,12,
8968,123,741,11,2026-02-19,present,0,12,
8969,123,742,11,2026-02-21,present,0,12,
8970,123,743,11,2026-02-24,present,0,12,
8971,123,744,11,2026-02-26,present,0,12,
8972,123,745,11,2026-02-28,present,0,12,
8973,123,746,11,2026-03-03,present,0,12,
8974,123,747,11,2026-03-05,late,7,12,
8975,123,748,11,2026-03-07,present,0,12,
8976,123,749,11,2026-03-10,present,0,12,
8977,123,750,11,2026-03-12,present,0,12,
8978,123,751,11,2026-03-14,present,0,12,
8979,123,752,11,2026-03-17,absent_excused,0,12,Ota-ona xabar berdi
8980,123,753,11,2026-03-19,present,0,12,
8981,123,754,11,2026-03-24,present,0,12,
8982,123,755,11,2026-03-26,present,0,12,
8983,123,756,11,2026-03-28,present,0,12,
8984,123,757,11,2026-03-31,present,0,12,
8985,123,758,11,2026-04-02,present,0,12,
8986,123,759,11,2026-04-04,present,0,12,
8987,123,760,11,2026-04-07,present,0,12,
8988,123,761,11,2026-04-09,present,0,12,
8989,123,762,11,2026-04-11,present,0,12,
8990,123,763,11,2026-04-14,present,0,12,
8991,123,764,11,2026-04-16,present,0,12,
8992,123,765,11,2026-04-18,present,0,12,
8993,123,766,11,2026-04-21,absent_excused,0,12,Ota-ona xabar berdi
8994,123,767,11,2026-04-23,present,0,12,
8995,123,768,11,2026-04-25,present,0,12,
8996,123,769,11,2026-04-28,late,11,12,
8997,123,770,11,2026-04-30,present,0,12,
8998,123,771,11,2026-05-02,present,0,12,
8999,123,772,11,2026-05-05,absent_excused,0,12,Ota-ona xabar berdi
9000,123,773,11,2026-05-07,present,0,12,
9001,123,774,11,2026-05-12,present,0,12,
9002,123,775,11,2026-05-14,present,0,12,
9003,123,776,11,2026-05-16,present,0,12,
9004,123,777,11,2026-05-19,present,0,12,
9005,123,778,11,2026-05-21,present,0,12,
9006,123,779,11,2026-05-23,present,0,12,
9007,123,780,11,2026-05-26,present,0,12,
9008,123,781,11,2026-05-28,present,0,12,
9009,123,782,11,2026-05-30,present,0,12,
9010,123,783,11,2026-06-02,present,0,12,
9011,123,784,11,2026-06-04,present,0,12,
9012,123,785,11,2026-06-06,present,0,12,
9013,123,786,11,2026-06-09,present,0,12,
9014,123,787,11,2026-06-11,present,0,12,
9015,123,788,11,2026-06-13,present,0,12,
9016,123,789,11,2026-06-16,present,0,12,
9017,123,790,11,2026-06-18,present,0,12,
9018,123,791,11,2026-06-20,present,0,12,
9019,123,792,11,2026-06-23,present,0,12,
9020,123,793,11,2026-06-25,present,0,12,
9021,123,794,11,2026-06-27,present,0,12,
9022,123,795,11,2026-06-30,present,0,12,
9023,123,796,11,2026-07-02,present,0,12,
9024,123,797,11,2026-07-04,present,0,12,
9025,123,798,11,2026-07-07,present,0,12,
9026,123,799,11,2026-07-09,present,0,12,
9027,123,800,11,2026-07-11,present,0,12,
9028,123,801,11,2026-07-14,present,0,12,
9029,123,802,11,2026-07-16,present,0,12,
9030,123,803,11,2026-07-18,present,0,12,
9031,123,804,11,2026-07-21,present,0,12,
9032,123,805,11,2026-07-23,present,0,12,
9033,123,806,11,2026-07-25,present,0,12,
9034,123,807,11,2026-07-28,present,0,12,
9035,123,808,11,2026-07-30,present,0,12,
9036,124,809,12,2026-02-14,absent_unexcused,0,8,Sababsiz
9037,124,810,12,2026-02-15,present,0,8,
9038,124,811,12,2026-02-21,present,0,8,
9039,124,812,12,2026-02-22,present,0,8,
9040,124,813,12,2026-02-28,absent_unexcused,0,8,Sababsiz
9041,124,814,12,2026-03-01,absent_unexcused,0,8,Sababsiz
9042,124,815,12,2026-03-07,present,0,8,
9043,124,816,12,2026-03-08,present,0,8,
9044,124,817,12,2026-03-14,present,0,8,
9045,124,818,12,2026-03-15,late,7,8,
9046,124,819,12,2026-03-28,present,0,8,
9047,124,820,12,2026-03-29,present,0,8,
9048,124,821,12,2026-04-04,absent_excused,0,8,Ota-ona xabar berdi
9049,124,822,12,2026-04-05,absent_unexcused,0,8,Sababsiz
9050,124,823,12,2026-04-11,absent_unexcused,0,8,Sababsiz
9051,124,824,12,2026-04-12,absent_excused,0,8,Ota-ona xabar berdi
9052,124,825,12,2026-04-18,absent_unexcused,0,8,Sababsiz
9053,124,826,12,2026-04-19,present,0,8,
9054,124,827,12,2026-04-25,present,0,8,
9055,124,828,12,2026-04-26,absent_unexcused,0,8,Sababsiz
9056,124,829,12,2026-05-02,present,0,8,
9057,124,830,12,2026-05-03,absent_unexcused,0,8,Sababsiz
9058,124,831,12,2026-05-10,present,0,8,
9059,124,832,12,2026-05-16,present,0,8,
9060,124,833,12,2026-05-17,present,0,8,
9061,124,834,12,2026-05-23,absent_unexcused,0,8,Sababsiz
9062,124,835,12,2026-05-24,present,0,8,
9063,124,836,12,2026-05-30,present,0,8,
9064,124,837,12,2026-05-31,present,0,8,
9065,124,838,12,2026-06-06,present,0,8,
9066,124,839,12,2026-06-07,absent_unexcused,0,8,Sababsiz
9067,124,840,12,2026-06-13,late,22,8,
9068,124,841,12,2026-06-14,absent_excused,0,8,Ota-ona xabar berdi
9069,124,842,12,2026-06-20,present,0,8,
9070,124,843,12,2026-06-21,absent_excused,0,8,Ota-ona xabar berdi
9071,124,844,12,2026-06-27,present,0,8,
9072,124,845,12,2026-06-28,late,19,8,
9073,124,846,12,2026-07-04,late,14,8,
9074,124,847,12,2026-07-05,present,0,8,
9075,124,848,12,2026-07-11,absent_excused,0,8,Ota-ona xabar berdi
9076,124,849,12,2026-07-12,present,0,8,
9077,124,850,12,2026-07-18,absent_unexcused,0,8,Sababsiz
9078,124,851,12,2026-07-19,present,0,8,
9079,124,852,12,2026-07-25,present,0,8,
9080,124,853,12,2026-07-26,absent_unexcused,0,8,Sababsiz
9081,125,809,12,2026-02-14,present,0,8,
9082,125,810,12,2026-02-15,present,0,8,
9083,125,811,12,2026-02-21,present,0,8,
9084,125,812,12,2026-02-22,late,24,8,
9085,125,813,12,2026-02-28,late,23,8,
9086,125,814,12,2026-03-01,present,0,8,
9087,125,815,12,2026-03-07,present,0,8,
9088,125,816,12,2026-03-08,present,0,8,
9089,125,817,12,2026-03-14,present,0,8,
9090,125,818,12,2026-03-15,absent_unexcused,0,8,Sababsiz
9091,125,819,12,2026-03-28,present,0,8,
9092,125,820,12,2026-03-29,absent_unexcused,0,8,Sababsiz
9093,125,821,12,2026-04-04,present,0,8,
9094,125,822,12,2026-04-05,present,0,8,
9095,125,823,12,2026-04-11,late,9,8,
9096,125,824,12,2026-04-12,present,0,8,
9097,125,825,12,2026-04-18,late,18,8,
9098,125,826,12,2026-04-19,absent_unexcused,0,8,Sababsiz
9099,125,827,12,2026-04-25,absent_unexcused,0,8,Sababsiz
9100,125,828,12,2026-04-26,late,22,8,
9101,125,829,12,2026-05-02,present,0,8,
9102,125,830,12,2026-05-03,present,0,8,
9103,125,831,12,2026-05-10,late,21,8,
9104,125,832,12,2026-05-16,present,0,8,
9105,125,833,12,2026-05-17,present,0,8,
9106,125,834,12,2026-05-23,absent_unexcused,0,8,Sababsiz
9107,125,835,12,2026-05-24,present,0,8,
9108,125,836,12,2026-05-30,present,0,8,
9109,125,837,12,2026-05-31,present,0,8,
9110,125,838,12,2026-06-06,present,0,8,
9111,125,839,12,2026-06-07,present,0,8,
9112,125,840,12,2026-06-13,present,0,8,
9113,125,841,12,2026-06-14,present,0,8,
9114,125,842,12,2026-06-20,absent_unexcused,0,8,Sababsiz
9115,125,843,12,2026-06-21,present,0,8,
9116,125,844,12,2026-06-27,present,0,8,
9117,125,845,12,2026-06-28,present,0,8,
9118,125,846,12,2026-07-04,absent_excused,0,8,Ota-ona xabar berdi
9119,125,847,12,2026-07-05,present,0,8,
9120,125,848,12,2026-07-11,present,0,8,
9121,125,849,12,2026-07-12,present,0,8,
9122,125,850,12,2026-07-18,absent_unexcused,0,8,Sababsiz
9123,125,851,12,2026-07-19,present,0,8,
9124,125,852,12,2026-07-25,absent_excused,0,8,Ota-ona xabar berdi
9125,125,853,12,2026-07-26,absent_unexcused,0,8,Sababsiz
9126,126,809,12,2026-02-14,present,0,8,
9127,126,810,12,2026-02-15,absent_excused,0,8,Ota-ona xabar berdi
9128,126,811,12,2026-02-21,present,0,8,
9129,126,812,12,2026-02-22,present,0,8,
9130,126,813,12,2026-02-28,present,0,8,
9131,126,814,12,2026-03-01,present,0,8,
9132,126,815,12,2026-03-07,present,0,8,
9133,126,816,12,2026-03-08,absent_excused,0,8,Ota-ona xabar berdi
9134,126,817,12,2026-03-14,absent_unexcused,0,8,Sababsiz
9135,126,818,12,2026-03-15,present,0,8,
9136,126,819,12,2026-03-28,present,0,8,
9137,126,820,12,2026-03-29,present,0,8,
9138,126,821,12,2026-04-04,present,0,8,
9139,126,822,12,2026-04-05,present,0,8,
9140,126,823,12,2026-04-11,late,6,8,
9141,126,824,12,2026-04-12,present,0,8,
9142,126,825,12,2026-04-18,present,0,8,
9143,126,826,12,2026-04-19,present,0,8,
9144,126,827,12,2026-04-25,absent_unexcused,0,8,Sababsiz
9145,126,828,12,2026-04-26,present,0,8,
9146,126,829,12,2026-05-02,present,0,8,
9147,126,830,12,2026-05-03,present,0,8,
9148,126,831,12,2026-05-10,present,0,8,
9149,126,832,12,2026-05-16,present,0,8,
9150,126,833,12,2026-05-17,present,0,8,
9151,126,834,12,2026-05-23,present,0,8,
9152,126,835,12,2026-05-24,present,0,8,
9153,126,836,12,2026-05-30,present,0,8,
9154,126,837,12,2026-05-31,present,0,8,
9155,126,838,12,2026-06-06,present,0,8,
9156,126,839,12,2026-06-07,present,0,8,
9157,126,840,12,2026-06-13,present,0,8,
9158,126,841,12,2026-06-14,late,13,8,
9159,126,842,12,2026-06-20,present,0,8,
9160,126,843,12,2026-06-21,present,0,8,
9161,126,844,12,2026-06-27,present,0,8,
9162,126,845,12,2026-06-28,present,0,8,
9163,126,846,12,2026-07-04,present,0,8,
9164,126,847,12,2026-07-05,present,0,8,
9165,126,848,12,2026-07-11,present,0,8,
9166,126,849,12,2026-07-12,present,0,8,
9167,126,850,12,2026-07-18,present,0,8,
9168,126,851,12,2026-07-19,present,0,8,
9169,126,852,12,2026-07-25,present,0,8,
9170,126,853,12,2026-07-26,present,0,8,
9171,127,809,12,2026-02-14,present,0,8,
9172,127,810,12,2026-02-15,present,0,8,
9173,127,811,12,2026-02-21,present,0,8,
9174,127,812,12,2026-02-22,present,0,8,
9175,127,813,12,2026-02-28,present,0,8,
9176,127,814,12,2026-03-01,present,0,8,
9177,127,815,12,2026-03-07,present,0,8,
9178,127,816,12,2026-03-08,present,0,8,
9179,127,817,12,2026-03-14,present,0,8,
9180,127,818,12,2026-03-15,present,0,8,
9181,127,819,12,2026-03-28,present,0,8,
9182,127,820,12,2026-03-29,present,0,8,
9183,127,821,12,2026-04-04,present,0,8,
9184,127,822,12,2026-04-05,present,0,8,
9185,127,823,12,2026-04-11,late,8,8,
9186,127,824,12,2026-04-12,present,0,8,
9187,127,825,12,2026-04-18,present,0,8,
9188,127,826,12,2026-04-19,late,15,8,
9189,127,827,12,2026-04-25,present,0,8,
9190,127,828,12,2026-04-26,present,0,8,
9191,127,829,12,2026-05-02,present,0,8,
9192,127,830,12,2026-05-03,absent_unexcused,0,8,Sababsiz
9193,127,831,12,2026-05-10,present,0,8,
9194,127,832,12,2026-05-16,present,0,8,
9195,127,833,12,2026-05-17,present,0,8,
9196,127,834,12,2026-05-23,late,21,8,
9197,127,835,12,2026-05-24,present,0,8,
9198,127,836,12,2026-05-30,present,0,8,
9199,127,837,12,2026-05-31,present,0,8,
9200,127,838,12,2026-06-06,present,0,8,
9201,127,839,12,2026-06-07,present,0,8,
9202,127,840,12,2026-06-13,present,0,8,
9203,127,841,12,2026-06-14,present,0,8,
9204,127,842,12,2026-06-20,present,0,8,
9205,127,843,12,2026-06-21,present,0,8,
9206,127,844,12,2026-06-27,present,0,8,
9207,127,845,12,2026-06-28,present,0,8,
9208,127,846,12,2026-07-04,present,0,8,
9209,127,847,12,2026-07-05,present,0,8,
9210,127,848,12,2026-07-11,absent_unexcused,0,8,Sababsiz
9211,127,849,12,2026-07-12,present,0,8,
9212,127,850,12,2026-07-18,present,0,8,
9213,127,851,12,2026-07-19,present,0,8,
9214,127,852,12,2026-07-25,present,0,8,
9215,127,853,12,2026-07-26,present,0,8,
9216,128,809,12,2026-02-14,absent_excused,0,8,Ota-ona xabar berdi
9217,128,810,12,2026-02-15,present,0,8,
9218,128,811,12,2026-02-21,present,0,8,
9219,128,812,12,2026-02-22,present,0,8,
9220,128,813,12,2026-02-28,present,0,8,
9221,128,814,12,2026-03-01,present,0,8,
9222,128,815,12,2026-03-07,absent_excused,0,8,Ota-ona xabar berdi
9223,128,816,12,2026-03-08,absent_excused,0,8,Ota-ona xabar berdi
9224,128,817,12,2026-03-14,absent_excused,0,8,Ota-ona xabar berdi
9225,128,818,12,2026-03-15,present,0,8,
9226,128,819,12,2026-03-28,present,0,8,
9227,128,820,12,2026-03-29,present,0,8,
9228,128,821,12,2026-04-04,present,0,8,
9229,128,822,12,2026-04-05,present,0,8,
9230,128,823,12,2026-04-11,present,0,8,
9231,128,824,12,2026-04-12,present,0,8,
9232,128,825,12,2026-04-18,absent_excused,0,8,Ota-ona xabar berdi
9233,128,826,12,2026-04-19,present,0,8,
9234,128,827,12,2026-04-25,present,0,8,
9235,128,828,12,2026-04-26,absent_excused,0,8,Ota-ona xabar berdi
9236,128,829,12,2026-05-02,absent_unexcused,0,8,Sababsiz
9237,128,830,12,2026-05-03,present,0,8,
9238,128,831,12,2026-05-10,present,0,8,
9239,128,832,12,2026-05-16,absent_unexcused,0,8,Sababsiz
9240,128,833,12,2026-05-17,late,5,8,
9241,128,834,12,2026-05-23,present,0,8,
9242,128,835,12,2026-05-24,late,15,8,
9243,128,836,12,2026-05-30,present,0,8,
9244,128,837,12,2026-05-31,present,0,8,
9245,128,838,12,2026-06-06,present,0,8,
9246,128,839,12,2026-06-07,late,16,8,
9247,128,840,12,2026-06-13,absent_excused,0,8,Ota-ona xabar berdi
9248,128,841,12,2026-06-14,present,0,8,
9249,128,842,12,2026-06-20,absent_excused,0,8,Ota-ona xabar berdi
9250,128,843,12,2026-06-21,present,0,8,
9251,128,844,12,2026-06-27,absent_excused,0,8,Ota-ona xabar berdi
9252,128,845,12,2026-06-28,present,0,8,
9253,128,846,12,2026-07-04,present,0,8,
9254,128,847,12,2026-07-05,absent_excused,0,8,Ota-ona xabar berdi
9255,128,848,12,2026-07-11,present,0,8,
9256,128,849,12,2026-07-12,absent_excused,0,8,Ota-ona xabar berdi
9257,128,850,12,2026-07-18,absent_unexcused,0,8,Sababsiz
9258,128,851,12,2026-07-19,present,0,8,
9259,128,852,12,2026-07-25,absent_unexcused,0,8,Sababsiz
9260,128,853,12,2026-07-26,present,0,8,
9261,129,809,12,2026-02-14,late,22,8,
9262,129,810,12,2026-02-15,present,0,8,
9263,129,811,12,2026-02-21,present,0,8,
9264,129,812,12,2026-02-22,present,0,8,
9265,129,813,12,2026-02-28,late,20,8,
9266,129,814,12,2026-03-01,present,0,8,
9267,129,815,12,2026-03-07,present,0,8,
9268,129,816,12,2026-03-08,absent_excused,0,8,Ota-ona xabar berdi
9269,129,817,12,2026-03-14,present,0,8,
9270,129,818,12,2026-03-15,present,0,8,
9271,129,819,12,2026-03-28,present,0,8,
9272,129,820,12,2026-03-29,present,0,8,
9273,129,821,12,2026-04-04,present,0,8,
9274,129,822,12,2026-04-05,present,0,8,
9275,129,823,12,2026-04-11,present,0,8,
9276,129,824,12,2026-04-12,present,0,8,
9277,129,825,12,2026-04-18,late,10,8,
9278,129,826,12,2026-04-19,present,0,8,
9279,129,827,12,2026-04-25,present,0,8,
9280,129,828,12,2026-04-26,present,0,8,
9281,129,829,12,2026-05-02,present,0,8,
9282,129,830,12,2026-05-03,late,15,8,
9283,129,831,12,2026-05-10,present,0,8,
9284,129,832,12,2026-05-16,present,0,8,
9285,129,833,12,2026-05-17,present,0,8,
9286,129,834,12,2026-05-23,present,0,8,
9287,129,835,12,2026-05-24,present,0,8,
9288,129,836,12,2026-05-30,present,0,8,
9289,129,837,12,2026-05-31,present,0,8,
9290,129,838,12,2026-06-06,present,0,8,
9291,129,839,12,2026-06-07,present,0,8,
9292,129,840,12,2026-06-13,present,0,8,
9293,129,841,12,2026-06-14,present,0,8,
9294,129,842,12,2026-06-20,present,0,8,
9295,129,843,12,2026-06-21,present,0,8,
9296,129,844,12,2026-06-27,present,0,8,
9297,129,845,12,2026-06-28,present,0,8,
9298,129,846,12,2026-07-04,present,0,8,
9299,129,847,12,2026-07-05,present,0,8,
9300,129,848,12,2026-07-11,present,0,8,
9301,129,849,12,2026-07-12,present,0,8,
9302,129,850,12,2026-07-18,present,0,8,
9303,129,851,12,2026-07-19,present,0,8,
9304,129,852,12,2026-07-25,present,0,8,
9305,129,853,12,2026-07-26,present,0,8,
9306,130,809,12,2026-02-14,present,0,8,
9307,130,810,12,2026-02-15,present,0,8,
9308,130,811,12,2026-02-21,present,0,8,
9309,130,812,12,2026-02-22,present,0,8,
9310,130,813,12,2026-02-28,present,0,8,
9311,130,814,12,2026-03-01,present,0,8,
9312,130,815,12,2026-03-07,present,0,8,
9313,130,816,12,2026-03-08,present,0,8,
9314,130,817,12,2026-03-14,present,0,8,
9315,130,818,12,2026-03-15,present,0,8,
9316,130,819,12,2026-03-28,present,0,8,
9317,130,820,12,2026-03-29,present,0,8,
9318,130,821,12,2026-04-04,present,0,8,
9319,130,822,12,2026-04-05,present,0,8,
9320,130,823,12,2026-04-11,late,23,8,
9321,130,824,12,2026-04-12,present,0,8,
9322,130,825,12,2026-04-18,present,0,8,
9323,130,826,12,2026-04-19,present,0,8,
9324,130,827,12,2026-04-25,present,0,8,
9325,130,828,12,2026-04-26,present,0,8,
9326,130,829,12,2026-05-02,present,0,8,
9327,130,830,12,2026-05-03,present,0,8,
9328,130,831,12,2026-05-10,present,0,8,
9329,130,832,12,2026-05-16,present,0,8,
9330,130,833,12,2026-05-17,present,0,8,
9331,130,834,12,2026-05-23,present,0,8,
9332,130,835,12,2026-05-24,present,0,8,
9333,130,836,12,2026-05-30,late,18,8,
9334,130,837,12,2026-05-31,present,0,8,
9335,130,838,12,2026-06-06,present,0,8,
9336,130,839,12,2026-06-07,present,0,8,
9337,130,840,12,2026-06-13,present,0,8,
9338,130,841,12,2026-06-14,late,5,8,
9339,130,842,12,2026-06-20,present,0,8,
9340,130,843,12,2026-06-21,present,0,8,
9341,130,844,12,2026-06-27,present,0,8,
9342,130,845,12,2026-06-28,present,0,8,
9343,130,846,12,2026-07-04,present,0,8,
9344,130,847,12,2026-07-05,absent_unexcused,0,8,Sababsiz
9345,130,848,12,2026-07-11,present,0,8,
9346,130,849,12,2026-07-12,present,0,8,
9347,130,850,12,2026-07-18,present,0,8,
9348,130,851,12,2026-07-19,present,0,8,
9349,130,852,12,2026-07-25,present,0,8,
9350,130,853,12,2026-07-26,absent_excused,0,8,Ota-ona xabar berdi
9351,131,809,12,2026-02-14,present,0,8,
9352,131,810,12,2026-02-15,present,0,8,
9353,131,811,12,2026-02-21,present,0,8,
9354,131,812,12,2026-02-22,absent_unexcused,0,8,Sababsiz
9355,131,813,12,2026-02-28,late,24,8,
9356,131,814,12,2026-03-01,present,0,8,
9357,131,815,12,2026-03-07,present,0,8,
9358,131,816,12,2026-03-08,present,0,8,
9359,131,817,12,2026-03-14,absent_excused,0,8,Ota-ona xabar berdi
9360,131,818,12,2026-03-15,late,22,8,
9361,131,819,12,2026-03-28,present,0,8,
9362,131,820,12,2026-03-29,present,0,8,
9363,131,821,12,2026-04-04,present,0,8,
9364,131,822,12,2026-04-05,late,13,8,
9365,131,823,12,2026-04-11,absent_excused,0,8,Ota-ona xabar berdi
9366,131,824,12,2026-04-12,absent_unexcused,0,8,Sababsiz
9367,131,825,12,2026-04-18,absent_unexcused,0,8,Sababsiz
9368,131,826,12,2026-04-19,absent_unexcused,0,8,Sababsiz
9369,131,827,12,2026-04-25,absent_excused,0,8,Ota-ona xabar berdi
9370,131,828,12,2026-04-26,present,0,8,
9371,131,829,12,2026-05-02,absent_unexcused,0,8,Sababsiz
9372,131,830,12,2026-05-03,present,0,8,
9373,131,831,12,2026-05-10,present,0,8,
9374,131,832,12,2026-05-16,present,0,8,
9375,131,833,12,2026-05-17,present,0,8,
9376,131,834,12,2026-05-23,late,24,8,
9377,131,835,12,2026-05-24,absent_excused,0,8,Ota-ona xabar berdi
9378,131,836,12,2026-05-30,present,0,8,
9379,131,837,12,2026-05-31,present,0,8,
9380,131,838,12,2026-06-06,late,6,8,
9381,131,839,12,2026-06-07,absent_unexcused,0,8,Sababsiz
9382,131,840,12,2026-06-13,absent_unexcused,0,8,Sababsiz
9383,131,841,12,2026-06-14,absent_excused,0,8,Ota-ona xabar berdi
9384,131,842,12,2026-06-20,present,0,8,
9385,131,843,12,2026-06-21,present,0,8,
9386,131,844,12,2026-06-27,absent_excused,0,8,Ota-ona xabar berdi
9387,131,845,12,2026-06-28,present,0,8,
9388,131,846,12,2026-07-04,present,0,8,
9389,131,847,12,2026-07-05,late,6,8,
9390,131,848,12,2026-07-11,present,0,8,
9391,131,849,12,2026-07-12,absent_unexcused,0,8,Sababsiz
9392,131,850,12,2026-07-18,absent_unexcused,0,8,Sababsiz
9393,131,851,12,2026-07-19,present,0,8,
9394,131,852,12,2026-07-25,present,0,8,
9395,131,853,12,2026-07-26,present,0,8,
9396,132,809,12,2026-02-14,present,0,8,
9397,132,810,12,2026-02-15,present,0,8,
9398,132,811,12,2026-02-21,present,0,8,
9399,132,812,12,2026-02-22,absent_excused,0,8,Ota-ona xabar berdi
9400,132,813,12,2026-02-28,present,0,8,
9401,132,814,12,2026-03-01,present,0,8,
9402,132,815,12,2026-03-07,present,0,8,
9403,132,816,12,2026-03-08,present,0,8,
9404,132,817,12,2026-03-14,late,19,8,
9405,132,818,12,2026-03-15,present,0,8,
9406,132,819,12,2026-03-28,present,0,8,
9407,132,820,12,2026-03-29,present,0,8,
9408,132,821,12,2026-04-04,present,0,8,
9409,132,822,12,2026-04-05,present,0,8,
9410,132,823,12,2026-04-11,present,0,8,
9411,132,824,12,2026-04-12,present,0,8,
9412,132,825,12,2026-04-18,present,0,8,
9413,132,826,12,2026-04-19,absent_excused,0,8,Ota-ona xabar berdi
9414,132,827,12,2026-04-25,absent_excused,0,8,Ota-ona xabar berdi
9415,132,828,12,2026-04-26,present,0,8,
9416,132,829,12,2026-05-02,present,0,8,
9417,132,830,12,2026-05-03,present,0,8,
9418,132,831,12,2026-05-10,present,0,8,
9419,132,832,12,2026-05-16,present,0,8,
9420,132,833,12,2026-05-17,present,0,8,
9421,132,834,12,2026-05-23,present,0,8,
9422,132,835,12,2026-05-24,present,0,8,
9423,132,836,12,2026-05-30,present,0,8,
9424,132,837,12,2026-05-31,present,0,8,
9425,132,838,12,2026-06-06,present,0,8,
9426,132,839,12,2026-06-07,absent_excused,0,8,Ota-ona xabar berdi
9427,132,840,12,2026-06-13,late,16,8,
9428,132,841,12,2026-06-14,present,0,8,
9429,132,842,12,2026-06-20,present,0,8,
9430,132,843,12,2026-06-21,present,0,8,
9431,132,844,12,2026-06-27,present,0,8,
9432,132,845,12,2026-06-28,present,0,8,
9433,132,846,12,2026-07-04,present,0,8,
9434,132,847,12,2026-07-05,present,0,8,
9435,132,848,12,2026-07-11,late,12,8,
9436,132,849,12,2026-07-12,absent_unexcused,0,8,Sababsiz
9437,132,850,12,2026-07-18,present,0,8,
9438,132,851,12,2026-07-19,present,0,8,
9439,132,852,12,2026-07-25,present,0,8,
9440,132,853,12,2026-07-26,present,0,8,
9441,133,809,12,2026-02-14,present,0,8,
9442,133,810,12,2026-02-15,present,0,8,
9443,133,811,12,2026-02-21,present,0,8,
9444,133,812,12,2026-02-22,present,0,8,
9445,133,813,12,2026-02-28,present,0,8,
9446,133,814,12,2026-03-01,present,0,8,
9447,133,815,12,2026-03-07,present,0,8,
9448,133,816,12,2026-03-08,present,0,8,
9449,133,817,12,2026-03-14,present,0,8,
9450,133,818,12,2026-03-15,present,0,8,
9451,133,819,12,2026-03-28,present,0,8,
9452,133,820,12,2026-03-29,present,0,8,
9453,133,821,12,2026-04-04,present,0,8,
9454,133,822,12,2026-04-05,present,0,8,
9455,133,823,12,2026-04-11,present,0,8,
9456,133,824,12,2026-04-12,present,0,8,
9457,133,825,12,2026-04-18,present,0,8,
9458,133,826,12,2026-04-19,present,0,8,
9459,133,827,12,2026-04-25,present,0,8,
9460,133,828,12,2026-04-26,present,0,8,
9461,133,829,12,2026-05-02,present,0,8,
9462,133,830,12,2026-05-03,present,0,8,
9463,133,831,12,2026-05-10,present,0,8,
9464,133,832,12,2026-05-16,present,0,8,
9465,133,833,12,2026-05-17,present,0,8,
9466,133,834,12,2026-05-23,late,20,8,
9467,133,835,12,2026-05-24,present,0,8,
9468,133,836,12,2026-05-30,present,0,8,
9469,133,837,12,2026-05-31,present,0,8,
9470,133,838,12,2026-06-06,present,0,8,
9471,133,839,12,2026-06-07,present,0,8,
9472,133,840,12,2026-06-13,present,0,8,
9473,133,841,12,2026-06-14,present,0,8,
9474,133,842,12,2026-06-20,present,0,8,
9475,133,843,12,2026-06-21,present,0,8,
9476,133,844,12,2026-06-27,present,0,8,
9477,133,845,12,2026-06-28,present,0,8,
9478,133,846,12,2026-07-04,present,0,8,
9479,133,847,12,2026-07-05,present,0,8,
9480,133,848,12,2026-07-11,present,0,8,
9481,133,849,12,2026-07-12,present,0,8,
9482,133,850,12,2026-07-18,present,0,8,
9483,133,851,12,2026-07-19,present,0,8,
9484,133,852,12,2026-07-25,present,0,8,
9485,133,853,12,2026-07-26,present,0,8,
9486,134,809,12,2026-02-14,present,0,8,
9487,134,810,12,2026-02-15,present,0,8,
9488,134,811,12,2026-02-21,absent_unexcused,0,8,Sababsiz
9489,134,812,12,2026-02-22,present,0,8,
9490,134,813,12,2026-02-28,present,0,8,
9491,134,814,12,2026-03-01,present,0,8,
9492,134,815,12,2026-03-07,present,0,8,
9493,134,816,12,2026-03-08,present,0,8,
9494,134,817,12,2026-03-14,absent_excused,0,8,Ota-ona xabar berdi
9495,134,818,12,2026-03-15,absent_unexcused,0,8,Sababsiz
9496,134,819,12,2026-03-28,present,0,8,
9497,134,820,12,2026-03-29,present,0,8,
9498,134,821,12,2026-04-04,present,0,8,
9499,134,822,12,2026-04-05,present,0,8,
9500,134,823,12,2026-04-11,present,0,8,
9501,134,824,12,2026-04-12,present,0,8,
9502,134,825,12,2026-04-18,present,0,8,
9503,134,826,12,2026-04-19,present,0,8,
9504,134,827,12,2026-04-25,present,0,8,
9505,134,828,12,2026-04-26,late,20,8,
9506,134,829,12,2026-05-02,present,0,8,
9507,134,830,12,2026-05-03,present,0,8,
9508,134,831,12,2026-05-10,late,22,8,
9509,134,832,12,2026-05-16,present,0,8,
9510,134,833,12,2026-05-17,present,0,8,
9511,134,834,12,2026-05-23,present,0,8,
9512,134,835,12,2026-05-24,late,20,8,
9513,134,836,12,2026-05-30,present,0,8,
9514,134,837,12,2026-05-31,present,0,8,
9515,134,838,12,2026-06-06,present,0,8,
9516,134,839,12,2026-06-07,late,22,8,
9517,134,840,12,2026-06-13,present,0,8,
9518,134,841,12,2026-06-14,absent_unexcused,0,8,Sababsiz
9519,134,842,12,2026-06-20,present,0,8,
9520,134,843,12,2026-06-21,absent_unexcused,0,8,Sababsiz
9521,134,844,12,2026-06-27,absent_unexcused,0,8,Sababsiz
9522,134,845,12,2026-06-28,present,0,8,
9523,134,846,12,2026-07-04,present,0,8,
9524,134,847,12,2026-07-05,present,0,8,
9525,134,848,12,2026-07-11,present,0,8,
9526,134,849,12,2026-07-12,late,18,8,
9527,134,850,12,2026-07-18,present,0,8,
9528,134,851,12,2026-07-19,present,0,8,
9529,134,852,12,2026-07-25,absent_unexcused,0,8,Sababsiz
9530,134,853,12,2026-07-26,present,0,8,
9531,135,809,12,2026-02-14,absent_unexcused,0,8,Sababsiz
9532,135,810,12,2026-02-15,late,25,8,
9533,135,811,12,2026-02-21,absent_unexcused,0,8,Sababsiz
9534,135,812,12,2026-02-22,present,0,8,
9535,135,813,12,2026-02-28,absent_excused,0,8,Ota-ona xabar berdi
9536,135,814,12,2026-03-01,absent_excused,0,8,Ota-ona xabar berdi
9537,135,815,12,2026-03-07,present,0,8,
9538,135,816,12,2026-03-08,absent_excused,0,8,Ota-ona xabar berdi
9539,135,817,12,2026-03-14,late,14,8,
9540,135,818,12,2026-03-15,late,25,8,
9541,135,819,12,2026-03-28,late,5,8,
9542,135,820,12,2026-03-29,present,0,8,
9543,135,821,12,2026-04-04,late,7,8,
9544,135,822,12,2026-04-05,absent_unexcused,0,8,Sababsiz
9545,135,823,12,2026-04-11,absent_unexcused,0,8,Sababsiz
9546,135,824,12,2026-04-12,late,17,8,
9547,135,825,12,2026-04-18,absent_unexcused,0,8,Sababsiz
9548,135,826,12,2026-04-19,late,15,8,
9549,135,827,12,2026-04-25,absent_unexcused,0,8,Sababsiz
9550,135,828,12,2026-04-26,present,0,8,
9551,135,829,12,2026-05-02,late,15,8,
9552,135,830,12,2026-05-03,present,0,8,
9553,135,831,12,2026-05-10,present,0,8,
9554,135,832,12,2026-05-16,absent_excused,0,8,Ota-ona xabar berdi
9555,135,833,12,2026-05-17,present,0,8,
9556,135,834,12,2026-05-23,present,0,8,
9557,135,835,12,2026-05-24,present,0,8,
9558,135,836,12,2026-05-30,absent_excused,0,8,Ota-ona xabar berdi
9559,135,837,12,2026-05-31,present,0,8,
9560,135,838,12,2026-06-06,absent_unexcused,0,8,Sababsiz
9561,135,839,12,2026-06-07,absent_unexcused,0,8,Sababsiz
9562,135,840,12,2026-06-13,present,0,8,
9563,135,841,12,2026-06-14,present,0,8,
9564,135,842,12,2026-06-20,present,0,8,
9565,135,843,12,2026-06-21,absent_excused,0,8,Ota-ona xabar berdi
9566,135,844,12,2026-06-27,present,0,8,
9567,135,845,12,2026-06-28,present,0,8,
9568,135,846,12,2026-07-04,late,9,8,
9569,135,847,12,2026-07-05,present,0,8,
9570,135,848,12,2026-07-11,late,24,8,
9571,135,849,12,2026-07-12,present,0,8,
9572,135,850,12,2026-07-18,absent_excused,0,8,Ota-ona xabar berdi
9573,135,851,12,2026-07-19,present,0,8,
9574,135,852,12,2026-07-25,present,0,8,
9575,135,853,12,2026-07-26,absent_excused,0,8,Ota-ona xabar berdi
9576,136,809,12,2026-02-14,present,0,8,
9577,136,810,12,2026-02-15,present,0,8,
9578,136,811,12,2026-02-21,present,0,8,
9579,136,812,12,2026-02-22,present,0,8,
9580,136,813,12,2026-02-28,present,0,8,
9581,136,814,12,2026-03-01,absent_excused,0,8,Ota-ona xabar berdi
9582,136,815,12,2026-03-07,present,0,8,
9583,136,816,12,2026-03-08,late,16,8,
9584,136,817,12,2026-03-14,present,0,8,
9585,136,818,12,2026-03-15,late,5,8,
9586,136,819,12,2026-03-28,present,0,8,
9587,136,820,12,2026-03-29,present,0,8,
9588,136,821,12,2026-04-04,present,0,8,
9589,136,822,12,2026-04-05,present,0,8,
9590,136,823,12,2026-04-11,present,0,8,
9591,136,824,12,2026-04-12,present,0,8,
9592,136,825,12,2026-04-18,present,0,8,
9593,136,826,12,2026-04-19,present,0,8,
9594,136,827,12,2026-04-25,present,0,8,
9595,136,828,12,2026-04-26,present,0,8,
9596,136,829,12,2026-05-02,present,0,8,
9597,136,830,12,2026-05-03,present,0,8,
9598,136,831,12,2026-05-10,present,0,8,
9599,136,832,12,2026-05-16,present,0,8,
9600,136,833,12,2026-05-17,present,0,8,
9601,136,834,12,2026-05-23,present,0,8,
9602,136,835,12,2026-05-24,late,17,8,
9603,136,836,12,2026-05-30,present,0,8,
9604,136,837,12,2026-05-31,present,0,8,
9605,136,838,12,2026-06-06,present,0,8,
9606,136,839,12,2026-06-07,present,0,8,
9607,136,840,12,2026-06-13,present,0,8,
9608,136,841,12,2026-06-14,present,0,8,
9609,136,842,12,2026-06-20,present,0,8,
9610,136,843,12,2026-06-21,present,0,8,
9611,136,844,12,2026-06-27,present,0,8,
9612,136,845,12,2026-06-28,present,0,8,
9613,136,846,12,2026-07-04,present,0,8,
9614,136,847,12,2026-07-05,present,0,8,
9615,136,848,12,2026-07-11,present,0,8,
9616,136,849,12,2026-07-12,present,0,8,
9617,136,850,12,2026-07-18,present,0,8,
9618,136,851,12,2026-07-19,present,0,8,
9619,136,852,12,2026-07-25,present,0,8,
9620,136,853,12,2026-07-26,present,0,8,
9621,137,809,12,2026-02-14,absent_unexcused,0,8,Sababsiz
9622,137,810,12,2026-02-15,present,0,8,
9623,137,811,12,2026-02-21,present,0,8,
9624,137,812,12,2026-02-22,present,0,8,
9625,137,813,12,2026-02-28,present,0,8,
9626,137,814,12,2026-03-01,present,0,8,
9627,137,815,12,2026-03-07,present,0,8,
9628,137,816,12,2026-03-08,present,0,8,
9629,137,817,12,2026-03-14,present,0,8,
9630,137,818,12,2026-03-15,present,0,8,
9631,137,819,12,2026-03-28,present,0,8,
9632,137,820,12,2026-03-29,present,0,8,
9633,137,821,12,2026-04-04,present,0,8,
9634,137,822,12,2026-04-05,present,0,8,
9635,137,823,12,2026-04-11,present,0,8,
9636,137,824,12,2026-04-12,present,0,8,
9637,137,825,12,2026-04-18,present,0,8,
9638,137,826,12,2026-04-19,present,0,8,
9639,137,827,12,2026-04-25,present,0,8,
9640,137,828,12,2026-04-26,present,0,8,
9641,137,829,12,2026-05-02,present,0,8,
9642,137,830,12,2026-05-03,present,0,8,
9643,137,831,12,2026-05-10,present,0,8,
9644,137,832,12,2026-05-16,present,0,8,
9645,137,833,12,2026-05-17,present,0,8,
9646,137,834,12,2026-05-23,present,0,8,
9647,137,835,12,2026-05-24,present,0,8,
9648,137,836,12,2026-05-30,present,0,8,
9649,137,837,12,2026-05-31,present,0,8,
9650,137,838,12,2026-06-06,late,16,8,
9651,137,839,12,2026-06-07,present,0,8,
9652,137,840,12,2026-06-13,present,0,8,
9653,137,841,12,2026-06-14,present,0,8,
9654,137,842,12,2026-06-20,present,0,8,
9655,137,843,12,2026-06-21,present,0,8,
9656,137,844,12,2026-06-27,present,0,8,
9657,137,845,12,2026-06-28,present,0,8,
9658,137,846,12,2026-07-04,absent_excused,0,8,Ota-ona xabar berdi
9659,137,847,12,2026-07-05,present,0,8,
9660,137,848,12,2026-07-11,present,0,8,
9661,137,849,12,2026-07-12,present,0,8,
9662,137,850,12,2026-07-18,present,0,8,
9663,137,851,12,2026-07-19,present,0,8,
9664,137,852,12,2026-07-25,present,0,8,
9665,137,853,12,2026-07-26,present,0,8,
9666,138,854,13,2026-02-17,present,0,6,
9667,138,855,13,2026-02-19,present,0,6,
9668,138,856,13,2026-02-24,present,0,6,
9669,138,857,13,2026-02-26,absent_excused,0,6,Ota-ona xabar berdi
9670,138,858,13,2026-03-03,present,0,6,
9671,138,859,13,2026-03-05,late,17,6,
9672,138,860,13,2026-03-10,present,0,6,
9673,138,861,13,2026-03-12,absent_unexcused,0,6,Sababsiz
9674,138,862,13,2026-03-17,late,6,6,
9675,138,863,13,2026-03-19,absent_unexcused,0,6,Sababsiz
9676,138,864,13,2026-03-24,present,0,6,
9677,138,865,13,2026-03-26,present,0,6,
9678,138,866,13,2026-03-31,present,0,6,
9679,138,867,13,2026-04-02,present,0,6,
9680,138,868,13,2026-04-07,late,19,6,
9681,138,869,13,2026-04-09,present,0,6,
9682,138,870,13,2026-04-14,present,0,6,
9683,138,871,13,2026-04-16,present,0,6,
9684,138,872,13,2026-04-21,present,0,6,
9685,138,873,13,2026-04-23,present,0,6,
9686,138,874,13,2026-04-28,present,0,6,
9687,138,875,13,2026-04-30,late,12,6,
9688,138,876,13,2026-05-05,present,0,6,
9689,138,877,13,2026-05-07,present,0,6,
9690,138,878,13,2026-05-12,present,0,6,
9691,138,879,13,2026-05-14,present,0,6,
9692,138,880,13,2026-05-19,present,0,6,
9693,138,881,13,2026-05-21,present,0,6,
9694,138,882,13,2026-05-26,late,15,6,
9695,138,883,13,2026-05-28,present,0,6,
9696,138,884,13,2026-06-02,present,0,6,
9697,138,885,13,2026-06-04,present,0,6,
9698,138,886,13,2026-06-09,present,0,6,
9699,138,887,13,2026-06-11,present,0,6,
9700,138,888,13,2026-06-16,present,0,6,
9701,138,889,13,2026-06-18,present,0,6,
9702,138,890,13,2026-06-23,present,0,6,
9703,138,891,13,2026-06-25,absent_unexcused,0,6,Sababsiz
9704,138,892,13,2026-06-30,absent_unexcused,0,6,Sababsiz
9705,138,893,13,2026-07-02,present,0,6,
9706,138,894,13,2026-07-07,present,0,6,
9707,138,895,13,2026-07-09,absent_excused,0,6,Ota-ona xabar berdi
9708,138,896,13,2026-07-14,absent_excused,0,6,Ota-ona xabar berdi
9709,138,897,13,2026-07-16,present,0,6,
9710,138,898,13,2026-07-21,present,0,6,
9711,138,899,13,2026-07-23,present,0,6,
9712,138,900,13,2026-07-28,present,0,6,
9713,138,901,13,2026-07-30,present,0,6,
9714,139,854,13,2026-02-17,present,0,6,
9715,139,855,13,2026-02-19,present,0,6,
9716,139,856,13,2026-02-24,present,0,6,
9717,139,857,13,2026-02-26,present,0,6,
9718,139,858,13,2026-03-03,absent_excused,0,6,Ota-ona xabar berdi
9719,139,859,13,2026-03-05,present,0,6,
9720,139,860,13,2026-03-10,present,0,6,
9721,139,861,13,2026-03-12,present,0,6,
9722,139,862,13,2026-03-17,present,0,6,
9723,139,863,13,2026-03-19,present,0,6,
9724,139,864,13,2026-03-24,present,0,6,
9725,139,865,13,2026-03-26,present,0,6,
9726,139,866,13,2026-03-31,present,0,6,
9727,139,867,13,2026-04-02,present,0,6,
9728,139,868,13,2026-04-07,absent_unexcused,0,6,Sababsiz
9729,139,869,13,2026-04-09,present,0,6,
9730,139,870,13,2026-04-14,late,8,6,
9731,139,871,13,2026-04-16,present,0,6,
9732,139,872,13,2026-04-21,present,0,6,
9733,139,873,13,2026-04-23,present,0,6,
9734,139,874,13,2026-04-28,absent_excused,0,6,Ota-ona xabar berdi
9735,139,875,13,2026-04-30,present,0,6,
9736,139,876,13,2026-05-05,present,0,6,
9737,139,877,13,2026-05-07,present,0,6,
9738,139,878,13,2026-05-12,present,0,6,
9739,139,879,13,2026-05-14,present,0,6,
9740,139,880,13,2026-05-19,late,19,6,
9741,139,881,13,2026-05-21,late,18,6,
9742,139,882,13,2026-05-26,present,0,6,
9743,139,883,13,2026-05-28,late,7,6,
9744,139,884,13,2026-06-02,present,0,6,
9745,139,885,13,2026-06-04,present,0,6,
9746,139,886,13,2026-06-09,absent_excused,0,6,Ota-ona xabar berdi
9747,139,887,13,2026-06-11,present,0,6,
9748,139,888,13,2026-06-16,present,0,6,
9749,139,889,13,2026-06-18,present,0,6,
9750,139,890,13,2026-06-23,present,0,6,
9751,139,891,13,2026-06-25,present,0,6,
9752,139,892,13,2026-06-30,present,0,6,
9753,139,893,13,2026-07-02,present,0,6,
9754,139,894,13,2026-07-07,present,0,6,
9755,139,895,13,2026-07-09,present,0,6,
9756,139,896,13,2026-07-14,present,0,6,
9757,139,897,13,2026-07-16,present,0,6,
9758,139,898,13,2026-07-21,present,0,6,
9759,139,899,13,2026-07-23,present,0,6,
9760,139,900,13,2026-07-28,present,0,6,
9761,139,901,13,2026-07-30,present,0,6,
9762,140,854,13,2026-02-17,present,0,6,
9763,140,855,13,2026-02-19,present,0,6,
9764,140,856,13,2026-02-24,present,0,6,
9765,140,857,13,2026-02-26,absent_unexcused,0,6,Sababsiz
9766,140,858,13,2026-03-03,present,0,6,
9767,140,859,13,2026-03-05,late,6,6,
9768,140,860,13,2026-03-10,present,0,6,
9769,140,861,13,2026-03-12,present,0,6,
9770,140,862,13,2026-03-17,present,0,6,
9771,140,863,13,2026-03-19,absent_unexcused,0,6,Sababsiz
9772,140,864,13,2026-03-24,present,0,6,
9773,140,865,13,2026-03-26,present,0,6,
9774,140,866,13,2026-03-31,present,0,6,
9775,140,867,13,2026-04-02,present,0,6,
9776,140,868,13,2026-04-07,present,0,6,
9777,140,869,13,2026-04-09,present,0,6,
9778,140,870,13,2026-04-14,present,0,6,
9779,140,871,13,2026-04-16,present,0,6,
9780,140,872,13,2026-04-21,present,0,6,
9781,140,873,13,2026-04-23,present,0,6,
9782,140,874,13,2026-04-28,present,0,6,
9783,140,875,13,2026-04-30,present,0,6,
9784,140,876,13,2026-05-05,present,0,6,
9785,140,877,13,2026-05-07,present,0,6,
9786,140,878,13,2026-05-12,present,0,6,
9787,140,879,13,2026-05-14,present,0,6,
9788,140,880,13,2026-05-19,present,0,6,
9789,140,881,13,2026-05-21,present,0,6,
9790,140,882,13,2026-05-26,present,0,6,
9791,140,883,13,2026-05-28,present,0,6,
9792,140,884,13,2026-06-02,present,0,6,
9793,140,885,13,2026-06-04,present,0,6,
9794,140,886,13,2026-06-09,present,0,6,
9795,140,887,13,2026-06-11,present,0,6,
9796,140,888,13,2026-06-16,present,0,6,
9797,140,889,13,2026-06-18,present,0,6,
9798,140,890,13,2026-06-23,present,0,6,
9799,140,891,13,2026-06-25,present,0,6,
9800,140,892,13,2026-06-30,present,0,6,
9801,140,893,13,2026-07-02,present,0,6,
9802,140,894,13,2026-07-07,absent_unexcused,0,6,Sababsiz
9803,140,895,13,2026-07-09,present,0,6,
9804,140,896,13,2026-07-14,present,0,6,
9805,140,897,13,2026-07-16,present,0,6,
9806,140,898,13,2026-07-21,present,0,6,
9807,140,899,13,2026-07-23,present,0,6,
9808,140,900,13,2026-07-28,present,0,6,
9809,140,901,13,2026-07-30,present,0,6,
9810,141,854,13,2026-02-17,present,0,6,
9811,141,855,13,2026-02-19,present,0,6,
9812,141,856,13,2026-02-24,present,0,6,
9813,141,857,13,2026-02-26,present,0,6,
9814,141,858,13,2026-03-03,absent_excused,0,6,Ota-ona xabar berdi
9815,141,859,13,2026-03-05,present,0,6,
9816,141,860,13,2026-03-10,present,0,6,
9817,141,861,13,2026-03-12,late,8,6,
9818,141,862,13,2026-03-17,present,0,6,
9819,141,863,13,2026-03-19,late,20,6,
9820,141,864,13,2026-03-24,absent_excused,0,6,Ota-ona xabar berdi
9821,141,865,13,2026-03-26,absent_unexcused,0,6,Sababsiz
9822,141,866,13,2026-03-31,present,0,6,
9823,141,867,13,2026-04-02,present,0,6,
9824,141,868,13,2026-04-07,present,0,6,
9825,141,869,13,2026-04-09,present,0,6,
9826,141,870,13,2026-04-14,late,6,6,
9827,141,871,13,2026-04-16,present,0,6,
9828,141,872,13,2026-04-21,present,0,6,
9829,141,873,13,2026-04-23,absent_excused,0,6,Ota-ona xabar berdi
9830,141,874,13,2026-04-28,present,0,6,
9831,141,875,13,2026-04-30,absent_unexcused,0,6,Sababsiz
9832,141,876,13,2026-05-05,present,0,6,
9833,141,877,13,2026-05-07,present,0,6,
9834,141,878,13,2026-05-12,present,0,6,
9835,141,879,13,2026-05-14,late,20,6,
9836,141,880,13,2026-05-19,present,0,6,
9837,141,881,13,2026-05-21,absent_unexcused,0,6,Sababsiz
9838,141,882,13,2026-05-26,late,14,6,
9839,141,883,13,2026-05-28,late,22,6,
9840,141,884,13,2026-06-02,present,0,6,
9841,141,885,13,2026-06-04,present,0,6,
9842,141,886,13,2026-06-09,present,0,6,
9843,141,887,13,2026-06-11,absent_excused,0,6,Ota-ona xabar berdi
9844,141,888,13,2026-06-16,late,16,6,
9845,141,889,13,2026-06-18,absent_excused,0,6,Ota-ona xabar berdi
9846,141,890,13,2026-06-23,present,0,6,
9847,141,891,13,2026-06-25,present,0,6,
9848,141,892,13,2026-06-30,absent_unexcused,0,6,Sababsiz
9849,141,893,13,2026-07-02,present,0,6,
9850,141,894,13,2026-07-07,present,0,6,
9851,141,895,13,2026-07-09,present,0,6,
9852,141,896,13,2026-07-14,late,16,6,
9853,141,897,13,2026-07-16,present,0,6,
9854,141,898,13,2026-07-21,present,0,6,
9855,141,899,13,2026-07-23,present,0,6,
9856,141,900,13,2026-07-28,present,0,6,
9857,141,901,13,2026-07-30,present,0,6,
9858,142,854,13,2026-02-17,present,0,6,
9859,142,855,13,2026-02-19,absent_excused,0,6,Ota-ona xabar berdi
9860,142,856,13,2026-02-24,present,0,6,
9861,142,857,13,2026-02-26,present,0,6,
9862,142,858,13,2026-03-03,present,0,6,
9863,142,859,13,2026-03-05,present,0,6,
9864,142,860,13,2026-03-10,present,0,6,
9865,142,861,13,2026-03-12,absent_unexcused,0,6,Sababsiz
9866,142,862,13,2026-03-17,present,0,6,
9867,142,863,13,2026-03-19,present,0,6,
9868,142,864,13,2026-03-24,present,0,6,
9869,142,865,13,2026-03-26,absent_unexcused,0,6,Sababsiz
9870,142,866,13,2026-03-31,present,0,6,
9871,142,867,13,2026-04-02,present,0,6,
9872,142,868,13,2026-04-07,present,0,6,
9873,142,869,13,2026-04-09,absent_excused,0,6,Ota-ona xabar berdi
9874,142,870,13,2026-04-14,present,0,6,
9875,142,871,13,2026-04-16,present,0,6,
9876,142,872,13,2026-04-21,present,0,6,
9877,142,873,13,2026-04-23,present,0,6,
9878,142,874,13,2026-04-28,present,0,6,
9879,142,875,13,2026-04-30,present,0,6,
9880,142,876,13,2026-05-05,present,0,6,
9881,142,877,13,2026-05-07,present,0,6,
9882,142,878,13,2026-05-12,present,0,6,
9883,142,879,13,2026-05-14,present,0,6,
9884,142,880,13,2026-05-19,late,23,6,
9885,142,881,13,2026-05-21,present,0,6,
9886,142,882,13,2026-05-26,present,0,6,
9887,142,883,13,2026-05-28,present,0,6,
9888,142,884,13,2026-06-02,present,0,6,
9889,142,885,13,2026-06-04,present,0,6,
9890,142,886,13,2026-06-09,present,0,6,
9891,142,887,13,2026-06-11,present,0,6,
9892,142,888,13,2026-06-16,absent_excused,0,6,Ota-ona xabar berdi
9893,142,889,13,2026-06-18,present,0,6,
9894,142,890,13,2026-06-23,present,0,6,
9895,142,891,13,2026-06-25,present,0,6,
9896,142,892,13,2026-06-30,present,0,6,
9897,142,893,13,2026-07-02,late,23,6,
9898,142,894,13,2026-07-07,present,0,6,
9899,142,895,13,2026-07-09,absent_excused,0,6,Ota-ona xabar berdi
9900,142,896,13,2026-07-14,present,0,6,
9901,142,897,13,2026-07-16,absent_unexcused,0,6,Sababsiz
9902,142,898,13,2026-07-21,present,0,6,
9903,142,899,13,2026-07-23,present,0,6,
9904,142,900,13,2026-07-28,present,0,6,
9905,142,901,13,2026-07-30,present,0,6,
9906,143,854,13,2026-02-17,present,0,6,
9907,143,855,13,2026-02-19,present,0,6,
9908,143,856,13,2026-02-24,absent_unexcused,0,6,Sababsiz
9909,143,857,13,2026-02-26,present,0,6,
9910,143,858,13,2026-03-03,present,0,6,
9911,143,859,13,2026-03-05,absent_unexcused,0,6,Sababsiz
9912,143,860,13,2026-03-10,present,0,6,
9913,143,861,13,2026-03-12,present,0,6,
9914,143,862,13,2026-03-17,present,0,6,
9915,143,863,13,2026-03-19,present,0,6,
9916,143,864,13,2026-03-24,present,0,6,
9917,143,865,13,2026-03-26,late,10,6,
9918,143,866,13,2026-03-31,absent_excused,0,6,Ota-ona xabar berdi
9919,143,867,13,2026-04-02,present,0,6,
9920,143,868,13,2026-04-07,present,0,6,
9921,143,869,13,2026-04-09,present,0,6,
9922,143,870,13,2026-04-14,present,0,6,
9923,143,871,13,2026-04-16,absent_unexcused,0,6,Sababsiz
9924,143,872,13,2026-04-21,present,0,6,
9925,143,873,13,2026-04-23,absent_excused,0,6,Ota-ona xabar berdi
9926,143,874,13,2026-04-28,present,0,6,
9927,143,875,13,2026-04-30,present,0,6,
9928,143,876,13,2026-05-05,absent_unexcused,0,6,Sababsiz
9929,143,877,13,2026-05-07,present,0,6,
9930,143,878,13,2026-05-12,present,0,6,
9931,143,879,13,2026-05-14,present,0,6,
9932,143,880,13,2026-05-19,present,0,6,
9933,143,881,13,2026-05-21,absent_excused,0,6,Ota-ona xabar berdi
9934,143,882,13,2026-05-26,present,0,6,
9935,143,883,13,2026-05-28,absent_excused,0,6,Ota-ona xabar berdi
9936,143,884,13,2026-06-02,present,0,6,
9937,143,885,13,2026-06-04,late,20,6,
9938,143,886,13,2026-06-09,present,0,6,
9939,143,887,13,2026-06-11,absent_unexcused,0,6,Sababsiz
9940,143,888,13,2026-06-16,absent_excused,0,6,Ota-ona xabar berdi
9941,143,889,13,2026-06-18,present,0,6,
9942,143,890,13,2026-06-23,present,0,6,
9943,143,891,13,2026-06-25,present,0,6,
9944,143,892,13,2026-06-30,present,0,6,
9945,143,893,13,2026-07-02,present,0,6,
9946,143,894,13,2026-07-07,present,0,6,
9947,143,895,13,2026-07-09,present,0,6,
9948,143,896,13,2026-07-14,absent_unexcused,0,6,Sababsiz
9949,143,897,13,2026-07-16,present,0,6,
9950,143,898,13,2026-07-21,absent_unexcused,0,6,Sababsiz
9951,143,899,13,2026-07-23,present,0,6,
9952,143,900,13,2026-07-28,present,0,6,
9953,143,901,13,2026-07-30,present,0,6,
9954,144,854,13,2026-02-17,absent_excused,0,6,Ota-ona xabar berdi
9955,144,855,13,2026-02-19,present,0,6,
9956,144,856,13,2026-02-24,present,0,6,
9957,144,857,13,2026-02-26,present,0,6,
9958,144,858,13,2026-03-03,late,20,6,
9959,144,859,13,2026-03-05,absent_unexcused,0,6,Sababsiz
9960,144,860,13,2026-03-10,absent_unexcused,0,6,Sababsiz
9961,144,861,13,2026-03-12,absent_excused,0,6,Ota-ona xabar berdi
9962,144,862,13,2026-03-17,absent_excused,0,6,Ota-ona xabar berdi
9963,144,863,13,2026-03-19,present,0,6,
9964,144,864,13,2026-03-24,absent_excused,0,6,Ota-ona xabar berdi
9965,144,865,13,2026-03-26,present,0,6,
9966,144,866,13,2026-03-31,absent_unexcused,0,6,Sababsiz
9967,144,867,13,2026-04-02,present,0,6,
9968,144,868,13,2026-04-07,present,0,6,
9969,144,869,13,2026-04-09,present,0,6,
9970,144,870,13,2026-04-14,present,0,6,
9971,144,871,13,2026-04-16,present,0,6,
9972,144,872,13,2026-04-21,late,19,6,
9973,144,873,13,2026-04-23,present,0,6,
9974,144,874,13,2026-04-28,late,5,6,
9975,144,875,13,2026-04-30,late,13,6,
9976,144,876,13,2026-05-05,absent_unexcused,0,6,Sababsiz
9977,144,877,13,2026-05-07,present,0,6,
9978,144,878,13,2026-05-12,absent_excused,0,6,Ota-ona xabar berdi
9979,144,879,13,2026-05-14,present,0,6,
9980,144,880,13,2026-05-19,absent_excused,0,6,Ota-ona xabar berdi
9981,144,881,13,2026-05-21,absent_unexcused,0,6,Sababsiz
9982,144,882,13,2026-05-26,absent_unexcused,0,6,Sababsiz
9983,144,883,13,2026-05-28,absent_excused,0,6,Ota-ona xabar berdi
9984,144,884,13,2026-06-02,late,19,6,
9985,144,885,13,2026-06-04,present,0,6,
9986,144,886,13,2026-06-09,absent_unexcused,0,6,Sababsiz
9987,144,887,13,2026-06-11,present,0,6,
9988,144,888,13,2026-06-16,absent_unexcused,0,6,Sababsiz
9989,144,889,13,2026-06-18,absent_unexcused,0,6,Sababsiz
9990,144,890,13,2026-06-23,absent_excused,0,6,Ota-ona xabar berdi
9991,144,891,13,2026-06-25,absent_excused,0,6,Ota-ona xabar berdi
9992,144,892,13,2026-06-30,present,0,6,
9993,144,893,13,2026-07-02,absent_unexcused,0,6,Sababsiz
9994,144,894,13,2026-07-07,late,10,6,
9995,144,895,13,2026-07-09,absent_unexcused,0,6,Sababsiz
9996,144,896,13,2026-07-14,absent_excused,0,6,Ota-ona xabar berdi
9997,144,897,13,2026-07-16,late,9,6,
9998,144,898,13,2026-07-21,present,0,6,
9999,144,899,13,2026-07-23,absent_unexcused,0,6,Sababsiz
10000,144,900,13,2026-07-28,late,16,6,
10001,144,901,13,2026-07-30,late,8,6,
10002,145,854,13,2026-02-17,absent_unexcused,0,6,Sababsiz
10003,145,855,13,2026-02-19,present,0,6,
10004,145,856,13,2026-02-24,present,0,6,
10005,145,857,13,2026-02-26,present,0,6,
10006,145,858,13,2026-03-03,present,0,6,
10007,145,859,13,2026-03-05,present,0,6,
10008,145,860,13,2026-03-10,late,25,6,
10009,145,861,13,2026-03-12,present,0,6,
10010,145,862,13,2026-03-17,late,23,6,
10011,145,863,13,2026-03-19,present,0,6,
10012,145,864,13,2026-03-24,present,0,6,
10013,145,865,13,2026-03-26,absent_unexcused,0,6,Sababsiz
10014,145,866,13,2026-03-31,present,0,6,
10015,145,867,13,2026-04-02,present,0,6,
10016,145,868,13,2026-04-07,absent_excused,0,6,Ota-ona xabar berdi
10017,145,869,13,2026-04-09,absent_unexcused,0,6,Sababsiz
10018,145,870,13,2026-04-14,present,0,6,
10019,145,871,13,2026-04-16,present,0,6,
10020,145,872,13,2026-04-21,absent_unexcused,0,6,Sababsiz
10021,145,873,13,2026-04-23,present,0,6,
10022,145,874,13,2026-04-28,present,0,6,
10023,145,875,13,2026-04-30,late,20,6,
10024,145,876,13,2026-05-05,late,23,6,
10025,145,877,13,2026-05-07,present,0,6,
10026,145,878,13,2026-05-12,present,0,6,
10027,145,879,13,2026-05-14,present,0,6,
10028,145,880,13,2026-05-19,present,0,6,
10029,145,881,13,2026-05-21,present,0,6,
10030,145,882,13,2026-05-26,present,0,6,
10031,145,883,13,2026-05-28,present,0,6,
10032,145,884,13,2026-06-02,present,0,6,
10033,145,885,13,2026-06-04,present,0,6,
10034,145,886,13,2026-06-09,absent_unexcused,0,6,Sababsiz
10035,145,887,13,2026-06-11,absent_excused,0,6,Ota-ona xabar berdi
10036,145,888,13,2026-06-16,present,0,6,
10037,145,889,13,2026-06-18,present,0,6,
10038,145,890,13,2026-06-23,present,0,6,
10039,145,891,13,2026-06-25,present,0,6,
10040,145,892,13,2026-06-30,present,0,6,
10041,145,893,13,2026-07-02,present,0,6,
10042,145,894,13,2026-07-07,present,0,6,
10043,145,895,13,2026-07-09,absent_unexcused,0,6,Sababsiz
10044,145,896,13,2026-07-14,present,0,6,
10045,145,897,13,2026-07-16,present,0,6,
10046,145,898,13,2026-07-21,present,0,6,
10047,145,899,13,2026-07-23,present,0,6,
10048,145,900,13,2026-07-28,present,0,6,
10049,145,901,13,2026-07-30,present,0,6,
10050,146,854,13,2026-02-17,present,0,6,
10051,146,855,13,2026-02-19,present,0,6,
10052,146,856,13,2026-02-24,present,0,6,
10053,146,857,13,2026-02-26,present,0,6,
10054,146,858,13,2026-03-03,present,0,6,
10055,146,859,13,2026-03-05,absent_unexcused,0,6,Sababsiz
10056,146,860,13,2026-03-10,absent_unexcused,0,6,Sababsiz
10057,146,861,13,2026-03-12,present,0,6,
10058,146,862,13,2026-03-17,present,0,6,
10059,146,863,13,2026-03-19,present,0,6,
10060,146,864,13,2026-03-24,present,0,6,
10061,146,865,13,2026-03-26,present,0,6,
10062,146,866,13,2026-03-31,present,0,6,
10063,146,867,13,2026-04-02,present,0,6,
10064,146,868,13,2026-04-07,present,0,6,
10065,146,869,13,2026-04-09,late,14,6,
10066,146,870,13,2026-04-14,present,0,6,
10067,146,871,13,2026-04-16,late,9,6,
10068,146,872,13,2026-04-21,present,0,6,
10069,146,873,13,2026-04-23,present,0,6,
10070,146,874,13,2026-04-28,present,0,6,
10071,146,875,13,2026-04-30,present,0,6,
10072,146,876,13,2026-05-05,present,0,6,
10073,146,877,13,2026-05-07,present,0,6,
10074,146,878,13,2026-05-12,present,0,6,
10075,146,879,13,2026-05-14,present,0,6,
10076,146,880,13,2026-05-19,present,0,6,
10077,146,881,13,2026-05-21,present,0,6,
10078,146,882,13,2026-05-26,present,0,6,
10079,146,883,13,2026-05-28,late,9,6,
10080,146,884,13,2026-06-02,present,0,6,
10081,146,885,13,2026-06-04,present,0,6,
10082,146,886,13,2026-06-09,present,0,6,
10083,146,887,13,2026-06-11,present,0,6,
10084,146,888,13,2026-06-16,present,0,6,
10085,146,889,13,2026-06-18,present,0,6,
10086,146,890,13,2026-06-23,present,0,6,
10087,146,891,13,2026-06-25,absent_excused,0,6,Ota-ona xabar berdi
10088,146,892,13,2026-06-30,absent_excused,0,6,Ota-ona xabar berdi
10089,146,893,13,2026-07-02,present,0,6,
10090,146,894,13,2026-07-07,present,0,6,
10091,146,895,13,2026-07-09,present,0,6,
10092,146,896,13,2026-07-14,present,0,6,
10093,146,897,13,2026-07-16,present,0,6,
10094,146,898,13,2026-07-21,late,24,6,
10095,146,899,13,2026-07-23,present,0,6,
10096,146,900,13,2026-07-28,absent_unexcused,0,6,Sababsiz
10097,146,901,13,2026-07-30,present,0,6,
10098,147,854,13,2026-02-17,present,0,6,
10099,147,855,13,2026-02-19,absent_unexcused,0,6,Sababsiz
10100,147,856,13,2026-02-24,absent_unexcused,0,6,Sababsiz
10101,147,857,13,2026-02-26,absent_excused,0,6,Ota-ona xabar berdi
10102,147,858,13,2026-03-03,present,0,6,
10103,147,859,13,2026-03-05,present,0,6,
10104,147,860,13,2026-03-10,absent_unexcused,0,6,Sababsiz
10105,147,861,13,2026-03-12,late,10,6,
10106,147,862,13,2026-03-17,late,21,6,
10107,147,863,13,2026-03-19,present,0,6,
10108,147,864,13,2026-03-24,late,25,6,
10109,147,865,13,2026-03-26,present,0,6,
10110,147,866,13,2026-03-31,present,0,6,
10111,147,867,13,2026-04-02,absent_excused,0,6,Ota-ona xabar berdi
10112,147,868,13,2026-04-07,late,7,6,
10113,147,869,13,2026-04-09,present,0,6,
10114,147,870,13,2026-04-14,late,12,6,
10115,147,871,13,2026-04-16,present,0,6,
10116,147,872,13,2026-04-21,absent_excused,0,6,Ota-ona xabar berdi
10117,147,873,13,2026-04-23,present,0,6,
10118,147,874,13,2026-04-28,present,0,6,
10119,147,875,13,2026-04-30,present,0,6,
10120,147,876,13,2026-05-05,present,0,6,
10121,147,877,13,2026-05-07,late,15,6,
10122,147,878,13,2026-05-12,present,0,6,
10123,147,879,13,2026-05-14,present,0,6,
10124,147,880,13,2026-05-19,present,0,6,
10125,147,881,13,2026-05-21,present,0,6,
10126,147,882,13,2026-05-26,absent_unexcused,0,6,Sababsiz
10127,147,883,13,2026-05-28,present,0,6,
10128,147,884,13,2026-06-02,absent_excused,0,6,Ota-ona xabar berdi
10129,147,885,13,2026-06-04,late,25,6,
10130,147,886,13,2026-06-09,absent_unexcused,0,6,Sababsiz
10131,147,887,13,2026-06-11,late,11,6,
10132,147,888,13,2026-06-16,present,0,6,
10133,147,889,13,2026-06-18,present,0,6,
10134,147,890,13,2026-06-23,present,0,6,
10135,147,891,13,2026-06-25,present,0,6,
10136,147,892,13,2026-06-30,absent_unexcused,0,6,Sababsiz
10137,147,893,13,2026-07-02,absent_unexcused,0,6,Sababsiz
10138,147,894,13,2026-07-07,present,0,6,
10139,147,895,13,2026-07-09,late,6,6,
10140,147,896,13,2026-07-14,present,0,6,
10141,147,897,13,2026-07-16,present,0,6,
10142,147,898,13,2026-07-21,present,0,6,
10143,147,899,13,2026-07-23,late,22,6,
10144,147,900,13,2026-07-28,absent_unexcused,0,6,Sababsiz
10145,147,901,13,2026-07-30,absent_unexcused,0,6,Sababsiz
10146,148,854,13,2026-02-17,present,0,6,
10147,148,855,13,2026-02-19,absent_unexcused,0,6,Sababsiz
10148,148,856,13,2026-02-24,present,0,6,
10149,148,857,13,2026-02-26,present,0,6,
10150,148,858,13,2026-03-03,present,0,6,
10151,148,859,13,2026-03-05,present,0,6,
10152,148,860,13,2026-03-10,present,0,6,
10153,148,861,13,2026-03-12,present,0,6,
10154,148,862,13,2026-03-17,present,0,6,
10155,148,863,13,2026-03-19,late,20,6,
10156,148,864,13,2026-03-24,present,0,6,
10157,148,865,13,2026-03-26,present,0,6,
10158,148,866,13,2026-03-31,present,0,6,
10159,148,867,13,2026-04-02,present,0,6,
10160,148,868,13,2026-04-07,present,0,6,
10161,148,869,13,2026-04-09,present,0,6,
10162,148,870,13,2026-04-14,present,0,6,
10163,148,871,13,2026-04-16,present,0,6,
10164,148,872,13,2026-04-21,late,8,6,
10165,148,873,13,2026-04-23,present,0,6,
10166,148,874,13,2026-04-28,present,0,6,
10167,148,875,13,2026-04-30,present,0,6,
10168,148,876,13,2026-05-05,present,0,6,
10169,148,877,13,2026-05-07,present,0,6,
10170,148,878,13,2026-05-12,present,0,6,
10171,148,879,13,2026-05-14,late,9,6,
10172,148,880,13,2026-05-19,present,0,6,
10173,148,881,13,2026-05-21,present,0,6,
10174,148,882,13,2026-05-26,present,0,6,
10175,148,883,13,2026-05-28,present,0,6,
10176,148,884,13,2026-06-02,present,0,6,
10177,148,885,13,2026-06-04,present,0,6,
10178,148,886,13,2026-06-09,present,0,6,
10179,148,887,13,2026-06-11,absent_unexcused,0,6,Sababsiz
10180,148,888,13,2026-06-16,present,0,6,
10181,148,889,13,2026-06-18,present,0,6,
10182,148,890,13,2026-06-23,present,0,6,
10183,148,891,13,2026-06-25,absent_unexcused,0,6,Sababsiz
10184,148,892,13,2026-06-30,present,0,6,
10185,148,893,13,2026-07-02,present,0,6,
10186,148,894,13,2026-07-07,present,0,6,
10187,148,895,13,2026-07-09,present,0,6,
10188,148,896,13,2026-07-14,present,0,6,
10189,148,897,13,2026-07-16,absent_unexcused,0,6,Sababsiz
10190,148,898,13,2026-07-21,present,0,6,
10191,148,899,13,2026-07-23,present,0,6,
10192,148,900,13,2026-07-28,present,0,6,
10193,148,901,13,2026-07-30,present,0,6,
10194,149,854,13,2026-02-17,present,0,6,
10195,149,855,13,2026-02-19,present,0,6,
10196,149,856,13,2026-02-24,present,0,6,
10197,149,857,13,2026-02-26,present,0,6,
10198,149,858,13,2026-03-03,present,0,6,
10199,149,859,13,2026-03-05,present,0,6,
10200,149,860,13,2026-03-10,present,0,6,
10201,149,861,13,2026-03-12,present,0,6,
10202,149,862,13,2026-03-17,present,0,6,
10203,149,863,13,2026-03-19,present,0,6,
10204,149,864,13,2026-03-24,present,0,6,
10205,149,865,13,2026-03-26,present,0,6,
10206,149,866,13,2026-03-31,present,0,6,
10207,149,867,13,2026-04-02,present,0,6,
10208,149,868,13,2026-04-07,present,0,6,
10209,149,869,13,2026-04-09,present,0,6,
10210,149,870,13,2026-04-14,present,0,6,
10211,149,871,13,2026-04-16,present,0,6,
10212,149,872,13,2026-04-21,present,0,6,
10213,149,873,13,2026-04-23,present,0,6,
10214,149,874,13,2026-04-28,present,0,6,
10215,149,875,13,2026-04-30,present,0,6,
10216,149,876,13,2026-05-05,present,0,6,
10217,149,877,13,2026-05-07,absent_unexcused,0,6,Sababsiz
10218,149,878,13,2026-05-12,present,0,6,
10219,149,879,13,2026-05-14,present,0,6,
10220,149,880,13,2026-05-19,present,0,6,
10221,149,881,13,2026-05-21,present,0,6,
10222,149,882,13,2026-05-26,present,0,6,
10223,149,883,13,2026-05-28,present,0,6,
10224,149,884,13,2026-06-02,present,0,6,
10225,149,885,13,2026-06-04,present,0,6,
10226,149,886,13,2026-06-09,present,0,6,
10227,149,887,13,2026-06-11,present,0,6,
10228,149,888,13,2026-06-16,absent_excused,0,6,Ota-ona xabar berdi
10229,149,889,13,2026-06-18,present,0,6,
10230,149,890,13,2026-06-23,present,0,6,
10231,149,891,13,2026-06-25,present,0,6,
10232,149,892,13,2026-06-30,present,0,6,
10233,149,893,13,2026-07-02,present,0,6,
10234,149,894,13,2026-07-07,present,0,6,
10235,149,895,13,2026-07-09,present,0,6,
10236,149,896,13,2026-07-14,present,0,6,
10237,149,897,13,2026-07-16,present,0,6,
10238,149,898,13,2026-07-21,present,0,6,
10239,149,899,13,2026-07-23,present,0,6,
10240,149,900,13,2026-07-28,present,0,6,
10241,149,901,13,2026-07-30,present,0,6,
10242,150,902,14,2026-02-21,present,0,11,
10243,150,903,14,2026-02-22,present,0,11,
10244,150,904,14,2026-02-28,late,9,11,
10245,150,905,14,2026-03-01,present,0,11,
10246,150,906,14,2026-03-07,present,0,11,
10247,150,907,14,2026-03-08,present,0,11,
10248,150,908,14,2026-03-14,present,0,11,
10249,150,909,14,2026-03-15,late,17,11,
10250,150,910,14,2026-03-28,present,0,11,
10251,150,911,14,2026-03-29,present,0,11,
10252,150,912,14,2026-04-04,present,0,11,
10253,150,913,14,2026-04-05,present,0,11,
10254,150,914,14,2026-04-11,present,0,11,
10255,150,915,14,2026-04-12,present,0,11,
10256,150,916,14,2026-04-18,present,0,11,
10257,150,917,14,2026-04-19,present,0,11,
10258,150,918,14,2026-04-25,present,0,11,
10259,150,919,14,2026-04-26,absent_excused,0,11,Ota-ona xabar berdi
10260,150,920,14,2026-05-02,present,0,11,
10261,150,921,14,2026-05-03,present,0,11,
10262,150,922,14,2026-05-10,present,0,11,
10263,150,923,14,2026-05-16,present,0,11,
10264,150,924,14,2026-05-17,present,0,11,
10265,150,925,14,2026-05-23,absent_unexcused,0,11,Sababsiz
10266,150,926,14,2026-05-24,present,0,11,
10267,150,927,14,2026-05-30,present,0,11,
10268,150,928,14,2026-05-31,present,0,11,
10269,150,929,14,2026-06-06,present,0,11,
10270,150,930,14,2026-06-07,present,0,11,
10271,150,931,14,2026-06-13,late,20,11,
10272,150,932,14,2026-06-14,present,0,11,
10273,150,933,14,2026-06-20,present,0,11,
10274,150,934,14,2026-06-21,present,0,11,
10275,150,935,14,2026-06-27,present,0,11,
10276,150,936,14,2026-06-28,absent_unexcused,0,11,Sababsiz
10277,150,937,14,2026-07-04,absent_unexcused,0,11,Sababsiz
10278,150,938,14,2026-07-05,present,0,11,
10279,150,939,14,2026-07-11,present,0,11,
10280,150,940,14,2026-07-12,present,0,11,
10281,150,941,14,2026-07-18,present,0,11,
10282,150,942,14,2026-07-19,present,0,11,
10283,150,943,14,2026-07-25,present,0,11,
10284,150,944,14,2026-07-26,present,0,11,
10285,151,902,14,2026-02-21,present,0,11,
10286,151,903,14,2026-02-22,present,0,11,
10287,151,904,14,2026-02-28,absent_excused,0,11,Ota-ona xabar berdi
10288,151,905,14,2026-03-01,late,21,11,
10289,151,906,14,2026-03-07,present,0,11,
10290,151,907,14,2026-03-08,late,15,11,
10291,151,908,14,2026-03-14,absent_unexcused,0,11,Sababsiz
10292,151,909,14,2026-03-15,present,0,11,
10293,151,910,14,2026-03-28,late,15,11,
10294,151,911,14,2026-03-29,present,0,11,
10295,151,912,14,2026-04-04,present,0,11,
10296,151,913,14,2026-04-05,absent_unexcused,0,11,Sababsiz
10297,151,914,14,2026-04-11,present,0,11,
10298,151,915,14,2026-04-12,absent_excused,0,11,Ota-ona xabar berdi
10299,151,916,14,2026-04-18,late,25,11,
10300,151,917,14,2026-04-19,absent_excused,0,11,Ota-ona xabar berdi
10301,151,918,14,2026-04-25,present,0,11,
10302,151,919,14,2026-04-26,late,8,11,
10303,151,920,14,2026-05-02,present,0,11,
10304,151,921,14,2026-05-03,absent_unexcused,0,11,Sababsiz
10305,151,922,14,2026-05-10,absent_unexcused,0,11,Sababsiz
10306,151,923,14,2026-05-16,absent_excused,0,11,Ota-ona xabar berdi
10307,151,924,14,2026-05-17,absent_excused,0,11,Ota-ona xabar berdi
10308,151,925,14,2026-05-23,absent_unexcused,0,11,Sababsiz
10309,151,926,14,2026-05-24,absent_excused,0,11,Ota-ona xabar berdi
10310,151,927,14,2026-05-30,present,0,11,
10311,151,928,14,2026-05-31,present,0,11,
10312,151,929,14,2026-06-06,absent_unexcused,0,11,Sababsiz
10313,151,930,14,2026-06-07,present,0,11,
10314,151,931,14,2026-06-13,late,15,11,
10315,151,932,14,2026-06-14,absent_excused,0,11,Ota-ona xabar berdi
10316,151,933,14,2026-06-20,absent_excused,0,11,Ota-ona xabar berdi
10317,151,934,14,2026-06-21,present,0,11,
10318,151,935,14,2026-06-27,present,0,11,
10319,151,936,14,2026-06-28,present,0,11,
10320,151,937,14,2026-07-04,late,9,11,
10321,151,938,14,2026-07-05,late,9,11,
10322,151,939,14,2026-07-11,present,0,11,
10323,151,940,14,2026-07-12,absent_unexcused,0,11,Sababsiz
10324,151,941,14,2026-07-18,present,0,11,
10325,151,942,14,2026-07-19,present,0,11,
10326,151,943,14,2026-07-25,absent_unexcused,0,11,Sababsiz
10327,151,944,14,2026-07-26,present,0,11,
10328,152,902,14,2026-02-21,present,0,11,
10329,152,903,14,2026-02-22,absent_unexcused,0,11,Sababsiz
10330,152,904,14,2026-02-28,present,0,11,
10331,152,905,14,2026-03-01,present,0,11,
10332,152,906,14,2026-03-07,present,0,11,
10333,152,907,14,2026-03-08,present,0,11,
10334,152,908,14,2026-03-14,present,0,11,
10335,152,909,14,2026-03-15,present,0,11,
10336,152,910,14,2026-03-28,present,0,11,
10337,152,911,14,2026-03-29,present,0,11,
10338,152,912,14,2026-04-04,late,11,11,
10339,152,913,14,2026-04-05,present,0,11,
10340,152,914,14,2026-04-11,present,0,11,
10341,152,915,14,2026-04-12,present,0,11,
10342,152,916,14,2026-04-18,present,0,11,
10343,152,917,14,2026-04-19,present,0,11,
10344,152,918,14,2026-04-25,present,0,11,
10345,152,919,14,2026-04-26,present,0,11,
10346,152,920,14,2026-05-02,present,0,11,
10347,152,921,14,2026-05-03,present,0,11,
10348,152,922,14,2026-05-10,present,0,11,
10349,152,923,14,2026-05-16,present,0,11,
10350,152,924,14,2026-05-17,present,0,11,
10351,152,925,14,2026-05-23,present,0,11,
10352,152,926,14,2026-05-24,present,0,11,
10353,152,927,14,2026-05-30,present,0,11,
10354,152,928,14,2026-05-31,present,0,11,
10355,152,929,14,2026-06-06,present,0,11,
10356,152,930,14,2026-06-07,present,0,11,
10357,152,931,14,2026-06-13,present,0,11,
10358,152,932,14,2026-06-14,present,0,11,
10359,152,933,14,2026-06-20,present,0,11,
10360,152,934,14,2026-06-21,present,0,11,
10361,152,935,14,2026-06-27,present,0,11,
10362,152,936,14,2026-06-28,present,0,11,
10363,152,937,14,2026-07-04,present,0,11,
10364,152,938,14,2026-07-05,present,0,11,
10365,152,939,14,2026-07-11,present,0,11,
10366,152,940,14,2026-07-12,present,0,11,
10367,152,941,14,2026-07-18,present,0,11,
10368,152,942,14,2026-07-19,present,0,11,
10369,152,943,14,2026-07-25,present,0,11,
10370,152,944,14,2026-07-26,present,0,11,
10371,153,902,14,2026-02-21,present,0,11,
10372,153,903,14,2026-02-22,present,0,11,
10373,153,904,14,2026-02-28,present,0,11,
10374,153,905,14,2026-03-01,present,0,11,
10375,153,906,14,2026-03-07,present,0,11,
10376,153,907,14,2026-03-08,present,0,11,
10377,153,908,14,2026-03-14,late,23,11,
10378,153,909,14,2026-03-15,late,10,11,
10379,153,910,14,2026-03-28,present,0,11,
10380,153,911,14,2026-03-29,absent_excused,0,11,Ota-ona xabar berdi
10381,153,912,14,2026-04-04,absent_excused,0,11,Ota-ona xabar berdi
10382,153,913,14,2026-04-05,present,0,11,
10383,153,914,14,2026-04-11,present,0,11,
10384,153,915,14,2026-04-12,late,20,11,
10385,153,916,14,2026-04-18,present,0,11,
10386,153,917,14,2026-04-19,present,0,11,
10387,153,918,14,2026-04-25,present,0,11,
10388,153,919,14,2026-04-26,present,0,11,
10389,153,920,14,2026-05-02,present,0,11,
10390,153,921,14,2026-05-03,late,9,11,
10391,153,922,14,2026-05-10,present,0,11,
10392,153,923,14,2026-05-16,present,0,11,
10393,153,924,14,2026-05-17,present,0,11,
10394,153,925,14,2026-05-23,absent_unexcused,0,11,Sababsiz
10395,153,926,14,2026-05-24,present,0,11,
10396,153,927,14,2026-05-30,present,0,11,
10397,153,928,14,2026-05-31,present,0,11,
10398,153,929,14,2026-06-06,present,0,11,
10399,153,930,14,2026-06-07,present,0,11,
10400,153,931,14,2026-06-13,present,0,11,
10401,153,932,14,2026-06-14,present,0,11,
10402,153,933,14,2026-06-20,present,0,11,
10403,153,934,14,2026-06-21,present,0,11,
10404,153,935,14,2026-06-27,absent_excused,0,11,Ota-ona xabar berdi
10405,153,936,14,2026-06-28,absent_excused,0,11,Ota-ona xabar berdi
10406,153,937,14,2026-07-04,present,0,11,
10407,153,938,14,2026-07-05,present,0,11,
10408,153,939,14,2026-07-11,present,0,11,
10409,153,940,14,2026-07-12,late,6,11,
10410,153,941,14,2026-07-18,present,0,11,
10411,153,942,14,2026-07-19,present,0,11,
10412,153,943,14,2026-07-25,present,0,11,
10413,153,944,14,2026-07-26,present,0,11,
10414,154,902,14,2026-02-21,present,0,11,
10415,154,903,14,2026-02-22,present,0,11,
10416,154,904,14,2026-02-28,present,0,11,
10417,154,905,14,2026-03-01,present,0,11,
10418,154,906,14,2026-03-07,present,0,11,
10419,154,907,14,2026-03-08,present,0,11,
10420,154,908,14,2026-03-14,present,0,11,
10421,154,909,14,2026-03-15,present,0,11,
10422,154,910,14,2026-03-28,present,0,11,
10423,154,911,14,2026-03-29,late,15,11,
10424,154,912,14,2026-04-04,present,0,11,
10425,154,913,14,2026-04-05,present,0,11,
10426,154,914,14,2026-04-11,present,0,11,
10427,154,915,14,2026-04-12,present,0,11,
10428,154,916,14,2026-04-18,present,0,11,
10429,154,917,14,2026-04-19,present,0,11,
10430,154,918,14,2026-04-25,present,0,11,
10431,154,919,14,2026-04-26,present,0,11,
10432,154,920,14,2026-05-02,present,0,11,
10433,154,921,14,2026-05-03,present,0,11,
10434,154,922,14,2026-05-10,present,0,11,
10435,154,923,14,2026-05-16,present,0,11,
10436,154,924,14,2026-05-17,absent_unexcused,0,11,Sababsiz
10437,154,925,14,2026-05-23,present,0,11,
10438,154,926,14,2026-05-24,absent_unexcused,0,11,Sababsiz
10439,154,927,14,2026-05-30,present,0,11,
10440,154,928,14,2026-05-31,absent_excused,0,11,Ota-ona xabar berdi
10441,154,929,14,2026-06-06,absent_excused,0,11,Ota-ona xabar berdi
10442,154,930,14,2026-06-07,present,0,11,
10443,154,931,14,2026-06-13,present,0,11,
10444,154,932,14,2026-06-14,present,0,11,
10445,154,933,14,2026-06-20,present,0,11,
10446,154,934,14,2026-06-21,present,0,11,
10447,154,935,14,2026-06-27,late,17,11,
10448,154,936,14,2026-06-28,present,0,11,
10449,154,937,14,2026-07-04,present,0,11,
10450,154,938,14,2026-07-05,present,0,11,
10451,154,939,14,2026-07-11,present,0,11,
10452,154,940,14,2026-07-12,late,19,11,
10453,154,941,14,2026-07-18,absent_unexcused,0,11,Sababsiz
10454,154,942,14,2026-07-19,present,0,11,
10455,154,943,14,2026-07-25,present,0,11,
10456,154,944,14,2026-07-26,present,0,11,
10457,155,902,14,2026-02-21,present,0,11,
10458,155,903,14,2026-02-22,absent_unexcused,0,11,Sababsiz
10459,155,904,14,2026-02-28,present,0,11,
10460,155,905,14,2026-03-01,present,0,11,
10461,155,906,14,2026-03-07,present,0,11,
10462,155,907,14,2026-03-08,present,0,11,
10463,155,908,14,2026-03-14,present,0,11,
10464,155,909,14,2026-03-15,present,0,11,
10465,155,910,14,2026-03-28,late,12,11,
10466,155,911,14,2026-03-29,present,0,11,
10467,155,912,14,2026-04-04,present,0,11,
10468,155,913,14,2026-04-05,present,0,11,
10469,155,914,14,2026-04-11,late,24,11,
10470,155,915,14,2026-04-12,present,0,11,
10471,155,916,14,2026-04-18,present,0,11,
10472,155,917,14,2026-04-19,absent_excused,0,11,Ota-ona xabar berdi
10473,155,918,14,2026-04-25,present,0,11,
10474,155,919,14,2026-04-26,present,0,11,
10475,155,920,14,2026-05-02,present,0,11,
10476,155,921,14,2026-05-03,absent_unexcused,0,11,Sababsiz
10477,155,922,14,2026-05-10,absent_excused,0,11,Ota-ona xabar berdi
10478,155,923,14,2026-05-16,present,0,11,
10479,155,924,14,2026-05-17,absent_unexcused,0,11,Sababsiz
10480,155,925,14,2026-05-23,absent_unexcused,0,11,Sababsiz
10481,155,926,14,2026-05-24,present,0,11,
10482,155,927,14,2026-05-30,present,0,11,
10483,155,928,14,2026-05-31,present,0,11,
10484,155,929,14,2026-06-06,present,0,11,
10485,155,930,14,2026-06-07,present,0,11,
10486,155,931,14,2026-06-13,present,0,11,
10487,155,932,14,2026-06-14,absent_unexcused,0,11,Sababsiz
10488,155,933,14,2026-06-20,present,0,11,
10489,155,934,14,2026-06-21,present,0,11,
10490,155,935,14,2026-06-27,absent_excused,0,11,Ota-ona xabar berdi
10491,155,936,14,2026-06-28,present,0,11,
10492,155,937,14,2026-07-04,present,0,11,
10493,155,938,14,2026-07-05,present,0,11,
10494,155,939,14,2026-07-11,present,0,11,
10495,155,940,14,2026-07-12,present,0,11,
10496,155,941,14,2026-07-18,present,0,11,
10497,155,942,14,2026-07-19,present,0,11,
10498,155,943,14,2026-07-25,present,0,11,
10499,155,944,14,2026-07-26,absent_unexcused,0,11,Sababsiz
10500,156,902,14,2026-02-21,present,0,11,
10501,156,903,14,2026-02-22,present,0,11,
10502,156,904,14,2026-02-28,present,0,11,
10503,156,905,14,2026-03-01,absent_excused,0,11,Ota-ona xabar berdi
10504,156,906,14,2026-03-07,present,0,11,
10505,156,907,14,2026-03-08,present,0,11,
10506,156,908,14,2026-03-14,absent_unexcused,0,11,Sababsiz
10507,156,909,14,2026-03-15,present,0,11,
10508,156,910,14,2026-03-28,present,0,11,
10509,156,911,14,2026-03-29,present,0,11,
10510,156,912,14,2026-04-04,present,0,11,
10511,156,913,14,2026-04-05,late,22,11,
10512,156,914,14,2026-04-11,present,0,11,
10513,156,915,14,2026-04-12,present,0,11,
10514,156,916,14,2026-04-18,present,0,11,
10515,156,917,14,2026-04-19,present,0,11,
10516,156,918,14,2026-04-25,present,0,11,
10517,156,919,14,2026-04-26,present,0,11,
10518,156,920,14,2026-05-02,present,0,11,
10519,156,921,14,2026-05-03,absent_excused,0,11,Ota-ona xabar berdi
10520,156,922,14,2026-05-10,present,0,11,
10521,156,923,14,2026-05-16,present,0,11,
10522,156,924,14,2026-05-17,late,20,11,
10523,156,925,14,2026-05-23,present,0,11,
10524,156,926,14,2026-05-24,late,21,11,
10525,156,927,14,2026-05-30,present,0,11,
10526,156,928,14,2026-05-31,absent_excused,0,11,Ota-ona xabar berdi
10527,156,929,14,2026-06-06,present,0,11,
10528,156,930,14,2026-06-07,present,0,11,
10529,156,931,14,2026-06-13,absent_unexcused,0,11,Sababsiz
10530,156,932,14,2026-06-14,present,0,11,
10531,156,933,14,2026-06-20,absent_excused,0,11,Ota-ona xabar berdi
10532,156,934,14,2026-06-21,present,0,11,
10533,156,935,14,2026-06-27,absent_unexcused,0,11,Sababsiz
10534,156,936,14,2026-06-28,present,0,11,
10535,156,937,14,2026-07-04,present,0,11,
10536,156,938,14,2026-07-05,absent_excused,0,11,Ota-ona xabar berdi
10537,156,939,14,2026-07-11,absent_excused,0,11,Ota-ona xabar berdi
10538,156,940,14,2026-07-12,absent_excused,0,11,Ota-ona xabar berdi
10539,156,941,14,2026-07-18,absent_unexcused,0,11,Sababsiz
10540,156,942,14,2026-07-19,present,0,11,
10541,156,943,14,2026-07-25,absent_unexcused,0,11,Sababsiz
10542,156,944,14,2026-07-26,absent_unexcused,0,11,Sababsiz
10543,157,902,14,2026-02-21,present,0,11,
10544,157,903,14,2026-02-22,late,17,11,
10545,157,904,14,2026-02-28,present,0,11,
10546,157,905,14,2026-03-01,late,22,11,
10547,157,906,14,2026-03-07,present,0,11,
10548,157,907,14,2026-03-08,present,0,11,
10549,157,908,14,2026-03-14,present,0,11,
10550,157,909,14,2026-03-15,present,0,11,
10551,157,910,14,2026-03-28,absent_excused,0,11,Ota-ona xabar berdi
10552,157,911,14,2026-03-29,present,0,11,
10553,157,912,14,2026-04-04,present,0,11,
10554,157,913,14,2026-04-05,present,0,11,
10555,157,914,14,2026-04-11,present,0,11,
10556,157,915,14,2026-04-12,present,0,11,
10557,157,916,14,2026-04-18,present,0,11,
10558,157,917,14,2026-04-19,present,0,11,
10559,157,918,14,2026-04-25,present,0,11,
10560,157,919,14,2026-04-26,present,0,11,
10561,157,920,14,2026-05-02,present,0,11,
10562,157,921,14,2026-05-03,present,0,11,
10563,157,922,14,2026-05-10,present,0,11,
10564,157,923,14,2026-05-16,present,0,11,
10565,157,924,14,2026-05-17,present,0,11,
10566,157,925,14,2026-05-23,present,0,11,
10567,157,926,14,2026-05-24,present,0,11,
10568,157,927,14,2026-05-30,present,0,11,
10569,157,928,14,2026-05-31,present,0,11,
10570,157,929,14,2026-06-06,present,0,11,
10571,157,930,14,2026-06-07,present,0,11,
10572,157,931,14,2026-06-13,present,0,11,
10573,157,932,14,2026-06-14,present,0,11,
10574,157,933,14,2026-06-20,present,0,11,
10575,157,934,14,2026-06-21,present,0,11,
10576,157,935,14,2026-06-27,present,0,11,
10577,157,936,14,2026-06-28,present,0,11,
10578,157,937,14,2026-07-04,present,0,11,
10579,157,938,14,2026-07-05,present,0,11,
10580,157,939,14,2026-07-11,present,0,11,
10581,157,940,14,2026-07-12,present,0,11,
10582,157,941,14,2026-07-18,present,0,11,
10583,157,942,14,2026-07-19,present,0,11,
10584,157,943,14,2026-07-25,present,0,11,
10585,157,944,14,2026-07-26,present,0,11,
10586,158,902,14,2026-02-21,present,0,11,
10587,158,903,14,2026-02-22,late,9,11,
10588,158,904,14,2026-02-28,present,0,11,
10589,158,905,14,2026-03-01,absent_unexcused,0,11,Sababsiz
10590,158,906,14,2026-03-07,late,12,11,
10591,158,907,14,2026-03-08,present,0,11,
10592,158,908,14,2026-03-14,present,0,11,
10593,158,909,14,2026-03-15,present,0,11,
10594,158,910,14,2026-03-28,absent_unexcused,0,11,Sababsiz
10595,158,911,14,2026-03-29,present,0,11,
10596,158,912,14,2026-04-04,absent_excused,0,11,Ota-ona xabar berdi
10597,158,913,14,2026-04-05,present,0,11,
10598,158,914,14,2026-04-11,present,0,11,
10599,158,915,14,2026-04-12,absent_unexcused,0,11,Sababsiz
10600,158,916,14,2026-04-18,present,0,11,
10601,158,917,14,2026-04-19,present,0,11,
10602,158,918,14,2026-04-25,late,6,11,
10603,158,919,14,2026-04-26,absent_excused,0,11,Ota-ona xabar berdi
10604,158,920,14,2026-05-02,late,22,11,
10605,158,921,14,2026-05-03,present,0,11,
10606,158,922,14,2026-05-10,present,0,11,
10607,158,923,14,2026-05-16,late,7,11,
10608,158,924,14,2026-05-17,present,0,11,
10609,158,925,14,2026-05-23,late,7,11,
10610,158,926,14,2026-05-24,absent_unexcused,0,11,Sababsiz
10611,158,927,14,2026-05-30,present,0,11,
10612,158,928,14,2026-05-31,late,24,11,
10613,158,929,14,2026-06-06,present,0,11,
10614,158,930,14,2026-06-07,late,20,11,
10615,158,931,14,2026-06-13,present,0,11,
10616,158,932,14,2026-06-14,absent_excused,0,11,Ota-ona xabar berdi
10617,158,933,14,2026-06-20,present,0,11,
10618,158,934,14,2026-06-21,absent_excused,0,11,Ota-ona xabar berdi
10619,158,935,14,2026-06-27,present,0,11,
10620,158,936,14,2026-06-28,present,0,11,
10621,158,937,14,2026-07-04,present,0,11,
10622,158,938,14,2026-07-05,absent_unexcused,0,11,Sababsiz
10623,158,939,14,2026-07-11,present,0,11,
10624,158,940,14,2026-07-12,late,25,11,
10625,158,941,14,2026-07-18,absent_excused,0,11,Ota-ona xabar berdi
10626,158,942,14,2026-07-19,absent_unexcused,0,11,Sababsiz
10627,158,943,14,2026-07-25,present,0,11,
10628,158,944,14,2026-07-26,absent_unexcused,0,11,Sababsiz
10629,159,902,14,2026-02-21,present,0,11,
10630,159,903,14,2026-02-22,present,0,11,
10631,159,904,14,2026-02-28,present,0,11,
10632,159,905,14,2026-03-01,present,0,11,
10633,159,906,14,2026-03-07,absent_unexcused,0,11,Sababsiz
10634,159,907,14,2026-03-08,present,0,11,
10635,159,908,14,2026-03-14,present,0,11,
10636,159,909,14,2026-03-15,present,0,11,
10637,159,910,14,2026-03-28,present,0,11,
10638,159,911,14,2026-03-29,present,0,11,
10639,159,912,14,2026-04-04,present,0,11,
10640,159,913,14,2026-04-05,present,0,11,
10641,159,914,14,2026-04-11,late,22,11,
10642,159,915,14,2026-04-12,present,0,11,
10643,159,916,14,2026-04-18,present,0,11,
10644,159,917,14,2026-04-19,present,0,11,
10645,159,918,14,2026-04-25,present,0,11,
10646,159,919,14,2026-04-26,present,0,11,
10647,159,920,14,2026-05-02,present,0,11,
10648,159,921,14,2026-05-03,present,0,11,
10649,159,922,14,2026-05-10,present,0,11,
10650,159,923,14,2026-05-16,present,0,11,
10651,159,924,14,2026-05-17,present,0,11,
10652,159,925,14,2026-05-23,present,0,11,
10653,159,926,14,2026-05-24,present,0,11,
10654,159,927,14,2026-05-30,present,0,11,
10655,159,928,14,2026-05-31,present,0,11,
10656,159,929,14,2026-06-06,present,0,11,
10657,159,930,14,2026-06-07,late,7,11,
10658,159,931,14,2026-06-13,present,0,11,
10659,159,932,14,2026-06-14,present,0,11,
10660,159,933,14,2026-06-20,absent_unexcused,0,11,Sababsiz
10661,159,934,14,2026-06-21,present,0,11,
10662,159,935,14,2026-06-27,present,0,11,
10663,159,936,14,2026-06-28,present,0,11,
10664,159,937,14,2026-07-04,absent_excused,0,11,Ota-ona xabar berdi
10665,159,938,14,2026-07-05,present,0,11,
10666,159,939,14,2026-07-11,present,0,11,
10667,159,940,14,2026-07-12,absent_excused,0,11,Ota-ona xabar berdi
10668,159,941,14,2026-07-18,present,0,11,
10669,159,942,14,2026-07-19,absent_excused,0,11,Ota-ona xabar berdi
10670,159,943,14,2026-07-25,present,0,11,
10671,159,944,14,2026-07-26,absent_unexcused,0,11,Sababsiz
10672,160,902,14,2026-02-21,absent_excused,0,11,Ota-ona xabar berdi
10673,160,903,14,2026-02-22,present,0,11,
10674,160,904,14,2026-02-28,present,0,11,
10675,160,905,14,2026-03-01,absent_excused,0,11,Ota-ona xabar berdi
10676,160,906,14,2026-03-07,absent_unexcused,0,11,Sababsiz
10677,160,907,14,2026-03-08,present,0,11,
10678,160,908,14,2026-03-14,present,0,11,
10679,160,909,14,2026-03-15,present,0,11,
10680,160,910,14,2026-03-28,present,0,11,
10681,160,911,14,2026-03-29,present,0,11,
10682,160,912,14,2026-04-04,present,0,11,
10683,160,913,14,2026-04-05,present,0,11,
10684,160,914,14,2026-04-11,present,0,11,
10685,160,915,14,2026-04-12,present,0,11,
10686,160,916,14,2026-04-18,present,0,11,
10687,160,917,14,2026-04-19,absent_excused,0,11,Ota-ona xabar berdi
10688,160,918,14,2026-04-25,present,0,11,
10689,160,919,14,2026-04-26,absent_unexcused,0,11,Sababsiz
10690,160,920,14,2026-05-02,late,17,11,
10691,160,921,14,2026-05-03,present,0,11,
10692,160,922,14,2026-05-10,present,0,11,
10693,160,923,14,2026-05-16,absent_excused,0,11,Ota-ona xabar berdi
10694,160,924,14,2026-05-17,absent_unexcused,0,11,Sababsiz
10695,160,925,14,2026-05-23,absent_unexcused,0,11,Sababsiz
10696,160,926,14,2026-05-24,present,0,11,
10697,160,927,14,2026-05-30,late,18,11,
10698,160,928,14,2026-05-31,present,0,11,
10699,160,929,14,2026-06-06,present,0,11,
10700,160,930,14,2026-06-07,late,25,11,
10701,160,931,14,2026-06-13,present,0,11,
10702,160,932,14,2026-06-14,absent_unexcused,0,11,Sababsiz
10703,160,933,14,2026-06-20,late,10,11,
10704,160,934,14,2026-06-21,present,0,11,
10705,160,935,14,2026-06-27,present,0,11,
10706,160,936,14,2026-06-28,present,0,11,
10707,160,937,14,2026-07-04,present,0,11,
10708,160,938,14,2026-07-05,late,11,11,
10709,160,939,14,2026-07-11,present,0,11,
10710,160,940,14,2026-07-12,late,20,11,
10711,160,941,14,2026-07-18,present,0,11,
10712,160,942,14,2026-07-19,present,0,11,
10713,160,943,14,2026-07-25,late,23,11,
10714,160,944,14,2026-07-26,present,0,11,
10715,161,902,14,2026-02-21,present,0,11,
10716,161,903,14,2026-02-22,present,0,11,
10717,161,904,14,2026-02-28,present,0,11,
10718,161,905,14,2026-03-01,present,0,11,
10719,161,906,14,2026-03-07,present,0,11,
10720,161,907,14,2026-03-08,present,0,11,
10721,161,908,14,2026-03-14,present,0,11,
10722,161,909,14,2026-03-15,present,0,11,
10723,161,910,14,2026-03-28,present,0,11,
10724,161,911,14,2026-03-29,present,0,11,
10725,161,912,14,2026-04-04,present,0,11,
10726,161,913,14,2026-04-05,present,0,11,
10727,161,914,14,2026-04-11,present,0,11,
10728,161,915,14,2026-04-12,present,0,11,
10729,161,916,14,2026-04-18,present,0,11,
10730,161,917,14,2026-04-19,present,0,11,
10731,161,918,14,2026-04-25,present,0,11,
10732,161,919,14,2026-04-26,present,0,11,
10733,161,920,14,2026-05-02,present,0,11,
10734,161,921,14,2026-05-03,present,0,11,
10735,161,922,14,2026-05-10,present,0,11,
10736,161,923,14,2026-05-16,late,15,11,
10737,161,924,14,2026-05-17,present,0,11,
10738,161,925,14,2026-05-23,absent_excused,0,11,Ota-ona xabar berdi
10739,161,926,14,2026-05-24,present,0,11,
10740,161,927,14,2026-05-30,present,0,11,
10741,161,928,14,2026-05-31,present,0,11,
10742,161,929,14,2026-06-06,present,0,11,
10743,161,930,14,2026-06-07,late,8,11,
10744,161,931,14,2026-06-13,present,0,11,
10745,161,932,14,2026-06-14,present,0,11,
10746,161,933,14,2026-06-20,present,0,11,
10747,161,934,14,2026-06-21,present,0,11,
10748,161,935,14,2026-06-27,present,0,11,
10749,161,936,14,2026-06-28,present,0,11,
10750,161,937,14,2026-07-04,present,0,11,
10751,161,938,14,2026-07-05,absent_unexcused,0,11,Sababsiz
10752,161,939,14,2026-07-11,present,0,11,
10753,161,940,14,2026-07-12,present,0,11,
10754,161,941,14,2026-07-18,present,0,11,
10755,161,942,14,2026-07-19,present,0,11,
10756,161,943,14,2026-07-25,absent_unexcused,0,11,Sababsiz
10757,161,944,14,2026-07-26,present,0,11,
10758,162,945,15,2026-02-07,present,0,3,
10759,162,946,15,2026-02-08,absent_excused,0,3,Ota-ona xabar berdi
10760,162,947,15,2026-02-14,absent_excused,0,3,Ota-ona xabar berdi
10761,162,948,15,2026-02-15,present,0,3,
10762,162,949,15,2026-02-21,present,0,3,
10763,162,950,15,2026-02-22,absent_unexcused,0,3,Sababsiz
10764,162,951,15,2026-02-28,present,0,3,
10765,162,952,15,2026-03-01,present,0,3,
10766,162,953,15,2026-03-07,present,0,3,
10767,162,954,15,2026-03-08,late,14,3,
10768,162,955,15,2026-03-14,present,0,3,
10769,162,956,15,2026-03-15,present,0,3,
10770,162,957,15,2026-03-28,present,0,3,
10771,162,958,15,2026-03-29,late,21,3,
10772,162,959,15,2026-04-04,present,0,3,
10773,162,960,15,2026-04-05,absent_unexcused,0,3,Sababsiz
10774,162,961,15,2026-04-11,present,0,3,
10775,162,962,15,2026-04-12,present,0,3,
10776,162,963,15,2026-04-18,absent_excused,0,3,Ota-ona xabar berdi
10777,162,964,15,2026-04-19,present,0,3,
10778,162,965,15,2026-04-25,absent_excused,0,3,Ota-ona xabar berdi
10779,162,966,15,2026-04-26,present,0,3,
10780,162,967,15,2026-05-02,absent_unexcused,0,3,Sababsiz
10781,162,968,15,2026-05-03,present,0,3,
10782,162,969,15,2026-05-10,present,0,3,
10783,162,970,15,2026-05-16,present,0,3,
10784,162,971,15,2026-05-17,present,0,3,
10785,162,972,15,2026-05-23,absent_unexcused,0,3,Sababsiz
10786,162,973,15,2026-05-24,present,0,3,
10787,162,974,15,2026-05-30,present,0,3,
10788,162,975,15,2026-05-31,present,0,3,
10789,162,976,15,2026-06-06,present,0,3,
10790,162,977,15,2026-06-07,present,0,3,
10791,162,978,15,2026-06-13,present,0,3,
10792,162,979,15,2026-06-14,absent_excused,0,3,Ota-ona xabar berdi
10793,162,980,15,2026-06-20,present,0,3,
10794,162,981,15,2026-06-21,present,0,3,
10795,162,982,15,2026-06-27,late,11,3,
10796,162,983,15,2026-06-28,late,20,3,
10797,162,984,15,2026-07-04,present,0,3,
10798,162,985,15,2026-07-05,present,0,3,
10799,162,986,15,2026-07-11,present,0,3,
10800,162,987,15,2026-07-12,present,0,3,
10801,162,988,15,2026-07-18,late,7,3,
10802,162,989,15,2026-07-19,present,0,3,
10803,162,990,15,2026-07-25,absent_unexcused,0,3,Sababsiz
10804,162,991,15,2026-07-26,present,0,3,
10805,163,945,15,2026-02-07,present,0,3,
10806,163,946,15,2026-02-08,absent_unexcused,0,3,Sababsiz
10807,163,947,15,2026-02-14,absent_unexcused,0,3,Sababsiz
10808,163,948,15,2026-02-15,absent_excused,0,3,Ota-ona xabar berdi
10809,163,949,15,2026-02-21,present,0,3,
10810,163,950,15,2026-02-22,present,0,3,
10811,163,951,15,2026-02-28,late,19,3,
10812,163,952,15,2026-03-01,late,16,3,
10813,163,953,15,2026-03-07,absent_excused,0,3,Ota-ona xabar berdi
10814,163,954,15,2026-03-08,present,0,3,
10815,163,955,15,2026-03-14,present,0,3,
10816,163,956,15,2026-03-15,present,0,3,
10817,163,957,15,2026-03-28,present,0,3,
10818,163,958,15,2026-03-29,present,0,3,
10819,163,959,15,2026-04-04,present,0,3,
10820,163,960,15,2026-04-05,absent_excused,0,3,Ota-ona xabar berdi
10821,163,961,15,2026-04-11,absent_excused,0,3,Ota-ona xabar berdi
10822,163,962,15,2026-04-12,absent_unexcused,0,3,Sababsiz
10823,163,963,15,2026-04-18,absent_unexcused,0,3,Sababsiz
10824,163,964,15,2026-04-19,present,0,3,
10825,163,965,15,2026-04-25,absent_excused,0,3,Ota-ona xabar berdi
10826,163,966,15,2026-04-26,absent_unexcused,0,3,Sababsiz
10827,163,967,15,2026-05-02,present,0,3,
10828,163,968,15,2026-05-03,present,0,3,
10829,163,969,15,2026-05-10,absent_excused,0,3,Ota-ona xabar berdi
10830,163,970,15,2026-05-16,absent_excused,0,3,Ota-ona xabar berdi
10831,163,971,15,2026-05-17,present,0,3,
10832,163,972,15,2026-05-23,present,0,3,
10833,163,973,15,2026-05-24,present,0,3,
10834,163,974,15,2026-05-30,present,0,3,
10835,163,975,15,2026-05-31,present,0,3,
10836,163,976,15,2026-06-06,present,0,3,
10837,163,977,15,2026-06-07,absent_excused,0,3,Ota-ona xabar berdi
10838,163,978,15,2026-06-13,present,0,3,
10839,163,979,15,2026-06-14,present,0,3,
10840,163,980,15,2026-06-20,absent_unexcused,0,3,Sababsiz
10841,163,981,15,2026-06-21,absent_unexcused,0,3,Sababsiz
10842,163,982,15,2026-06-27,present,0,3,
10843,163,983,15,2026-06-28,absent_excused,0,3,Ota-ona xabar berdi
10844,163,984,15,2026-07-04,absent_excused,0,3,Ota-ona xabar berdi
10845,163,985,15,2026-07-05,absent_unexcused,0,3,Sababsiz
10846,163,986,15,2026-07-11,late,7,3,
10847,163,987,15,2026-07-12,absent_excused,0,3,Ota-ona xabar berdi
10848,163,988,15,2026-07-18,present,0,3,
10849,163,989,15,2026-07-19,present,0,3,
10850,163,990,15,2026-07-25,present,0,3,
10851,163,991,15,2026-07-26,present,0,3,
10852,164,945,15,2026-02-07,present,0,3,
10853,164,946,15,2026-02-08,present,0,3,
10854,164,947,15,2026-02-14,present,0,3,
10855,164,948,15,2026-02-15,absent_unexcused,0,3,Sababsiz
10856,164,949,15,2026-02-21,present,0,3,
10857,164,950,15,2026-02-22,present,0,3,
10858,164,951,15,2026-02-28,present,0,3,
10859,164,952,15,2026-03-01,present,0,3,
10860,164,953,15,2026-03-07,present,0,3,
10861,164,954,15,2026-03-08,present,0,3,
10862,164,955,15,2026-03-14,present,0,3,
10863,164,956,15,2026-03-15,present,0,3,
10864,164,957,15,2026-03-28,present,0,3,
10865,164,958,15,2026-03-29,present,0,3,
10866,164,959,15,2026-04-04,present,0,3,
10867,164,960,15,2026-04-05,present,0,3,
10868,164,961,15,2026-04-11,present,0,3,
10869,164,962,15,2026-04-12,present,0,3,
10870,164,963,15,2026-04-18,absent_unexcused,0,3,Sababsiz
10871,164,964,15,2026-04-19,present,0,3,
10872,164,965,15,2026-04-25,present,0,3,
10873,164,966,15,2026-04-26,present,0,3,
10874,164,967,15,2026-05-02,present,0,3,
10875,164,968,15,2026-05-03,present,0,3,
10876,164,969,15,2026-05-10,absent_unexcused,0,3,Sababsiz
10877,164,970,15,2026-05-16,present,0,3,
10878,164,971,15,2026-05-17,present,0,3,
10879,164,972,15,2026-05-23,present,0,3,
10880,164,973,15,2026-05-24,present,0,3,
10881,164,974,15,2026-05-30,present,0,3,
10882,164,975,15,2026-05-31,present,0,3,
10883,164,976,15,2026-06-06,present,0,3,
10884,164,977,15,2026-06-07,present,0,3,
10885,164,978,15,2026-06-13,present,0,3,
10886,164,979,15,2026-06-14,present,0,3,
10887,164,980,15,2026-06-20,present,0,3,
10888,164,981,15,2026-06-21,present,0,3,
10889,164,982,15,2026-06-27,present,0,3,
10890,164,983,15,2026-06-28,present,0,3,
10891,164,984,15,2026-07-04,present,0,3,
10892,164,985,15,2026-07-05,present,0,3,
10893,164,986,15,2026-07-11,present,0,3,
10894,164,987,15,2026-07-12,present,0,3,
10895,164,988,15,2026-07-18,present,0,3,
10896,164,989,15,2026-07-19,present,0,3,
10897,164,990,15,2026-07-25,present,0,3,
10898,164,991,15,2026-07-26,present,0,3,
10899,165,945,15,2026-02-07,present,0,3,
10900,165,946,15,2026-02-08,present,0,3,
10901,165,947,15,2026-02-14,present,0,3,
10902,165,948,15,2026-02-15,present,0,3,
10903,165,949,15,2026-02-21,present,0,3,
10904,165,950,15,2026-02-22,present,0,3,
10905,165,951,15,2026-02-28,present,0,3,
10906,165,952,15,2026-03-01,present,0,3,
10907,165,953,15,2026-03-07,present,0,3,
10908,165,954,15,2026-03-08,present,0,3,
10909,165,955,15,2026-03-14,absent_unexcused,0,3,Sababsiz
10910,165,956,15,2026-03-15,present,0,3,
10911,165,957,15,2026-03-28,present,0,3,
10912,165,958,15,2026-03-29,late,25,3,
10913,165,959,15,2026-04-04,present,0,3,
10914,165,960,15,2026-04-05,present,0,3,
10915,165,961,15,2026-04-11,present,0,3,
10916,165,962,15,2026-04-12,present,0,3,
10917,165,963,15,2026-04-18,present,0,3,
10918,165,964,15,2026-04-19,present,0,3,
10919,165,965,15,2026-04-25,present,0,3,
10920,165,966,15,2026-04-26,late,22,3,
10921,165,967,15,2026-05-02,present,0,3,
10922,165,968,15,2026-05-03,absent_excused,0,3,Ota-ona xabar berdi
10923,165,969,15,2026-05-10,present,0,3,
10924,165,970,15,2026-05-16,present,0,3,
10925,165,971,15,2026-05-17,present,0,3,
10926,165,972,15,2026-05-23,present,0,3,
10927,165,973,15,2026-05-24,present,0,3,
10928,165,974,15,2026-05-30,present,0,3,
10929,165,975,15,2026-05-31,present,0,3,
10930,165,976,15,2026-06-06,present,0,3,
10931,165,977,15,2026-06-07,present,0,3,
10932,165,978,15,2026-06-13,present,0,3,
10933,165,979,15,2026-06-14,present,0,3,
10934,165,980,15,2026-06-20,present,0,3,
10935,165,981,15,2026-06-21,present,0,3,
10936,165,982,15,2026-06-27,present,0,3,
10937,165,983,15,2026-06-28,present,0,3,
10938,165,984,15,2026-07-04,present,0,3,
10939,165,985,15,2026-07-05,present,0,3,
10940,165,986,15,2026-07-11,present,0,3,
10941,165,987,15,2026-07-12,present,0,3,
10942,165,988,15,2026-07-18,absent_excused,0,3,Ota-ona xabar berdi
10943,165,989,15,2026-07-19,absent_unexcused,0,3,Sababsiz
10944,165,990,15,2026-07-25,present,0,3,
10945,165,991,15,2026-07-26,late,8,3,
10946,166,945,15,2026-02-07,present,0,3,
10947,166,946,15,2026-02-08,present,0,3,
10948,166,947,15,2026-02-14,absent_unexcused,0,3,Sababsiz
10949,166,948,15,2026-02-15,present,0,3,
10950,166,949,15,2026-02-21,present,0,3,
10951,166,950,15,2026-02-22,present,0,3,
10952,166,951,15,2026-02-28,absent_excused,0,3,Ota-ona xabar berdi
10953,166,952,15,2026-03-01,present,0,3,
10954,166,953,15,2026-03-07,late,21,3,
10955,166,954,15,2026-03-08,present,0,3,
10956,166,955,15,2026-03-14,present,0,3,
10957,166,956,15,2026-03-15,present,0,3,
10958,166,957,15,2026-03-28,present,0,3,
10959,166,958,15,2026-03-29,present,0,3,
10960,166,959,15,2026-04-04,present,0,3,
10961,166,960,15,2026-04-05,present,0,3,
10962,166,961,15,2026-04-11,present,0,3,
10963,166,962,15,2026-04-12,present,0,3,
10964,166,963,15,2026-04-18,late,14,3,
10965,166,964,15,2026-04-19,present,0,3,
10966,166,965,15,2026-04-25,present,0,3,
10967,166,966,15,2026-04-26,present,0,3,
10968,166,967,15,2026-05-02,present,0,3,
10969,166,968,15,2026-05-03,present,0,3,
10970,166,969,15,2026-05-10,present,0,3,
10971,166,970,15,2026-05-16,late,15,3,
10972,166,971,15,2026-05-17,present,0,3,
10973,166,972,15,2026-05-23,late,24,3,
10974,166,973,15,2026-05-24,present,0,3,
10975,166,974,15,2026-05-30,late,25,3,
10976,166,975,15,2026-05-31,absent_unexcused,0,3,Sababsiz
10977,166,976,15,2026-06-06,present,0,3,
10978,166,977,15,2026-06-07,present,0,3,
10979,166,978,15,2026-06-13,present,0,3,
10980,166,979,15,2026-06-14,present,0,3,
10981,166,980,15,2026-06-20,present,0,3,
10982,166,981,15,2026-06-21,present,0,3,
10983,166,982,15,2026-06-27,present,0,3,
10984,166,983,15,2026-06-28,present,0,3,
10985,166,984,15,2026-07-04,present,0,3,
10986,166,985,15,2026-07-05,present,0,3,
10987,166,986,15,2026-07-11,present,0,3,
10988,166,987,15,2026-07-12,present,0,3,
10989,166,988,15,2026-07-18,late,25,3,
10990,166,989,15,2026-07-19,present,0,3,
10991,166,990,15,2026-07-25,present,0,3,
10992,166,991,15,2026-07-26,present,0,3,
10993,167,945,15,2026-02-07,late,21,3,
10994,167,946,15,2026-02-08,present,0,3,
10995,167,947,15,2026-02-14,absent_excused,0,3,Ota-ona xabar berdi
10996,167,948,15,2026-02-15,present,0,3,
10997,167,949,15,2026-02-21,present,0,3,
10998,167,950,15,2026-02-22,present,0,3,
10999,167,951,15,2026-02-28,present,0,3,
11000,167,952,15,2026-03-01,present,0,3,
11001,167,953,15,2026-03-07,absent_unexcused,0,3,Sababsiz
11002,167,954,15,2026-03-08,present,0,3,
11003,167,955,15,2026-03-14,present,0,3,
11004,167,956,15,2026-03-15,present,0,3,
11005,167,957,15,2026-03-28,present,0,3,
11006,167,958,15,2026-03-29,present,0,3,
11007,167,959,15,2026-04-04,present,0,3,
11008,167,960,15,2026-04-05,present,0,3,
11009,167,961,15,2026-04-11,present,0,3,
11010,167,962,15,2026-04-12,present,0,3,
11011,167,963,15,2026-04-18,present,0,3,
11012,167,964,15,2026-04-19,absent_excused,0,3,Ota-ona xabar berdi
11013,167,965,15,2026-04-25,absent_unexcused,0,3,Sababsiz
11014,167,966,15,2026-04-26,absent_excused,0,3,Ota-ona xabar berdi
11015,167,967,15,2026-05-02,late,6,3,
11016,167,968,15,2026-05-03,present,0,3,
11017,167,969,15,2026-05-10,present,0,3,
11018,167,970,15,2026-05-16,present,0,3,
11019,167,971,15,2026-05-17,present,0,3,
11020,167,972,15,2026-05-23,late,14,3,
11021,167,973,15,2026-05-24,absent_excused,0,3,Ota-ona xabar berdi
11022,167,974,15,2026-05-30,absent_unexcused,0,3,Sababsiz
11023,167,975,15,2026-05-31,present,0,3,
11024,167,976,15,2026-06-06,present,0,3,
11025,167,977,15,2026-06-07,late,8,3,
11026,167,978,15,2026-06-13,late,8,3,
11027,167,979,15,2026-06-14,present,0,3,
11028,167,980,15,2026-06-20,late,20,3,
11029,167,981,15,2026-06-21,present,0,3,
11030,167,982,15,2026-06-27,present,0,3,
11031,167,983,15,2026-06-28,absent_excused,0,3,Ota-ona xabar berdi
11032,167,984,15,2026-07-04,late,21,3,
11033,167,985,15,2026-07-05,present,0,3,
11034,167,986,15,2026-07-11,present,0,3,
11035,167,987,15,2026-07-12,late,6,3,
11036,167,988,15,2026-07-18,present,0,3,
11037,167,989,15,2026-07-19,present,0,3,
11038,167,990,15,2026-07-25,present,0,3,
11039,167,991,15,2026-07-26,present,0,3,
11040,168,945,15,2026-02-07,present,0,3,
11041,168,946,15,2026-02-08,absent_unexcused,0,3,Sababsiz
11042,168,947,15,2026-02-14,absent_unexcused,0,3,Sababsiz
11043,168,948,15,2026-02-15,late,16,3,
11044,168,949,15,2026-02-21,present,0,3,
11045,168,950,15,2026-02-22,present,0,3,
11046,168,951,15,2026-02-28,present,0,3,
11047,168,952,15,2026-03-01,absent_excused,0,3,Ota-ona xabar berdi
11048,168,953,15,2026-03-07,absent_excused,0,3,Ota-ona xabar berdi
11049,168,954,15,2026-03-08,absent_unexcused,0,3,Sababsiz
11050,168,955,15,2026-03-14,absent_excused,0,3,Ota-ona xabar berdi
11051,168,956,15,2026-03-15,present,0,3,
11052,168,957,15,2026-03-28,present,0,3,
11053,168,958,15,2026-03-29,present,0,3,
11054,168,959,15,2026-04-04,present,0,3,
11055,168,960,15,2026-04-05,present,0,3,
11056,168,961,15,2026-04-11,present,0,3,
11057,168,962,15,2026-04-12,present,0,3,
11058,168,963,15,2026-04-18,present,0,3,
11059,168,964,15,2026-04-19,present,0,3,
11060,168,965,15,2026-04-25,present,0,3,
11061,168,966,15,2026-04-26,present,0,3,
11062,168,967,15,2026-05-02,absent_excused,0,3,Ota-ona xabar berdi
11063,168,968,15,2026-05-03,present,0,3,
11064,168,969,15,2026-05-10,absent_unexcused,0,3,Sababsiz
11065,168,970,15,2026-05-16,present,0,3,
11066,168,971,15,2026-05-17,present,0,3,
11067,168,972,15,2026-05-23,present,0,3,
11068,168,973,15,2026-05-24,late,25,3,
11069,168,974,15,2026-05-30,present,0,3,
11070,168,975,15,2026-05-31,present,0,3,
11071,168,976,15,2026-06-06,present,0,3,
11072,168,977,15,2026-06-07,present,0,3,
11073,168,978,15,2026-06-13,present,0,3,
11074,168,979,15,2026-06-14,present,0,3,
11075,168,980,15,2026-06-20,late,11,3,
11076,168,981,15,2026-06-21,absent_unexcused,0,3,Sababsiz
11077,168,982,15,2026-06-27,present,0,3,
11078,168,983,15,2026-06-28,absent_excused,0,3,Ota-ona xabar berdi
11079,168,984,15,2026-07-04,present,0,3,
11080,168,985,15,2026-07-05,absent_unexcused,0,3,Sababsiz
11081,168,986,15,2026-07-11,late,16,3,
11082,168,987,15,2026-07-12,present,0,3,
11083,168,988,15,2026-07-18,present,0,3,
11084,168,989,15,2026-07-19,late,19,3,
11085,168,990,15,2026-07-25,absent_unexcused,0,3,Sababsiz
11086,168,991,15,2026-07-26,present,0,3,
11087,169,945,15,2026-02-07,present,0,3,
11088,169,946,15,2026-02-08,present,0,3,
11089,169,947,15,2026-02-14,present,0,3,
11090,169,948,15,2026-02-15,present,0,3,
11091,169,949,15,2026-02-21,present,0,3,
11092,169,950,15,2026-02-22,present,0,3,
11093,169,951,15,2026-02-28,present,0,3,
11094,169,952,15,2026-03-01,present,0,3,
11095,169,953,15,2026-03-07,present,0,3,
11096,169,954,15,2026-03-08,present,0,3,
11097,169,955,15,2026-03-14,absent_unexcused,0,3,Sababsiz
11098,169,956,15,2026-03-15,late,18,3,
11099,169,957,15,2026-03-28,present,0,3,
11100,169,958,15,2026-03-29,absent_unexcused,0,3,Sababsiz
11101,169,959,15,2026-04-04,present,0,3,
11102,169,960,15,2026-04-05,present,0,3,
11103,169,961,15,2026-04-11,present,0,3,
11104,169,962,15,2026-04-12,absent_excused,0,3,Ota-ona xabar berdi
11105,169,963,15,2026-04-18,present,0,3,
11106,169,964,15,2026-04-19,present,0,3,
11107,169,965,15,2026-04-25,present,0,3,
11108,169,966,15,2026-04-26,present,0,3,
11109,169,967,15,2026-05-02,present,0,3,
11110,169,968,15,2026-05-03,present,0,3,
11111,169,969,15,2026-05-10,present,0,3,
11112,169,970,15,2026-05-16,present,0,3,
11113,169,971,15,2026-05-17,present,0,3,
11114,169,972,15,2026-05-23,present,0,3,
11115,169,973,15,2026-05-24,present,0,3,
11116,169,974,15,2026-05-30,present,0,3,
11117,169,975,15,2026-05-31,present,0,3,
11118,169,976,15,2026-06-06,present,0,3,
11119,169,977,15,2026-06-07,present,0,3,
11120,169,978,15,2026-06-13,present,0,3,
11121,169,979,15,2026-06-14,present,0,3,
11122,169,980,15,2026-06-20,present,0,3,
11123,169,981,15,2026-06-21,present,0,3,
11124,169,982,15,2026-06-27,present,0,3,
11125,169,983,15,2026-06-28,present,0,3,
11126,169,984,15,2026-07-04,present,0,3,
11127,169,985,15,2026-07-05,present,0,3,
11128,169,986,15,2026-07-11,present,0,3,
11129,169,987,15,2026-07-12,present,0,3,
11130,169,988,15,2026-07-18,present,0,3,
11131,169,989,15,2026-07-19,present,0,3,
11132,169,990,15,2026-07-25,present,0,3,
11133,169,991,15,2026-07-26,present,0,3,
11134,170,945,15,2026-02-07,present,0,3,
11135,170,946,15,2026-02-08,present,0,3,
11136,170,947,15,2026-02-14,present,0,3,
11137,170,948,15,2026-02-15,late,16,3,
11138,170,949,15,2026-02-21,late,11,3,
11139,170,950,15,2026-02-22,absent_excused,0,3,Ota-ona xabar berdi
11140,170,951,15,2026-02-28,late,11,3,
11141,170,952,15,2026-03-01,present,0,3,
11142,170,953,15,2026-03-07,present,0,3,
11143,170,954,15,2026-03-08,present,0,3,
11144,170,955,15,2026-03-14,present,0,3,
11145,170,956,15,2026-03-15,late,12,3,
11146,170,957,15,2026-03-28,present,0,3,
11147,170,958,15,2026-03-29,late,17,3,
11148,170,959,15,2026-04-04,late,22,3,
11149,170,960,15,2026-04-05,absent_unexcused,0,3,Sababsiz
11150,170,961,15,2026-04-11,present,0,3,
11151,170,962,15,2026-04-12,present,0,3,
11152,170,963,15,2026-04-18,present,0,3,
11153,170,964,15,2026-04-19,present,0,3,
11154,170,965,15,2026-04-25,present,0,3,
11155,170,966,15,2026-04-26,present,0,3,
11156,170,967,15,2026-05-02,present,0,3,
11157,170,968,15,2026-05-03,present,0,3,
11158,170,969,15,2026-05-10,present,0,3,
11159,170,970,15,2026-05-16,present,0,3,
11160,170,971,15,2026-05-17,late,23,3,
11161,170,972,15,2026-05-23,present,0,3,
11162,170,973,15,2026-05-24,absent_unexcused,0,3,Sababsiz
11163,170,974,15,2026-05-30,present,0,3,
11164,170,975,15,2026-05-31,present,0,3,
11165,170,976,15,2026-06-06,present,0,3,
11166,170,977,15,2026-06-07,present,0,3,
11167,170,978,15,2026-06-13,present,0,3,
11168,170,979,15,2026-06-14,present,0,3,
11169,170,980,15,2026-06-20,present,0,3,
11170,170,981,15,2026-06-21,absent_unexcused,0,3,Sababsiz
11171,170,982,15,2026-06-27,present,0,3,
11172,170,983,15,2026-06-28,present,0,3,
11173,170,984,15,2026-07-04,late,9,3,
11174,170,985,15,2026-07-05,present,0,3,
11175,170,986,15,2026-07-11,present,0,3,
11176,170,987,15,2026-07-12,present,0,3,
11177,170,988,15,2026-07-18,present,0,3,
11178,170,989,15,2026-07-19,late,15,3,
11179,170,990,15,2026-07-25,present,0,3,
11180,170,991,15,2026-07-26,present,0,3,
11181,171,945,15,2026-02-07,present,0,3,
11182,171,946,15,2026-02-08,present,0,3,
11183,171,947,15,2026-02-14,present,0,3,
11184,171,948,15,2026-02-15,present,0,3,
11185,171,949,15,2026-02-21,present,0,3,
11186,171,950,15,2026-02-22,present,0,3,
11187,171,951,15,2026-02-28,late,14,3,
11188,171,952,15,2026-03-01,absent_unexcused,0,3,Sababsiz
11189,171,953,15,2026-03-07,absent_unexcused,0,3,Sababsiz
11190,171,954,15,2026-03-08,present,0,3,
11191,171,955,15,2026-03-14,present,0,3,
11192,171,956,15,2026-03-15,present,0,3,
11193,171,957,15,2026-03-28,present,0,3,
11194,171,958,15,2026-03-29,present,0,3,
11195,171,959,15,2026-04-04,late,15,3,
11196,171,960,15,2026-04-05,absent_excused,0,3,Ota-ona xabar berdi
11197,171,961,15,2026-04-11,present,0,3,
11198,171,962,15,2026-04-12,present,0,3,
11199,171,963,15,2026-04-18,late,9,3,
11200,171,964,15,2026-04-19,present,0,3,
11201,171,965,15,2026-04-25,absent_unexcused,0,3,Sababsiz
11202,171,966,15,2026-04-26,present,0,3,
11203,171,967,15,2026-05-02,absent_excused,0,3,Ota-ona xabar berdi
11204,171,968,15,2026-05-03,present,0,3,
11205,171,969,15,2026-05-10,absent_unexcused,0,3,Sababsiz
11206,171,970,15,2026-05-16,absent_excused,0,3,Ota-ona xabar berdi
11207,171,971,15,2026-05-17,present,0,3,
11208,171,972,15,2026-05-23,present,0,3,
11209,171,973,15,2026-05-24,present,0,3,
11210,171,974,15,2026-05-30,late,6,3,
11211,171,975,15,2026-05-31,present,0,3,
11212,171,976,15,2026-06-06,present,0,3,
11213,171,977,15,2026-06-07,absent_excused,0,3,Ota-ona xabar berdi
11214,171,978,15,2026-06-13,late,14,3,
11215,171,979,15,2026-06-14,late,25,3,
11216,171,980,15,2026-06-20,present,0,3,
11217,171,981,15,2026-06-21,absent_unexcused,0,3,Sababsiz
11218,171,982,15,2026-06-27,present,0,3,
11219,171,983,15,2026-06-28,present,0,3,
11220,171,984,15,2026-07-04,present,0,3,
11221,171,985,15,2026-07-05,late,10,3,
11222,171,986,15,2026-07-11,absent_excused,0,3,Ota-ona xabar berdi
11223,171,987,15,2026-07-12,absent_unexcused,0,3,Sababsiz
11224,171,988,15,2026-07-18,absent_unexcused,0,3,Sababsiz
11225,171,989,15,2026-07-19,absent_excused,0,3,Ota-ona xabar berdi
11226,171,990,15,2026-07-25,present,0,3,
11227,171,991,15,2026-07-26,present,0,3,
11228,172,945,15,2026-02-07,absent_excused,0,3,Ota-ona xabar berdi
11229,172,946,15,2026-02-08,present,0,3,
11230,172,947,15,2026-02-14,present,0,3,
11231,172,948,15,2026-02-15,present,0,3,
11232,172,949,15,2026-02-21,present,0,3,
11233,172,950,15,2026-02-22,present,0,3,
11234,172,951,15,2026-02-28,absent_unexcused,0,3,Sababsiz
11235,172,952,15,2026-03-01,present,0,3,
11236,172,953,15,2026-03-07,late,21,3,
11237,172,954,15,2026-03-08,present,0,3,
11238,172,955,15,2026-03-14,present,0,3,
11239,172,956,15,2026-03-15,present,0,3,
11240,172,957,15,2026-03-28,absent_unexcused,0,3,Sababsiz
11241,172,958,15,2026-03-29,present,0,3,
11242,172,959,15,2026-04-04,present,0,3,
11243,172,960,15,2026-04-05,absent_excused,0,3,Ota-ona xabar berdi
11244,172,961,15,2026-04-11,present,0,3,
11245,172,962,15,2026-04-12,present,0,3,
11246,172,963,15,2026-04-18,present,0,3,
11247,172,964,15,2026-04-19,absent_excused,0,3,Ota-ona xabar berdi
11248,172,965,15,2026-04-25,present,0,3,
11249,172,966,15,2026-04-26,present,0,3,
11250,172,967,15,2026-05-02,present,0,3,
11251,172,968,15,2026-05-03,present,0,3,
11252,172,969,15,2026-05-10,late,25,3,
11253,172,970,15,2026-05-16,absent_excused,0,3,Ota-ona xabar berdi
11254,172,971,15,2026-05-17,present,0,3,
11255,172,972,15,2026-05-23,present,0,3,
11256,172,973,15,2026-05-24,present,0,3,
11257,172,974,15,2026-05-30,late,7,3,
11258,172,975,15,2026-05-31,present,0,3,
11259,172,976,15,2026-06-06,present,0,3,
11260,172,977,15,2026-06-07,present,0,3,
11261,172,978,15,2026-06-13,present,0,3,
11262,172,979,15,2026-06-14,present,0,3,
11263,172,980,15,2026-06-20,absent_unexcused,0,3,Sababsiz
11264,172,981,15,2026-06-21,absent_excused,0,3,Ota-ona xabar berdi
11265,172,982,15,2026-06-27,absent_excused,0,3,Ota-ona xabar berdi
11266,172,983,15,2026-06-28,present,0,3,
11267,172,984,15,2026-07-04,present,0,3,
11268,172,985,15,2026-07-05,present,0,3,
11269,172,986,15,2026-07-11,present,0,3,
11270,172,987,15,2026-07-12,present,0,3,
11271,172,988,15,2026-07-18,present,0,3,
11272,172,989,15,2026-07-19,present,0,3,
11273,172,990,15,2026-07-25,present,0,3,
11274,172,991,15,2026-07-26,present,0,3,
11275,173,945,15,2026-02-07,late,5,3,
11276,173,946,15,2026-02-08,present,0,3,
11277,173,947,15,2026-02-14,present,0,3,
11278,173,948,15,2026-02-15,present,0,3,
11279,173,949,15,2026-02-21,present,0,3,
11280,173,950,15,2026-02-22,present,0,3,
11281,173,951,15,2026-02-28,present,0,3,
11282,173,952,15,2026-03-01,present,0,3,
11283,173,953,15,2026-03-07,present,0,3,
11284,173,954,15,2026-03-08,absent_unexcused,0,3,Sababsiz
11285,173,955,15,2026-03-14,present,0,3,
11286,173,956,15,2026-03-15,absent_excused,0,3,Ota-ona xabar berdi
11287,173,957,15,2026-03-28,present,0,3,
11288,173,958,15,2026-03-29,present,0,3,
11289,173,959,15,2026-04-04,present,0,3,
11290,173,960,15,2026-04-05,present,0,3,
11291,173,961,15,2026-04-11,present,0,3,
11292,173,962,15,2026-04-12,present,0,3,
11293,173,963,15,2026-04-18,present,0,3,
11294,173,964,15,2026-04-19,present,0,3,
11295,173,965,15,2026-04-25,late,17,3,
11296,173,966,15,2026-04-26,present,0,3,
11297,173,967,15,2026-05-02,present,0,3,
11298,173,968,15,2026-05-03,present,0,3,
11299,173,969,15,2026-05-10,late,24,3,
11300,173,970,15,2026-05-16,present,0,3,
11301,173,971,15,2026-05-17,present,0,3,
11302,173,972,15,2026-05-23,present,0,3,
11303,173,973,15,2026-05-24,present,0,3,
11304,173,974,15,2026-05-30,present,0,3,
11305,173,975,15,2026-05-31,present,0,3,
11306,173,976,15,2026-06-06,late,6,3,
11307,173,977,15,2026-06-07,present,0,3,
11308,173,978,15,2026-06-13,absent_unexcused,0,3,Sababsiz
11309,173,979,15,2026-06-14,absent_unexcused,0,3,Sababsiz
11310,173,980,15,2026-06-20,present,0,3,
11311,173,981,15,2026-06-21,present,0,3,
11312,173,982,15,2026-06-27,absent_unexcused,0,3,Sababsiz
11313,173,983,15,2026-06-28,absent_unexcused,0,3,Sababsiz
11314,173,984,15,2026-07-04,present,0,3,
11315,173,985,15,2026-07-05,present,0,3,
11316,173,986,15,2026-07-11,present,0,3,
11317,173,987,15,2026-07-12,absent_excused,0,3,Ota-ona xabar berdi
11318,173,988,15,2026-07-18,present,0,3,
11319,173,989,15,2026-07-19,late,14,3,
11320,173,990,15,2026-07-25,present,0,3,
11321,173,991,15,2026-07-26,present,0,3,
11322,174,945,15,2026-02-07,late,6,3,
11323,174,946,15,2026-02-08,present,0,3,
11324,174,947,15,2026-02-14,present,0,3,
11325,174,948,15,2026-02-15,present,0,3,
11326,174,949,15,2026-02-21,present,0,3,
11327,174,950,15,2026-02-22,present,0,3,
11328,174,951,15,2026-02-28,present,0,3,
11329,174,952,15,2026-03-01,present,0,3,
11330,174,953,15,2026-03-07,present,0,3,
11331,174,954,15,2026-03-08,present,0,3,
11332,174,955,15,2026-03-14,present,0,3,
11333,174,956,15,2026-03-15,present,0,3,
11334,174,957,15,2026-03-28,present,0,3,
11335,174,958,15,2026-03-29,present,0,3,
11336,174,959,15,2026-04-04,present,0,3,
11337,174,960,15,2026-04-05,present,0,3,
11338,174,961,15,2026-04-11,present,0,3,
11339,174,962,15,2026-04-12,present,0,3,
11340,174,963,15,2026-04-18,present,0,3,
11341,174,964,15,2026-04-19,present,0,3,
11342,174,965,15,2026-04-25,present,0,3,
11343,174,966,15,2026-04-26,present,0,3,
11344,174,967,15,2026-05-02,present,0,3,
11345,174,968,15,2026-05-03,present,0,3,
11346,174,969,15,2026-05-10,present,0,3,
11347,174,970,15,2026-05-16,present,0,3,
11348,174,971,15,2026-05-17,present,0,3,
11349,174,972,15,2026-05-23,present,0,3,
11350,174,973,15,2026-05-24,present,0,3,
11351,174,974,15,2026-05-30,present,0,3,
11352,174,975,15,2026-05-31,present,0,3,
11353,174,976,15,2026-06-06,present,0,3,
11354,174,977,15,2026-06-07,present,0,3,
11355,174,978,15,2026-06-13,present,0,3,
11356,174,979,15,2026-06-14,present,0,3,
11357,174,980,15,2026-06-20,absent_unexcused,0,3,Sababsiz
11358,174,981,15,2026-06-21,present,0,3,
11359,174,982,15,2026-06-27,present,0,3,
11360,174,983,15,2026-06-28,present,0,3,
11361,174,984,15,2026-07-04,present,0,3,
11362,174,985,15,2026-07-05,absent_excused,0,3,Ota-ona xabar berdi
11363,174,986,15,2026-07-11,present,0,3,
11364,174,987,15,2026-07-12,present,0,3,
11365,174,988,15,2026-07-18,present,0,3,
11366,174,989,15,2026-07-19,present,0,3,
11367,174,990,15,2026-07-25,present,0,3,
11368,174,991,15,2026-07-26,present,0,3,
11369,175,945,15,2026-02-07,present,0,3,
11370,175,946,15,2026-02-08,present,0,3,
11371,175,947,15,2026-02-14,present,0,3,
11372,175,948,15,2026-02-15,present,0,3,
11373,175,949,15,2026-02-21,present,0,3,
11374,175,950,15,2026-02-22,present,0,3,
11375,175,951,15,2026-02-28,late,12,3,
11376,175,952,15,2026-03-01,present,0,3,
11377,175,953,15,2026-03-07,present,0,3,
11378,175,954,15,2026-03-08,present,0,3,
11379,175,955,15,2026-03-14,present,0,3,
11380,175,956,15,2026-03-15,present,0,3,
11381,175,957,15,2026-03-28,present,0,3,
11382,175,958,15,2026-03-29,present,0,3,
11383,175,959,15,2026-04-04,present,0,3,
11384,175,960,15,2026-04-05,present,0,3,
11385,175,961,15,2026-04-11,present,0,3,
11386,175,962,15,2026-04-12,present,0,3,
11387,175,963,15,2026-04-18,present,0,3,
11388,175,964,15,2026-04-19,absent_excused,0,3,Ota-ona xabar berdi
11389,175,965,15,2026-04-25,present,0,3,
11390,175,966,15,2026-04-26,present,0,3,
11391,175,967,15,2026-05-02,present,0,3,
11392,175,968,15,2026-05-03,present,0,3,
11393,175,969,15,2026-05-10,present,0,3,
11394,175,970,15,2026-05-16,present,0,3,
11395,175,971,15,2026-05-17,present,0,3,
11396,175,972,15,2026-05-23,present,0,3,
11397,175,973,15,2026-05-24,present,0,3,
11398,175,974,15,2026-05-30,present,0,3,
11399,175,975,15,2026-05-31,present,0,3,
11400,175,976,15,2026-06-06,present,0,3,
11401,175,977,15,2026-06-07,present,0,3,
11402,175,978,15,2026-06-13,present,0,3,
11403,175,979,15,2026-06-14,present,0,3,
11404,175,980,15,2026-06-20,present,0,3,
11405,175,981,15,2026-06-21,present,0,3,
11406,175,982,15,2026-06-27,present,0,3,
11407,175,983,15,2026-06-28,present,0,3,
11408,175,984,15,2026-07-04,present,0,3,
11409,175,985,15,2026-07-05,present,0,3,
11410,175,986,15,2026-07-11,present,0,3,
11411,175,987,15,2026-07-12,present,0,3,
11412,175,988,15,2026-07-18,present,0,3,
11413,175,989,15,2026-07-19,present,0,3,
11414,175,990,15,2026-07-25,present,0,3,
11415,175,991,15,2026-07-26,present,0,3,
11416,176,992,16,2026-02-09,absent_unexcused,0,13,Sababsiz
11417,176,993,16,2026-02-11,present,0,13,
11418,176,994,16,2026-02-13,present,0,13,
11419,176,995,16,2026-02-16,present,0,13,
11420,176,996,16,2026-02-18,present,0,13,
11421,176,997,16,2026-02-20,present,0,13,
11422,176,998,16,2026-02-23,present,0,13,
11423,176,999,16,2026-02-25,present,0,13,
11424,176,1000,16,2026-02-27,present,0,13,
11425,176,1001,16,2026-03-02,absent_excused,0,13,Ota-ona xabar berdi
11426,176,1002,16,2026-03-04,late,19,13,
11427,176,1003,16,2026-03-06,present,0,13,
11428,176,1004,16,2026-03-09,present,0,13,
11429,176,1005,16,2026-03-11,late,18,13,
11430,176,1006,16,2026-03-13,present,0,13,
11431,176,1007,16,2026-03-16,present,0,13,
11432,176,1008,16,2026-03-18,present,0,13,
11433,176,1009,16,2026-03-25,present,0,13,
11434,176,1010,16,2026-03-27,late,23,13,
11435,176,1011,16,2026-03-30,late,15,13,
11436,176,1012,16,2026-04-01,present,0,13,
11437,176,1013,16,2026-04-03,present,0,13,
11438,176,1014,16,2026-04-06,absent_excused,0,13,Ota-ona xabar berdi
11439,176,1015,16,2026-04-08,present,0,13,
11440,176,1016,16,2026-04-10,late,10,13,
11441,176,1017,16,2026-04-13,absent_unexcused,0,13,Sababsiz
11442,176,1018,16,2026-04-15,present,0,13,
11443,176,1019,16,2026-04-17,present,0,13,
11444,176,1020,16,2026-04-20,late,13,13,
11445,176,1021,16,2026-04-22,present,0,13,
11446,176,1022,16,2026-04-24,present,0,13,
11447,176,1023,16,2026-04-27,absent_unexcused,0,13,Sababsiz
11448,176,1024,16,2026-04-29,present,0,13,
11449,176,1025,16,2026-05-01,present,0,13,
11450,176,1026,16,2026-05-04,present,0,13,
11451,176,1027,16,2026-05-06,absent_unexcused,0,13,Sababsiz
11452,176,1028,16,2026-05-08,present,0,13,
11453,176,1029,16,2026-05-11,present,0,13,
11454,176,1030,16,2026-05-13,present,0,13,
11455,176,1031,16,2026-05-15,present,0,13,
11456,176,1032,16,2026-05-18,present,0,13,
11457,176,1033,16,2026-05-20,present,0,13,
11458,176,1034,16,2026-05-22,present,0,13,
11459,176,1035,16,2026-05-25,late,9,13,
11460,176,1036,16,2026-05-27,absent_excused,0,13,Ota-ona xabar berdi
11461,176,1037,16,2026-05-29,present,0,13,
11462,176,1038,16,2026-06-01,present,0,13,
11463,176,1039,16,2026-06-03,present,0,13,
11464,176,1040,16,2026-06-05,present,0,13,
11465,176,1041,16,2026-06-08,present,0,13,
11466,176,1042,16,2026-06-10,present,0,13,
11467,176,1043,16,2026-06-12,present,0,13,
11468,176,1044,16,2026-06-15,present,0,13,
11469,176,1045,16,2026-06-17,late,22,13,
11470,176,1046,16,2026-06-19,present,0,13,
11471,176,1047,16,2026-06-22,present,0,13,
11472,176,1048,16,2026-06-24,absent_excused,0,13,Ota-ona xabar berdi
11473,176,1049,16,2026-06-26,present,0,13,
11474,176,1050,16,2026-06-29,late,20,13,
11475,176,1051,16,2026-07-01,absent_excused,0,13,Ota-ona xabar berdi
11476,176,1052,16,2026-07-03,present,0,13,
11477,176,1053,16,2026-07-06,absent_unexcused,0,13,Sababsiz
11478,176,1054,16,2026-07-08,present,0,13,
11479,176,1055,16,2026-07-10,present,0,13,
11480,176,1056,16,2026-07-13,present,0,13,
11481,176,1057,16,2026-07-15,present,0,13,
11482,176,1058,16,2026-07-17,present,0,13,
11483,176,1059,16,2026-07-20,present,0,13,
11484,176,1060,16,2026-07-22,late,11,13,
11485,176,1061,16,2026-07-24,present,0,13,
11486,176,1062,16,2026-07-27,late,9,13,
11487,176,1063,16,2026-07-29,present,0,13,
11488,176,1064,16,2026-07-31,present,0,13,
11489,177,992,16,2026-02-09,late,6,13,
11490,177,993,16,2026-02-11,present,0,13,
11491,177,994,16,2026-02-13,present,0,13,
11492,177,995,16,2026-02-16,present,0,13,
11493,177,996,16,2026-02-18,present,0,13,
11494,177,997,16,2026-02-20,present,0,13,
11495,177,998,16,2026-02-23,present,0,13,
11496,177,999,16,2026-02-25,present,0,13,
11497,177,1000,16,2026-02-27,late,23,13,
11498,177,1001,16,2026-03-02,present,0,13,
11499,177,1002,16,2026-03-04,present,0,13,
11500,177,1003,16,2026-03-06,present,0,13,
11501,177,1004,16,2026-03-09,present,0,13,
11502,177,1005,16,2026-03-11,present,0,13,
11503,177,1006,16,2026-03-13,present,0,13,
11504,177,1007,16,2026-03-16,present,0,13,
11505,177,1008,16,2026-03-18,present,0,13,
11506,177,1009,16,2026-03-25,present,0,13,
11507,177,1010,16,2026-03-27,present,0,13,
11508,177,1011,16,2026-03-30,absent_excused,0,13,Ota-ona xabar berdi
11509,177,1012,16,2026-04-01,late,15,13,
11510,177,1013,16,2026-04-03,present,0,13,
11511,177,1014,16,2026-04-06,absent_excused,0,13,Ota-ona xabar berdi
11512,177,1015,16,2026-04-08,late,19,13,
11513,177,1016,16,2026-04-10,late,15,13,
11514,177,1017,16,2026-04-13,present,0,13,
11515,177,1018,16,2026-04-15,present,0,13,
11516,177,1019,16,2026-04-17,present,0,13,
11517,177,1020,16,2026-04-20,present,0,13,
11518,177,1021,16,2026-04-22,present,0,13,
11519,177,1022,16,2026-04-24,absent_excused,0,13,Ota-ona xabar berdi
11520,177,1023,16,2026-04-27,present,0,13,
11521,177,1024,16,2026-04-29,late,11,13,
11522,177,1025,16,2026-05-01,present,0,13,
11523,177,1026,16,2026-05-04,present,0,13,
11524,177,1027,16,2026-05-06,present,0,13,
11525,177,1028,16,2026-05-08,present,0,13,
11526,177,1029,16,2026-05-11,present,0,13,
11527,177,1030,16,2026-05-13,present,0,13,
11528,177,1031,16,2026-05-15,late,12,13,
11529,177,1032,16,2026-05-18,present,0,13,
11530,177,1033,16,2026-05-20,present,0,13,
11531,177,1034,16,2026-05-22,present,0,13,
11532,177,1035,16,2026-05-25,absent_unexcused,0,13,Sababsiz
11533,177,1036,16,2026-05-27,present,0,13,
11534,177,1037,16,2026-05-29,present,0,13,
11535,177,1038,16,2026-06-01,present,0,13,
11536,177,1039,16,2026-06-03,present,0,13,
11537,177,1040,16,2026-06-05,late,20,13,
11538,177,1041,16,2026-06-08,absent_unexcused,0,13,Sababsiz
11539,177,1042,16,2026-06-10,late,12,13,
11540,177,1043,16,2026-06-12,present,0,13,
11541,177,1044,16,2026-06-15,present,0,13,
11542,177,1045,16,2026-06-17,present,0,13,
11543,177,1046,16,2026-06-19,present,0,13,
11544,177,1047,16,2026-06-22,present,0,13,
11545,177,1048,16,2026-06-24,present,0,13,
11546,177,1049,16,2026-06-26,present,0,13,
11547,177,1050,16,2026-06-29,present,0,13,
11548,177,1051,16,2026-07-01,present,0,13,
11549,177,1052,16,2026-07-03,present,0,13,
11550,177,1053,16,2026-07-06,present,0,13,
11551,177,1054,16,2026-07-08,absent_excused,0,13,Ota-ona xabar berdi
11552,177,1055,16,2026-07-10,present,0,13,
11553,177,1056,16,2026-07-13,late,12,13,
11554,177,1057,16,2026-07-15,present,0,13,
11555,177,1058,16,2026-07-17,present,0,13,
11556,177,1059,16,2026-07-20,present,0,13,
11557,177,1060,16,2026-07-22,present,0,13,
11558,177,1061,16,2026-07-24,present,0,13,
11559,177,1062,16,2026-07-27,present,0,13,
11560,177,1063,16,2026-07-29,late,6,13,
11561,177,1064,16,2026-07-31,absent_excused,0,13,Ota-ona xabar berdi
11562,178,992,16,2026-02-09,present,0,13,
11563,178,993,16,2026-02-11,present,0,13,
11564,178,994,16,2026-02-13,present,0,13,
11565,178,995,16,2026-02-16,present,0,13,
11566,178,996,16,2026-02-18,late,25,13,
11567,178,997,16,2026-02-20,present,0,13,
11568,178,998,16,2026-02-23,present,0,13,
11569,178,999,16,2026-02-25,present,0,13,
11570,178,1000,16,2026-02-27,present,0,13,
11571,178,1001,16,2026-03-02,present,0,13,
11572,178,1002,16,2026-03-04,absent_excused,0,13,Ota-ona xabar berdi
11573,178,1003,16,2026-03-06,present,0,13,
11574,178,1004,16,2026-03-09,present,0,13,
11575,178,1005,16,2026-03-11,present,0,13,
11576,178,1006,16,2026-03-13,present,0,13,
11577,178,1007,16,2026-03-16,present,0,13,
11578,178,1008,16,2026-03-18,late,14,13,
11579,178,1009,16,2026-03-25,present,0,13,
11580,178,1010,16,2026-03-27,present,0,13,
11581,178,1011,16,2026-03-30,present,0,13,
11582,178,1012,16,2026-04-01,present,0,13,
11583,178,1013,16,2026-04-03,absent_unexcused,0,13,Sababsiz
11584,178,1014,16,2026-04-06,present,0,13,
11585,178,1015,16,2026-04-08,present,0,13,
11586,178,1016,16,2026-04-10,present,0,13,
11587,178,1017,16,2026-04-13,late,9,13,
11588,178,1018,16,2026-04-15,present,0,13,
11589,178,1019,16,2026-04-17,present,0,13,
11590,178,1020,16,2026-04-20,present,0,13,
11591,178,1021,16,2026-04-22,present,0,13,
11592,178,1022,16,2026-04-24,present,0,13,
11593,178,1023,16,2026-04-27,late,9,13,
11594,178,1024,16,2026-04-29,present,0,13,
11595,178,1025,16,2026-05-01,present,0,13,
11596,178,1026,16,2026-05-04,present,0,13,
11597,178,1027,16,2026-05-06,present,0,13,
11598,178,1028,16,2026-05-08,present,0,13,
11599,178,1029,16,2026-05-11,absent_excused,0,13,Ota-ona xabar berdi
11600,178,1030,16,2026-05-13,present,0,13,
11601,178,1031,16,2026-05-15,present,0,13,
11602,178,1032,16,2026-05-18,present,0,13,
11603,178,1033,16,2026-05-20,present,0,13,
11604,178,1034,16,2026-05-22,present,0,13,
11605,178,1035,16,2026-05-25,present,0,13,
11606,178,1036,16,2026-05-27,present,0,13,
11607,178,1037,16,2026-05-29,present,0,13,
11608,178,1038,16,2026-06-01,present,0,13,
11609,178,1039,16,2026-06-03,present,0,13,
11610,178,1040,16,2026-06-05,present,0,13,
11611,178,1041,16,2026-06-08,late,14,13,
11612,178,1042,16,2026-06-10,present,0,13,
11613,178,1043,16,2026-06-12,late,16,13,
11614,178,1044,16,2026-06-15,present,0,13,
11615,178,1045,16,2026-06-17,present,0,13,
11616,178,1046,16,2026-06-19,present,0,13,
11617,178,1047,16,2026-06-22,present,0,13,
11618,178,1048,16,2026-06-24,present,0,13,
11619,178,1049,16,2026-06-26,present,0,13,
11620,178,1050,16,2026-06-29,present,0,13,
11621,178,1051,16,2026-07-01,present,0,13,
11622,178,1052,16,2026-07-03,present,0,13,
11623,178,1053,16,2026-07-06,absent_excused,0,13,Ota-ona xabar berdi
11624,178,1054,16,2026-07-08,present,0,13,
11625,178,1055,16,2026-07-10,absent_excused,0,13,Ota-ona xabar berdi
11626,178,1056,16,2026-07-13,present,0,13,
11627,178,1057,16,2026-07-15,present,0,13,
11628,178,1058,16,2026-07-17,present,0,13,
11629,178,1059,16,2026-07-20,late,25,13,
11630,178,1060,16,2026-07-22,present,0,13,
11631,178,1061,16,2026-07-24,present,0,13,
11632,178,1062,16,2026-07-27,present,0,13,
11633,178,1063,16,2026-07-29,present,0,13,
11634,178,1064,16,2026-07-31,present,0,13,
11635,179,992,16,2026-02-09,late,15,13,
11636,179,993,16,2026-02-11,absent_excused,0,13,Ota-ona xabar berdi
11637,179,994,16,2026-02-13,present,0,13,
11638,179,995,16,2026-02-16,absent_unexcused,0,13,Sababsiz
11639,179,996,16,2026-02-18,present,0,13,
11640,179,997,16,2026-02-20,absent_unexcused,0,13,Sababsiz
11641,179,998,16,2026-02-23,present,0,13,
11642,179,999,16,2026-02-25,present,0,13,
11643,179,1000,16,2026-02-27,present,0,13,
11644,179,1001,16,2026-03-02,present,0,13,
11645,179,1002,16,2026-03-04,present,0,13,
11646,179,1003,16,2026-03-06,late,7,13,
11647,179,1004,16,2026-03-09,late,9,13,
11648,179,1005,16,2026-03-11,present,0,13,
11649,179,1006,16,2026-03-13,present,0,13,
11650,179,1007,16,2026-03-16,present,0,13,
11651,179,1008,16,2026-03-18,late,19,13,
11652,179,1009,16,2026-03-25,absent_unexcused,0,13,Sababsiz
11653,179,1010,16,2026-03-27,present,0,13,
11654,179,1011,16,2026-03-30,late,12,13,
11655,179,1012,16,2026-04-01,present,0,13,
11656,179,1013,16,2026-04-03,absent_excused,0,13,Ota-ona xabar berdi
11657,179,1014,16,2026-04-06,absent_excused,0,13,Ota-ona xabar berdi
11658,179,1015,16,2026-04-08,absent_excused,0,13,Ota-ona xabar berdi
11659,179,1016,16,2026-04-10,present,0,13,
11660,179,1017,16,2026-04-13,present,0,13,
11661,179,1018,16,2026-04-15,present,0,13,
11662,179,1019,16,2026-04-17,absent_unexcused,0,13,Sababsiz
11663,179,1020,16,2026-04-20,present,0,13,
11664,179,1021,16,2026-04-22,late,22,13,
11665,179,1022,16,2026-04-24,present,0,13,
11666,179,1023,16,2026-04-27,present,0,13,
11667,179,1024,16,2026-04-29,present,0,13,
11668,179,1025,16,2026-05-01,present,0,13,
11669,179,1026,16,2026-05-04,present,0,13,
11670,179,1027,16,2026-05-06,present,0,13,
11671,179,1028,16,2026-05-08,present,0,13,
11672,179,1029,16,2026-05-11,present,0,13,
11673,179,1030,16,2026-05-13,late,23,13,
11674,179,1031,16,2026-05-15,present,0,13,
11675,179,1032,16,2026-05-18,present,0,13,
11676,179,1033,16,2026-05-20,present,0,13,
11677,179,1034,16,2026-05-22,present,0,13,
11678,179,1035,16,2026-05-25,present,0,13,
11679,179,1036,16,2026-05-27,present,0,13,
11680,179,1037,16,2026-05-29,present,0,13,
11681,179,1038,16,2026-06-01,late,16,13,
11682,179,1039,16,2026-06-03,present,0,13,
11683,179,1040,16,2026-06-05,present,0,13,
11684,179,1041,16,2026-06-08,present,0,13,
11685,179,1042,16,2026-06-10,present,0,13,
11686,179,1043,16,2026-06-12,present,0,13,
11687,179,1044,16,2026-06-15,present,0,13,
11688,179,1045,16,2026-06-17,present,0,13,
11689,179,1046,16,2026-06-19,present,0,13,
11690,179,1047,16,2026-06-22,present,0,13,
11691,179,1048,16,2026-06-24,present,0,13,
11692,179,1049,16,2026-06-26,present,0,13,
11693,179,1050,16,2026-06-29,present,0,13,
11694,179,1051,16,2026-07-01,present,0,13,
11695,179,1052,16,2026-07-03,present,0,13,
11696,179,1053,16,2026-07-06,present,0,13,
11697,179,1054,16,2026-07-08,present,0,13,
11698,179,1055,16,2026-07-10,present,0,13,
11699,179,1056,16,2026-07-13,present,0,13,
11700,179,1057,16,2026-07-15,absent_unexcused,0,13,Sababsiz
11701,179,1058,16,2026-07-17,present,0,13,
11702,179,1059,16,2026-07-20,present,0,13,
11703,179,1060,16,2026-07-22,present,0,13,
11704,179,1061,16,2026-07-24,absent_unexcused,0,13,Sababsiz
11705,179,1062,16,2026-07-27,present,0,13,
11706,179,1063,16,2026-07-29,present,0,13,
11707,179,1064,16,2026-07-31,late,10,13,
11708,180,992,16,2026-02-09,late,10,13,
11709,180,993,16,2026-02-11,absent_unexcused,0,13,Sababsiz
11710,180,994,16,2026-02-13,absent_unexcused,0,13,Sababsiz
11711,180,995,16,2026-02-16,present,0,13,
11712,180,996,16,2026-02-18,present,0,13,
11713,180,997,16,2026-02-20,absent_unexcused,0,13,Sababsiz
11714,180,998,16,2026-02-23,present,0,13,
11715,180,999,16,2026-02-25,present,0,13,
11716,180,1000,16,2026-02-27,present,0,13,
11717,180,1001,16,2026-03-02,present,0,13,
11718,180,1002,16,2026-03-04,absent_unexcused,0,13,Sababsiz
11719,180,1003,16,2026-03-06,absent_excused,0,13,Ota-ona xabar berdi
11720,180,1004,16,2026-03-09,absent_unexcused,0,13,Sababsiz
11721,180,1005,16,2026-03-11,absent_unexcused,0,13,Sababsiz
11722,180,1006,16,2026-03-13,present,0,13,
11723,180,1007,16,2026-03-16,present,0,13,
11724,180,1008,16,2026-03-18,late,17,13,
11725,180,1009,16,2026-03-25,present,0,13,
11726,180,1010,16,2026-03-27,absent_unexcused,0,13,Sababsiz
11727,180,1011,16,2026-03-30,present,0,13,
11728,180,1012,16,2026-04-01,present,0,13,
11729,180,1013,16,2026-04-03,present,0,13,
11730,180,1014,16,2026-04-06,present,0,13,
11731,180,1015,16,2026-04-08,present,0,13,
11732,180,1016,16,2026-04-10,present,0,13,
11733,180,1017,16,2026-04-13,late,25,13,
11734,180,1018,16,2026-04-15,present,0,13,
11735,180,1019,16,2026-04-17,present,0,13,
11736,180,1020,16,2026-04-20,late,11,13,
11737,180,1021,16,2026-04-22,present,0,13,
11738,180,1022,16,2026-04-24,late,9,13,
11739,180,1023,16,2026-04-27,absent_excused,0,13,Ota-ona xabar berdi
11740,180,1024,16,2026-04-29,present,0,13,
11741,180,1025,16,2026-05-01,present,0,13,
11742,180,1026,16,2026-05-04,absent_unexcused,0,13,Sababsiz
11743,180,1027,16,2026-05-06,present,0,13,
11744,180,1028,16,2026-05-08,present,0,13,
11745,180,1029,16,2026-05-11,present,0,13,
11746,180,1030,16,2026-05-13,absent_unexcused,0,13,Sababsiz
11747,180,1031,16,2026-05-15,present,0,13,
11748,180,1032,16,2026-05-18,present,0,13,
11749,180,1033,16,2026-05-20,late,20,13,
11750,180,1034,16,2026-05-22,present,0,13,
11751,180,1035,16,2026-05-25,absent_unexcused,0,13,Sababsiz
11752,180,1036,16,2026-05-27,present,0,13,
11753,180,1037,16,2026-05-29,absent_unexcused,0,13,Sababsiz
11754,180,1038,16,2026-06-01,present,0,13,
11755,180,1039,16,2026-06-03,absent_excused,0,13,Ota-ona xabar berdi
11756,180,1040,16,2026-06-05,absent_unexcused,0,13,Sababsiz
11757,180,1041,16,2026-06-08,absent_unexcused,0,13,Sababsiz
11758,180,1042,16,2026-06-10,present,0,13,
11759,180,1043,16,2026-06-12,present,0,13,
11760,180,1044,16,2026-06-15,present,0,13,
11761,180,1045,16,2026-06-17,present,0,13,
11762,180,1046,16,2026-06-19,present,0,13,
11763,180,1047,16,2026-06-22,present,0,13,
11764,180,1048,16,2026-06-24,absent_unexcused,0,13,Sababsiz
11765,180,1049,16,2026-06-26,absent_excused,0,13,Ota-ona xabar berdi
11766,180,1050,16,2026-06-29,present,0,13,
11767,180,1051,16,2026-07-01,present,0,13,
11768,180,1052,16,2026-07-03,late,7,13,
11769,180,1053,16,2026-07-06,present,0,13,
11770,180,1054,16,2026-07-08,absent_excused,0,13,Ota-ona xabar berdi
11771,180,1055,16,2026-07-10,present,0,13,
11772,180,1056,16,2026-07-13,present,0,13,
11773,180,1057,16,2026-07-15,present,0,13,
11774,180,1058,16,2026-07-17,absent_unexcused,0,13,Sababsiz
11775,180,1059,16,2026-07-20,absent_excused,0,13,Ota-ona xabar berdi
11776,180,1060,16,2026-07-22,late,9,13,
11777,180,1061,16,2026-07-24,late,14,13,
11778,180,1062,16,2026-07-27,present,0,13,
11779,180,1063,16,2026-07-29,absent_excused,0,13,Ota-ona xabar berdi
11780,180,1064,16,2026-07-31,present,0,13,
11781,181,992,16,2026-02-09,present,0,13,
11782,181,993,16,2026-02-11,present,0,13,
11783,181,994,16,2026-02-13,absent_excused,0,13,Ota-ona xabar berdi
11784,181,995,16,2026-02-16,absent_unexcused,0,13,Sababsiz
11785,181,996,16,2026-02-18,present,0,13,
11786,181,997,16,2026-02-20,absent_unexcused,0,13,Sababsiz
11787,181,998,16,2026-02-23,present,0,13,
11788,181,999,16,2026-02-25,present,0,13,
11789,181,1000,16,2026-02-27,late,11,13,
11790,181,1001,16,2026-03-02,late,18,13,
11791,181,1002,16,2026-03-04,present,0,13,
11792,181,1003,16,2026-03-06,present,0,13,
11793,181,1004,16,2026-03-09,late,18,13,
11794,181,1005,16,2026-03-11,present,0,13,
11795,181,1006,16,2026-03-13,present,0,13,
11796,181,1007,16,2026-03-16,present,0,13,
11797,181,1008,16,2026-03-18,present,0,13,
11798,181,1009,16,2026-03-25,present,0,13,
11799,181,1010,16,2026-03-27,present,0,13,
11800,181,1011,16,2026-03-30,present,0,13,
11801,181,1012,16,2026-04-01,late,21,13,
11802,181,1013,16,2026-04-03,present,0,13,
11803,181,1014,16,2026-04-06,present,0,13,
11804,181,1015,16,2026-04-08,late,7,13,
11805,181,1016,16,2026-04-10,absent_unexcused,0,13,Sababsiz
11806,181,1017,16,2026-04-13,absent_excused,0,13,Ota-ona xabar berdi
11807,181,1018,16,2026-04-15,present,0,13,
11808,181,1019,16,2026-04-17,present,0,13,
11809,181,1020,16,2026-04-20,absent_unexcused,0,13,Sababsiz
11810,181,1021,16,2026-04-22,present,0,13,
11811,181,1022,16,2026-04-24,present,0,13,
11812,181,1023,16,2026-04-27,present,0,13,
11813,181,1024,16,2026-04-29,absent_excused,0,13,Ota-ona xabar berdi
11814,181,1025,16,2026-05-01,present,0,13,
11815,181,1026,16,2026-05-04,absent_unexcused,0,13,Sababsiz
11816,181,1027,16,2026-05-06,present,0,13,
11817,181,1028,16,2026-05-08,absent_excused,0,13,Ota-ona xabar berdi
11818,181,1029,16,2026-05-11,late,8,13,
11819,181,1030,16,2026-05-13,present,0,13,
11820,181,1031,16,2026-05-15,late,24,13,
11821,181,1032,16,2026-05-18,present,0,13,
11822,181,1033,16,2026-05-20,present,0,13,
11823,181,1034,16,2026-05-22,absent_excused,0,13,Ota-ona xabar berdi
11824,181,1035,16,2026-05-25,present,0,13,
11825,181,1036,16,2026-05-27,absent_unexcused,0,13,Sababsiz
11826,181,1037,16,2026-05-29,absent_unexcused,0,13,Sababsiz
11827,181,1038,16,2026-06-01,present,0,13,
11828,181,1039,16,2026-06-03,present,0,13,
11829,181,1040,16,2026-06-05,present,0,13,
11830,181,1041,16,2026-06-08,present,0,13,
11831,181,1042,16,2026-06-10,present,0,13,
11832,181,1043,16,2026-06-12,absent_unexcused,0,13,Sababsiz
11833,181,1044,16,2026-06-15,present,0,13,
11834,181,1045,16,2026-06-17,present,0,13,
11835,181,1046,16,2026-06-19,present,0,13,
11836,181,1047,16,2026-06-22,present,0,13,
11837,181,1048,16,2026-06-24,late,11,13,
11838,181,1049,16,2026-06-26,absent_unexcused,0,13,Sababsiz
11839,181,1050,16,2026-06-29,present,0,13,
11840,181,1051,16,2026-07-01,present,0,13,
11841,181,1052,16,2026-07-03,present,0,13,
11842,181,1053,16,2026-07-06,present,0,13,
11843,181,1054,16,2026-07-08,present,0,13,
11844,181,1055,16,2026-07-10,absent_excused,0,13,Ota-ona xabar berdi
11845,181,1056,16,2026-07-13,absent_unexcused,0,13,Sababsiz
11846,181,1057,16,2026-07-15,present,0,13,
11847,181,1058,16,2026-07-17,present,0,13,
11848,181,1059,16,2026-07-20,present,0,13,
11849,181,1060,16,2026-07-22,absent_unexcused,0,13,Sababsiz
11850,181,1061,16,2026-07-24,present,0,13,
11851,181,1062,16,2026-07-27,present,0,13,
11852,181,1063,16,2026-07-29,present,0,13,
11853,181,1064,16,2026-07-31,present,0,13,
11854,182,992,16,2026-02-09,present,0,13,
11855,182,993,16,2026-02-11,present,0,13,
11856,182,994,16,2026-02-13,present,0,13,
11857,182,995,16,2026-02-16,present,0,13,
11858,182,996,16,2026-02-18,present,0,13,
11859,182,997,16,2026-02-20,absent_excused,0,13,Ota-ona xabar berdi
11860,182,998,16,2026-02-23,absent_excused,0,13,Ota-ona xabar berdi
11861,182,999,16,2026-02-25,present,0,13,
11862,182,1000,16,2026-02-27,absent_excused,0,13,Ota-ona xabar berdi
11863,182,1001,16,2026-03-02,present,0,13,
11864,182,1002,16,2026-03-04,absent_unexcused,0,13,Sababsiz
11865,182,1003,16,2026-03-06,present,0,13,
11866,182,1004,16,2026-03-09,present,0,13,
11867,182,1005,16,2026-03-11,late,10,13,
11868,182,1006,16,2026-03-13,present,0,13,
11869,182,1007,16,2026-03-16,present,0,13,
11870,182,1008,16,2026-03-18,late,19,13,
11871,182,1009,16,2026-03-25,present,0,13,
11872,182,1010,16,2026-03-27,absent_excused,0,13,Ota-ona xabar berdi
11873,182,1011,16,2026-03-30,present,0,13,
11874,182,1012,16,2026-04-01,late,24,13,
11875,182,1013,16,2026-04-03,late,20,13,
11876,182,1014,16,2026-04-06,absent_unexcused,0,13,Sababsiz
11877,182,1015,16,2026-04-08,present,0,13,
11878,182,1016,16,2026-04-10,present,0,13,
11879,182,1017,16,2026-04-13,present,0,13,
11880,182,1018,16,2026-04-15,present,0,13,
11881,182,1019,16,2026-04-17,present,0,13,
11882,182,1020,16,2026-04-20,late,21,13,
11883,182,1021,16,2026-04-22,present,0,13,
11884,182,1022,16,2026-04-24,present,0,13,
11885,182,1023,16,2026-04-27,present,0,13,
11886,182,1024,16,2026-04-29,present,0,13,
11887,182,1025,16,2026-05-01,present,0,13,
11888,182,1026,16,2026-05-04,present,0,13,
11889,182,1027,16,2026-05-06,absent_unexcused,0,13,Sababsiz
11890,182,1028,16,2026-05-08,late,6,13,
11891,182,1029,16,2026-05-11,late,12,13,
11892,182,1030,16,2026-05-13,present,0,13,
11893,182,1031,16,2026-05-15,present,0,13,
11894,182,1032,16,2026-05-18,present,0,13,
11895,182,1033,16,2026-05-20,present,0,13,
11896,182,1034,16,2026-05-22,late,14,13,
11897,182,1035,16,2026-05-25,present,0,13,
11898,182,1036,16,2026-05-27,present,0,13,
11899,182,1037,16,2026-05-29,present,0,13,
11900,182,1038,16,2026-06-01,present,0,13,
11901,182,1039,16,2026-06-03,present,0,13,
11902,182,1040,16,2026-06-05,present,0,13,
11903,182,1041,16,2026-06-08,late,8,13,
11904,182,1042,16,2026-06-10,present,0,13,
11905,182,1043,16,2026-06-12,present,0,13,
11906,182,1044,16,2026-06-15,present,0,13,
11907,182,1045,16,2026-06-17,present,0,13,
11908,182,1046,16,2026-06-19,present,0,13,
11909,182,1047,16,2026-06-22,present,0,13,
11910,182,1048,16,2026-06-24,present,0,13,
11911,182,1049,16,2026-06-26,present,0,13,
11912,182,1050,16,2026-06-29,present,0,13,
11913,182,1051,16,2026-07-01,present,0,13,
11914,182,1052,16,2026-07-03,absent_unexcused,0,13,Sababsiz
11915,182,1053,16,2026-07-06,present,0,13,
11916,182,1054,16,2026-07-08,present,0,13,
11917,182,1055,16,2026-07-10,present,0,13,
11918,182,1056,16,2026-07-13,present,0,13,
11919,182,1057,16,2026-07-15,late,5,13,
11920,182,1058,16,2026-07-17,present,0,13,
11921,182,1059,16,2026-07-20,absent_unexcused,0,13,Sababsiz
11922,182,1060,16,2026-07-22,present,0,13,
11923,182,1061,16,2026-07-24,late,5,13,
11924,182,1062,16,2026-07-27,present,0,13,
11925,182,1063,16,2026-07-29,present,0,13,
11926,182,1064,16,2026-07-31,present,0,13,
11927,183,992,16,2026-02-09,present,0,13,
11928,183,993,16,2026-02-11,absent_excused,0,13,Ota-ona xabar berdi
11929,183,994,16,2026-02-13,present,0,13,
11930,183,995,16,2026-02-16,present,0,13,
11931,183,996,16,2026-02-18,present,0,13,
11932,183,997,16,2026-02-20,present,0,13,
11933,183,998,16,2026-02-23,present,0,13,
11934,183,999,16,2026-02-25,absent_unexcused,0,13,Sababsiz
11935,183,1000,16,2026-02-27,present,0,13,
11936,183,1001,16,2026-03-02,absent_unexcused,0,13,Sababsiz
11937,183,1002,16,2026-03-04,late,14,13,
11938,183,1003,16,2026-03-06,present,0,13,
11939,183,1004,16,2026-03-09,present,0,13,
11940,183,1005,16,2026-03-11,present,0,13,
11941,183,1006,16,2026-03-13,present,0,13,
11942,183,1007,16,2026-03-16,present,0,13,
11943,183,1008,16,2026-03-18,absent_excused,0,13,Ota-ona xabar berdi
11944,183,1009,16,2026-03-25,present,0,13,
11945,183,1010,16,2026-03-27,absent_unexcused,0,13,Sababsiz
11946,183,1011,16,2026-03-30,present,0,13,
11947,183,1012,16,2026-04-01,late,20,13,
11948,183,1013,16,2026-04-03,present,0,13,
11949,183,1014,16,2026-04-06,present,0,13,
11950,183,1015,16,2026-04-08,present,0,13,
11951,183,1016,16,2026-04-10,absent_excused,0,13,Ota-ona xabar berdi
11952,183,1017,16,2026-04-13,late,7,13,
11953,183,1018,16,2026-04-15,absent_unexcused,0,13,Sababsiz
11954,183,1019,16,2026-04-17,late,7,13,
11955,183,1020,16,2026-04-20,present,0,13,
11956,183,1021,16,2026-04-22,present,0,13,
11957,183,1022,16,2026-04-24,present,0,13,
11958,183,1023,16,2026-04-27,present,0,13,
11959,183,1024,16,2026-04-29,present,0,13,
11960,183,1025,16,2026-05-01,late,22,13,
11961,183,1026,16,2026-05-04,present,0,13,
11962,183,1027,16,2026-05-06,present,0,13,
11963,183,1028,16,2026-05-08,late,12,13,
11964,183,1029,16,2026-05-11,present,0,13,
11965,183,1030,16,2026-05-13,present,0,13,
11966,183,1031,16,2026-05-15,present,0,13,
11967,183,1032,16,2026-05-18,late,23,13,
11968,183,1033,16,2026-05-20,present,0,13,
11969,183,1034,16,2026-05-22,present,0,13,
11970,183,1035,16,2026-05-25,present,0,13,
11971,183,1036,16,2026-05-27,present,0,13,
11972,183,1037,16,2026-05-29,absent_unexcused,0,13,Sababsiz
11973,183,1038,16,2026-06-01,absent_excused,0,13,Ota-ona xabar berdi
11974,183,1039,16,2026-06-03,absent_excused,0,13,Ota-ona xabar berdi
11975,183,1040,16,2026-06-05,present,0,13,
11976,183,1041,16,2026-06-08,late,13,13,
11977,183,1042,16,2026-06-10,present,0,13,
11978,183,1043,16,2026-06-12,absent_excused,0,13,Ota-ona xabar berdi
11979,183,1044,16,2026-06-15,present,0,13,
11980,183,1045,16,2026-06-17,present,0,13,
11981,183,1046,16,2026-06-19,present,0,13,
11982,183,1047,16,2026-06-22,absent_unexcused,0,13,Sababsiz
11983,183,1048,16,2026-06-24,present,0,13,
11984,183,1049,16,2026-06-26,present,0,13,
11985,183,1050,16,2026-06-29,present,0,13,
11986,183,1051,16,2026-07-01,late,25,13,
11987,183,1052,16,2026-07-03,present,0,13,
11988,183,1053,16,2026-07-06,late,6,13,
11989,183,1054,16,2026-07-08,present,0,13,
11990,183,1055,16,2026-07-10,present,0,13,
11991,183,1056,16,2026-07-13,late,16,13,
11992,183,1057,16,2026-07-15,present,0,13,
11993,183,1058,16,2026-07-17,absent_excused,0,13,Ota-ona xabar berdi
11994,183,1059,16,2026-07-20,present,0,13,
11995,183,1060,16,2026-07-22,late,15,13,
11996,183,1061,16,2026-07-24,present,0,13,
11997,183,1062,16,2026-07-27,present,0,13,
11998,183,1063,16,2026-07-29,present,0,13,
11999,183,1064,16,2026-07-31,present,0,13,
12000,184,992,16,2026-02-09,present,0,13,
12001,184,993,16,2026-02-11,absent_excused,0,13,Ota-ona xabar berdi
12002,184,994,16,2026-02-13,present,0,13,
12003,184,995,16,2026-02-16,present,0,13,
12004,184,996,16,2026-02-18,present,0,13,
12005,184,997,16,2026-02-20,present,0,13,
12006,184,998,16,2026-02-23,present,0,13,
12007,184,999,16,2026-02-25,present,0,13,
12008,184,1000,16,2026-02-27,present,0,13,
12009,184,1001,16,2026-03-02,present,0,13,
12010,184,1002,16,2026-03-04,present,0,13,
12011,184,1003,16,2026-03-06,late,23,13,
12012,184,1004,16,2026-03-09,present,0,13,
12013,184,1005,16,2026-03-11,present,0,13,
12014,184,1006,16,2026-03-13,present,0,13,
12015,184,1007,16,2026-03-16,present,0,13,
12016,184,1008,16,2026-03-18,absent_unexcused,0,13,Sababsiz
12017,184,1009,16,2026-03-25,present,0,13,
12018,184,1010,16,2026-03-27,present,0,13,
12019,184,1011,16,2026-03-30,present,0,13,
12020,184,1012,16,2026-04-01,present,0,13,
12021,184,1013,16,2026-04-03,late,7,13,
12022,184,1014,16,2026-04-06,absent_unexcused,0,13,Sababsiz
12023,184,1015,16,2026-04-08,present,0,13,
12024,184,1016,16,2026-04-10,present,0,13,
12025,184,1017,16,2026-04-13,present,0,13,
12026,184,1018,16,2026-04-15,present,0,13,
12027,184,1019,16,2026-04-17,late,21,13,
12028,184,1020,16,2026-04-20,present,0,13,
12029,184,1021,16,2026-04-22,present,0,13,
12030,184,1022,16,2026-04-24,present,0,13,
12031,184,1023,16,2026-04-27,present,0,13,
12032,184,1024,16,2026-04-29,late,7,13,
12033,184,1025,16,2026-05-01,present,0,13,
12034,184,1026,16,2026-05-04,present,0,13,
12035,184,1027,16,2026-05-06,present,0,13,
12036,184,1028,16,2026-05-08,present,0,13,
12037,184,1029,16,2026-05-11,present,0,13,
12038,184,1030,16,2026-05-13,present,0,13,
12039,184,1031,16,2026-05-15,present,0,13,
12040,184,1032,16,2026-05-18,present,0,13,
12041,184,1033,16,2026-05-20,present,0,13,
12042,184,1034,16,2026-05-22,present,0,13,
12043,184,1035,16,2026-05-25,present,0,13,
12044,184,1036,16,2026-05-27,present,0,13,
12045,184,1037,16,2026-05-29,present,0,13,
12046,184,1038,16,2026-06-01,late,22,13,
12047,184,1039,16,2026-06-03,present,0,13,
12048,184,1040,16,2026-06-05,present,0,13,
12049,184,1041,16,2026-06-08,absent_excused,0,13,Ota-ona xabar berdi
12050,184,1042,16,2026-06-10,present,0,13,
12051,184,1043,16,2026-06-12,absent_unexcused,0,13,Sababsiz
12052,184,1044,16,2026-06-15,present,0,13,
12053,184,1045,16,2026-06-17,present,0,13,
12054,184,1046,16,2026-06-19,present,0,13,
12055,184,1047,16,2026-06-22,present,0,13,
12056,184,1048,16,2026-06-24,late,19,13,
12057,184,1049,16,2026-06-26,late,23,13,
12058,184,1050,16,2026-06-29,present,0,13,
12059,184,1051,16,2026-07-01,present,0,13,
12060,184,1052,16,2026-07-03,present,0,13,
12061,184,1053,16,2026-07-06,present,0,13,
12062,184,1054,16,2026-07-08,present,0,13,
12063,184,1055,16,2026-07-10,late,7,13,
12064,184,1056,16,2026-07-13,present,0,13,
12065,184,1057,16,2026-07-15,present,0,13,
12066,184,1058,16,2026-07-17,present,0,13,
12067,184,1059,16,2026-07-20,present,0,13,
12068,184,1060,16,2026-07-22,present,0,13,
12069,184,1061,16,2026-07-24,present,0,13,
12070,184,1062,16,2026-07-27,present,0,13,
12071,184,1063,16,2026-07-29,present,0,13,
12072,184,1064,16,2026-07-31,present,0,13,
12073,185,992,16,2026-02-09,present,0,13,
12074,185,993,16,2026-02-11,present,0,13,
12075,185,994,16,2026-02-13,present,0,13,
12076,185,995,16,2026-02-16,present,0,13,
12077,185,996,16,2026-02-18,present,0,13,
12078,185,997,16,2026-02-20,present,0,13,
12079,185,998,16,2026-02-23,present,0,13,
12080,185,999,16,2026-02-25,present,0,13,
12081,185,1000,16,2026-02-27,present,0,13,
12082,185,1001,16,2026-03-02,late,19,13,
12083,185,1002,16,2026-03-04,present,0,13,
12084,185,1003,16,2026-03-06,present,0,13,
12085,185,1004,16,2026-03-09,present,0,13,
12086,185,1005,16,2026-03-11,late,5,13,
12087,185,1006,16,2026-03-13,present,0,13,
12088,185,1007,16,2026-03-16,late,7,13,
12089,185,1008,16,2026-03-18,present,0,13,
12090,185,1009,16,2026-03-25,present,0,13,
12091,185,1010,16,2026-03-27,present,0,13,
12092,185,1011,16,2026-03-30,present,0,13,
12093,185,1012,16,2026-04-01,present,0,13,
12094,185,1013,16,2026-04-03,present,0,13,
12095,185,1014,16,2026-04-06,late,13,13,
12096,185,1015,16,2026-04-08,present,0,13,
12097,185,1016,16,2026-04-10,absent_unexcused,0,13,Sababsiz
12098,185,1017,16,2026-04-13,present,0,13,
12099,185,1018,16,2026-04-15,present,0,13,
12100,185,1019,16,2026-04-17,present,0,13,
12101,185,1020,16,2026-04-20,present,0,13,
12102,185,1021,16,2026-04-22,present,0,13,
12103,185,1022,16,2026-04-24,present,0,13,
12104,185,1023,16,2026-04-27,late,25,13,
12105,185,1024,16,2026-04-29,present,0,13,
12106,185,1025,16,2026-05-01,late,16,13,
12107,185,1026,16,2026-05-04,present,0,13,
12108,185,1027,16,2026-05-06,present,0,13,
12109,185,1028,16,2026-05-08,present,0,13,
12110,185,1029,16,2026-05-11,present,0,13,
12111,185,1030,16,2026-05-13,late,8,13,
12112,185,1031,16,2026-05-15,late,5,13,
12113,185,1032,16,2026-05-18,absent_excused,0,13,Ota-ona xabar berdi
12114,185,1033,16,2026-05-20,present,0,13,
12115,185,1034,16,2026-05-22,late,6,13,
12116,185,1035,16,2026-05-25,present,0,13,
12117,185,1036,16,2026-05-27,present,0,13,
12118,185,1037,16,2026-05-29,present,0,13,
12119,185,1038,16,2026-06-01,absent_unexcused,0,13,Sababsiz
12120,185,1039,16,2026-06-03,present,0,13,
12121,185,1040,16,2026-06-05,present,0,13,
12122,185,1041,16,2026-06-08,absent_excused,0,13,Ota-ona xabar berdi
12123,185,1042,16,2026-06-10,absent_excused,0,13,Ota-ona xabar berdi
12124,185,1043,16,2026-06-12,present,0,13,
12125,185,1044,16,2026-06-15,present,0,13,
12126,185,1045,16,2026-06-17,present,0,13,
12127,185,1046,16,2026-06-19,present,0,13,
12128,185,1047,16,2026-06-22,present,0,13,
12129,185,1048,16,2026-06-24,present,0,13,
12130,185,1049,16,2026-06-26,present,0,13,
12131,185,1050,16,2026-06-29,present,0,13,
12132,185,1051,16,2026-07-01,present,0,13,
12133,185,1052,16,2026-07-03,present,0,13,
12134,185,1053,16,2026-07-06,late,25,13,
12135,185,1054,16,2026-07-08,present,0,13,
12136,185,1055,16,2026-07-10,present,0,13,
12137,185,1056,16,2026-07-13,present,0,13,
12138,185,1057,16,2026-07-15,present,0,13,
12139,185,1058,16,2026-07-17,present,0,13,
12140,185,1059,16,2026-07-20,present,0,13,
12141,185,1060,16,2026-07-22,late,13,13,
12142,185,1061,16,2026-07-24,present,0,13,
12143,185,1062,16,2026-07-27,present,0,13,
12144,185,1063,16,2026-07-29,present,0,13,
12145,185,1064,16,2026-07-31,present,0,13,
12146,186,992,16,2026-02-09,present,0,13,
12147,186,993,16,2026-02-11,present,0,13,
12148,186,994,16,2026-02-13,absent_unexcused,0,13,Sababsiz
12149,186,995,16,2026-02-16,late,25,13,
12150,186,996,16,2026-02-18,late,8,13,
12151,186,997,16,2026-02-20,present,0,13,
12152,186,998,16,2026-02-23,present,0,13,
12153,186,999,16,2026-02-25,absent_unexcused,0,13,Sababsiz
12154,186,1000,16,2026-02-27,present,0,13,
12155,186,1001,16,2026-03-02,present,0,13,
12156,186,1002,16,2026-03-04,present,0,13,
12157,186,1003,16,2026-03-06,present,0,13,
12158,186,1004,16,2026-03-09,present,0,13,
12159,186,1005,16,2026-03-11,late,6,13,
12160,186,1006,16,2026-03-13,late,6,13,
12161,186,1007,16,2026-03-16,present,0,13,
12162,186,1008,16,2026-03-18,present,0,13,
12163,186,1009,16,2026-03-25,present,0,13,
12164,186,1010,16,2026-03-27,late,11,13,
12165,186,1011,16,2026-03-30,present,0,13,
12166,186,1012,16,2026-04-01,late,9,13,
12167,186,1013,16,2026-04-03,present,0,13,
12168,186,1014,16,2026-04-06,present,0,13,
12169,186,1015,16,2026-04-08,present,0,13,
12170,186,1016,16,2026-04-10,present,0,13,
12171,186,1017,16,2026-04-13,present,0,13,
12172,186,1018,16,2026-04-15,late,16,13,
12173,186,1019,16,2026-04-17,present,0,13,
12174,186,1020,16,2026-04-20,present,0,13,
12175,186,1021,16,2026-04-22,present,0,13,
12176,186,1022,16,2026-04-24,present,0,13,
12177,186,1023,16,2026-04-27,present,0,13,
12178,186,1024,16,2026-04-29,present,0,13,
12179,186,1025,16,2026-05-01,absent_excused,0,13,Ota-ona xabar berdi
12180,186,1026,16,2026-05-04,present,0,13,
12181,186,1027,16,2026-05-06,present,0,13,
12182,186,1028,16,2026-05-08,present,0,13,
12183,186,1029,16,2026-05-11,present,0,13,
12184,186,1030,16,2026-05-13,present,0,13,
12185,186,1031,16,2026-05-15,present,0,13,
12186,186,1032,16,2026-05-18,present,0,13,
12187,186,1033,16,2026-05-20,absent_unexcused,0,13,Sababsiz
12188,186,1034,16,2026-05-22,present,0,13,
12189,186,1035,16,2026-05-25,late,23,13,
12190,186,1036,16,2026-05-27,present,0,13,
12191,186,1037,16,2026-05-29,present,0,13,
12192,186,1038,16,2026-06-01,present,0,13,
12193,186,1039,16,2026-06-03,present,0,13,
12194,186,1040,16,2026-06-05,absent_unexcused,0,13,Sababsiz
12195,186,1041,16,2026-06-08,late,21,13,
12196,186,1042,16,2026-06-10,present,0,13,
12197,186,1043,16,2026-06-12,late,7,13,
12198,186,1044,16,2026-06-15,present,0,13,
12199,186,1045,16,2026-06-17,present,0,13,
12200,186,1046,16,2026-06-19,present,0,13,
12201,186,1047,16,2026-06-22,present,0,13,
12202,186,1048,16,2026-06-24,absent_excused,0,13,Ota-ona xabar berdi
12203,186,1049,16,2026-06-26,late,12,13,
12204,186,1050,16,2026-06-29,absent_unexcused,0,13,Sababsiz
12205,186,1051,16,2026-07-01,present,0,13,
12206,186,1052,16,2026-07-03,absent_unexcused,0,13,Sababsiz
12207,186,1053,16,2026-07-06,late,21,13,
12208,186,1054,16,2026-07-08,present,0,13,
12209,186,1055,16,2026-07-10,present,0,13,
12210,186,1056,16,2026-07-13,present,0,13,
12211,186,1057,16,2026-07-15,present,0,13,
12212,186,1058,16,2026-07-17,present,0,13,
12213,186,1059,16,2026-07-20,present,0,13,
12214,186,1060,16,2026-07-22,present,0,13,
12215,186,1061,16,2026-07-24,present,0,13,
12216,186,1062,16,2026-07-27,late,9,13,
12217,186,1063,16,2026-07-29,present,0,13,
12218,186,1064,16,2026-07-31,present,0,13,
12219,187,992,16,2026-02-09,present,0,13,
12220,187,993,16,2026-02-11,absent_excused,0,13,Ota-ona xabar berdi
12221,187,994,16,2026-02-13,absent_unexcused,0,13,Sababsiz
12222,187,995,16,2026-02-16,present,0,13,
12223,187,996,16,2026-02-18,late,24,13,
12224,187,997,16,2026-02-20,present,0,13,
12225,187,998,16,2026-02-23,present,0,13,
12226,187,999,16,2026-02-25,present,0,13,
12227,187,1000,16,2026-02-27,present,0,13,
12228,187,1001,16,2026-03-02,present,0,13,
12229,187,1002,16,2026-03-04,present,0,13,
12230,187,1003,16,2026-03-06,present,0,13,
12231,187,1004,16,2026-03-09,late,11,13,
12232,187,1005,16,2026-03-11,present,0,13,
12233,187,1006,16,2026-03-13,present,0,13,
12234,187,1007,16,2026-03-16,absent_excused,0,13,Ota-ona xabar berdi
12235,187,1008,16,2026-03-18,present,0,13,
12236,187,1009,16,2026-03-25,present,0,13,
12237,187,1010,16,2026-03-27,present,0,13,
12238,187,1011,16,2026-03-30,present,0,13,
12239,187,1012,16,2026-04-01,late,21,13,
12240,187,1013,16,2026-04-03,present,0,13,
12241,187,1014,16,2026-04-06,present,0,13,
12242,187,1015,16,2026-04-08,present,0,13,
12243,187,1016,16,2026-04-10,absent_excused,0,13,Ota-ona xabar berdi
12244,187,1017,16,2026-04-13,present,0,13,
12245,187,1018,16,2026-04-15,present,0,13,
12246,187,1019,16,2026-04-17,present,0,13,
12247,187,1020,16,2026-04-20,present,0,13,
12248,187,1021,16,2026-04-22,present,0,13,
12249,187,1022,16,2026-04-24,present,0,13,
12250,187,1023,16,2026-04-27,present,0,13,
12251,187,1024,16,2026-04-29,late,12,13,
12252,187,1025,16,2026-05-01,absent_unexcused,0,13,Sababsiz
12253,187,1026,16,2026-05-04,present,0,13,
12254,187,1027,16,2026-05-06,present,0,13,
12255,187,1028,16,2026-05-08,present,0,13,
12256,187,1029,16,2026-05-11,present,0,13,
12257,187,1030,16,2026-05-13,present,0,13,
12258,187,1031,16,2026-05-15,present,0,13,
12259,187,1032,16,2026-05-18,present,0,13,
12260,187,1033,16,2026-05-20,present,0,13,
12261,187,1034,16,2026-05-22,late,8,13,
12262,187,1035,16,2026-05-25,present,0,13,
12263,187,1036,16,2026-05-27,present,0,13,
12264,187,1037,16,2026-05-29,late,8,13,
12265,187,1038,16,2026-06-01,present,0,13,
12266,187,1039,16,2026-06-03,absent_excused,0,13,Ota-ona xabar berdi
12267,187,1040,16,2026-06-05,present,0,13,
12268,187,1041,16,2026-06-08,present,0,13,
12269,187,1042,16,2026-06-10,present,0,13,
12270,187,1043,16,2026-06-12,present,0,13,
12271,187,1044,16,2026-06-15,late,21,13,
12272,187,1045,16,2026-06-17,present,0,13,
12273,187,1046,16,2026-06-19,absent_excused,0,13,Ota-ona xabar berdi
12274,187,1047,16,2026-06-22,present,0,13,
12275,187,1048,16,2026-06-24,absent_unexcused,0,13,Sababsiz
12276,187,1049,16,2026-06-26,present,0,13,
12277,187,1050,16,2026-06-29,late,20,13,
12278,187,1051,16,2026-07-01,present,0,13,
12279,187,1052,16,2026-07-03,present,0,13,
12280,187,1053,16,2026-07-06,present,0,13,
12281,187,1054,16,2026-07-08,present,0,13,
12282,187,1055,16,2026-07-10,present,0,13,
12283,187,1056,16,2026-07-13,present,0,13,
12284,187,1057,16,2026-07-15,present,0,13,
12285,187,1058,16,2026-07-17,present,0,13,
12286,187,1059,16,2026-07-20,present,0,13,
12287,187,1060,16,2026-07-22,absent_unexcused,0,13,Sababsiz
12288,187,1061,16,2026-07-24,present,0,13,
12289,187,1062,16,2026-07-27,present,0,13,
12290,187,1063,16,2026-07-29,absent_excused,0,13,Ota-ona xabar berdi
12291,187,1064,16,2026-07-31,present,0,13,
12292,188,992,16,2026-02-09,present,0,13,
12293,188,993,16,2026-02-11,present,0,13,
12294,188,994,16,2026-02-13,late,9,13,
12295,188,995,16,2026-02-16,present,0,13,
12296,188,996,16,2026-02-18,present,0,13,
12297,188,997,16,2026-02-20,present,0,13,
12298,188,998,16,2026-02-23,present,0,13,
12299,188,999,16,2026-02-25,present,0,13,
12300,188,1000,16,2026-02-27,present,0,13,
12301,188,1001,16,2026-03-02,present,0,13,
12302,188,1002,16,2026-03-04,present,0,13,
12303,188,1003,16,2026-03-06,present,0,13,
12304,188,1004,16,2026-03-09,present,0,13,
12305,188,1005,16,2026-03-11,present,0,13,
12306,188,1006,16,2026-03-13,present,0,13,
12307,188,1007,16,2026-03-16,present,0,13,
12308,188,1008,16,2026-03-18,late,11,13,
12309,188,1009,16,2026-03-25,present,0,13,
12310,188,1010,16,2026-03-27,present,0,13,
12311,188,1011,16,2026-03-30,absent_unexcused,0,13,Sababsiz
12312,188,1012,16,2026-04-01,present,0,13,
12313,188,1013,16,2026-04-03,present,0,13,
12314,188,1014,16,2026-04-06,present,0,13,
12315,188,1015,16,2026-04-08,present,0,13,
12316,188,1016,16,2026-04-10,present,0,13,
12317,188,1017,16,2026-04-13,present,0,13,
12318,188,1018,16,2026-04-15,present,0,13,
12319,188,1019,16,2026-04-17,present,0,13,
12320,188,1020,16,2026-04-20,present,0,13,
12321,188,1021,16,2026-04-22,late,12,13,
12322,188,1022,16,2026-04-24,absent_unexcused,0,13,Sababsiz
12323,188,1023,16,2026-04-27,present,0,13,
12324,188,1024,16,2026-04-29,present,0,13,
12325,188,1025,16,2026-05-01,present,0,13,
12326,188,1026,16,2026-05-04,present,0,13,
12327,188,1027,16,2026-05-06,present,0,13,
12328,188,1028,16,2026-05-08,present,0,13,
12329,188,1029,16,2026-05-11,present,0,13,
12330,188,1030,16,2026-05-13,present,0,13,
12331,188,1031,16,2026-05-15,present,0,13,
12332,188,1032,16,2026-05-18,present,0,13,
12333,188,1033,16,2026-05-20,present,0,13,
12334,188,1034,16,2026-05-22,present,0,13,
12335,188,1035,16,2026-05-25,present,0,13,
12336,188,1036,16,2026-05-27,absent_excused,0,13,Ota-ona xabar berdi
12337,188,1037,16,2026-05-29,present,0,13,
12338,188,1038,16,2026-06-01,present,0,13,
12339,188,1039,16,2026-06-03,present,0,13,
12340,188,1040,16,2026-06-05,present,0,13,
12341,188,1041,16,2026-06-08,present,0,13,
12342,188,1042,16,2026-06-10,present,0,13,
12343,188,1043,16,2026-06-12,present,0,13,
12344,188,1044,16,2026-06-15,present,0,13,
12345,188,1045,16,2026-06-17,present,0,13,
12346,188,1046,16,2026-06-19,present,0,13,
12347,188,1047,16,2026-06-22,present,0,13,
12348,188,1048,16,2026-06-24,late,14,13,
12349,188,1049,16,2026-06-26,present,0,13,
12350,188,1050,16,2026-06-29,late,5,13,
12351,188,1051,16,2026-07-01,present,0,13,
12352,188,1052,16,2026-07-03,present,0,13,
12353,188,1053,16,2026-07-06,present,0,13,
12354,188,1054,16,2026-07-08,present,0,13,
12355,188,1055,16,2026-07-10,present,0,13,
12356,188,1056,16,2026-07-13,present,0,13,
12357,188,1057,16,2026-07-15,present,0,13,
12358,188,1058,16,2026-07-17,present,0,13,
12359,188,1059,16,2026-07-20,present,0,13,
12360,188,1060,16,2026-07-22,present,0,13,
12361,188,1061,16,2026-07-24,present,0,13,
12362,188,1062,16,2026-07-27,late,20,13,
12363,188,1063,16,2026-07-29,present,0,13,
12364,188,1064,16,2026-07-31,absent_excused,0,13,Ota-ona xabar berdi
12365,189,1065,17,2026-02-02,present,0,3,
12366,189,1066,17,2026-02-04,present,0,3,
12367,189,1067,17,2026-02-06,present,0,3,
12368,189,1068,17,2026-02-09,present,0,3,
12369,189,1069,17,2026-02-11,present,0,3,
12370,189,1070,17,2026-02-13,absent_excused,0,3,Ota-ona xabar berdi
12371,189,1071,17,2026-02-16,present,0,3,
12372,189,1072,17,2026-02-18,present,0,3,
12373,189,1073,17,2026-02-20,present,0,3,
12374,189,1074,17,2026-02-23,late,22,3,
12375,189,1075,17,2026-02-25,present,0,3,
12376,189,1076,17,2026-02-27,present,0,3,
12377,189,1077,17,2026-03-02,present,0,3,
12378,189,1078,17,2026-03-04,present,0,3,
12379,189,1079,17,2026-03-06,present,0,3,
12380,189,1080,17,2026-03-09,late,19,3,
12381,189,1081,17,2026-03-11,absent_unexcused,0,3,Sababsiz
12382,189,1082,17,2026-03-13,present,0,3,
12383,189,1083,17,2026-03-16,late,23,3,
12384,189,1084,17,2026-03-18,present,0,3,
12385,189,1085,17,2026-03-25,present,0,3,
12386,189,1086,17,2026-03-27,present,0,3,
12387,189,1087,17,2026-03-30,present,0,3,
12388,189,1088,17,2026-04-01,absent_unexcused,0,3,Sababsiz
12389,189,1089,17,2026-04-03,present,0,3,
12390,189,1090,17,2026-04-06,absent_excused,0,3,Ota-ona xabar berdi
12391,189,1091,17,2026-04-08,present,0,3,
12392,189,1092,17,2026-04-10,present,0,3,
12393,189,1093,17,2026-04-13,present,0,3,
12394,189,1094,17,2026-04-15,late,25,3,
12395,189,1095,17,2026-04-17,present,0,3,
12396,189,1096,17,2026-04-20,present,0,3,
12397,189,1097,17,2026-04-22,absent_unexcused,0,3,Sababsiz
12398,189,1098,17,2026-04-24,late,23,3,
12399,189,1099,17,2026-04-27,present,0,3,
12400,189,1100,17,2026-04-29,present,0,3,
12401,189,1101,17,2026-05-01,absent_excused,0,3,Ota-ona xabar berdi
12402,189,1102,17,2026-05-04,late,9,3,
12403,189,1103,17,2026-05-06,present,0,3,
12404,189,1104,17,2026-05-08,present,0,3,
12405,189,1105,17,2026-05-11,present,0,3,
12406,189,1106,17,2026-05-13,present,0,3,
12407,189,1107,17,2026-05-15,present,0,3,
12408,189,1108,17,2026-05-18,present,0,3,
12409,189,1109,17,2026-05-20,present,0,3,
12410,189,1110,17,2026-05-22,present,0,3,
12411,189,1111,17,2026-05-25,present,0,3,
12412,189,1112,17,2026-05-27,present,0,3,
12413,189,1113,17,2026-05-29,present,0,3,
12414,189,1114,17,2026-06-01,present,0,3,
12415,189,1115,17,2026-06-03,present,0,3,
12416,189,1116,17,2026-06-05,present,0,3,
12417,189,1117,17,2026-06-08,absent_unexcused,0,3,Sababsiz
12418,189,1118,17,2026-06-10,absent_unexcused,0,3,Sababsiz
12419,189,1119,17,2026-06-12,present,0,3,
12420,189,1120,17,2026-06-15,absent_excused,0,3,Ota-ona xabar berdi
12421,189,1121,17,2026-06-17,late,11,3,
12422,189,1122,17,2026-06-19,present,0,3,
12423,189,1123,17,2026-06-22,late,12,3,
12424,189,1124,17,2026-06-24,present,0,3,
12425,189,1125,17,2026-06-26,present,0,3,
12426,189,1126,17,2026-06-29,late,17,3,
12427,189,1127,17,2026-07-01,present,0,3,
12428,189,1128,17,2026-07-03,present,0,3,
12429,189,1129,17,2026-07-06,absent_unexcused,0,3,Sababsiz
12430,189,1130,17,2026-07-08,present,0,3,
12431,189,1131,17,2026-07-10,present,0,3,
12432,189,1132,17,2026-07-13,present,0,3,
12433,189,1133,17,2026-07-15,present,0,3,
12434,189,1134,17,2026-07-17,absent_unexcused,0,3,Sababsiz
12435,189,1135,17,2026-07-20,present,0,3,
12436,189,1136,17,2026-07-22,absent_unexcused,0,3,Sababsiz
12437,189,1137,17,2026-07-24,late,6,3,
12438,189,1138,17,2026-07-27,present,0,3,
12439,189,1139,17,2026-07-29,present,0,3,
12440,189,1140,17,2026-07-31,present,0,3,
12441,190,1065,17,2026-02-02,present,0,3,
12442,190,1066,17,2026-02-04,late,23,3,
12443,190,1067,17,2026-02-06,absent_unexcused,0,3,Sababsiz
12444,190,1068,17,2026-02-09,late,23,3,
12445,190,1069,17,2026-02-11,absent_unexcused,0,3,Sababsiz
12446,190,1070,17,2026-02-13,late,5,3,
12447,190,1071,17,2026-02-16,absent_unexcused,0,3,Sababsiz
12448,190,1072,17,2026-02-18,absent_unexcused,0,3,Sababsiz
12449,190,1073,17,2026-02-20,present,0,3,
12450,190,1074,17,2026-02-23,present,0,3,
12451,190,1075,17,2026-02-25,absent_excused,0,3,Ota-ona xabar berdi
12452,190,1076,17,2026-02-27,present,0,3,
12453,190,1077,17,2026-03-02,absent_unexcused,0,3,Sababsiz
12454,190,1078,17,2026-03-04,present,0,3,
12455,190,1079,17,2026-03-06,present,0,3,
12456,190,1080,17,2026-03-09,absent_unexcused,0,3,Sababsiz
12457,190,1081,17,2026-03-11,present,0,3,
12458,190,1082,17,2026-03-13,absent_unexcused,0,3,Sababsiz
12459,190,1083,17,2026-03-16,absent_excused,0,3,Ota-ona xabar berdi
12460,190,1084,17,2026-03-18,late,7,3,
12461,190,1085,17,2026-03-25,absent_unexcused,0,3,Sababsiz
12462,190,1086,17,2026-03-27,present,0,3,
12463,190,1087,17,2026-03-30,absent_unexcused,0,3,Sababsiz
12464,190,1088,17,2026-04-01,late,13,3,
12465,190,1089,17,2026-04-03,present,0,3,
12466,190,1090,17,2026-04-06,present,0,3,
12467,190,1091,17,2026-04-08,late,10,3,
12468,190,1092,17,2026-04-10,present,0,3,
12469,190,1093,17,2026-04-13,absent_unexcused,0,3,Sababsiz
12470,190,1094,17,2026-04-15,absent_excused,0,3,Ota-ona xabar berdi
12471,190,1095,17,2026-04-17,late,12,3,
12472,190,1096,17,2026-04-20,absent_excused,0,3,Ota-ona xabar berdi
12473,190,1097,17,2026-04-22,present,0,3,
12474,190,1098,17,2026-04-24,present,0,3,
12475,190,1099,17,2026-04-27,present,0,3,
12476,190,1100,17,2026-04-29,absent_excused,0,3,Ota-ona xabar berdi
12477,190,1101,17,2026-05-01,absent_excused,0,3,Ota-ona xabar berdi
12478,190,1102,17,2026-05-04,present,0,3,
12479,190,1103,17,2026-05-06,absent_unexcused,0,3,Sababsiz
12480,190,1104,17,2026-05-08,absent_excused,0,3,Ota-ona xabar berdi
12481,190,1105,17,2026-05-11,absent_excused,0,3,Ota-ona xabar berdi
12482,190,1106,17,2026-05-13,late,6,3,
12483,190,1107,17,2026-05-15,late,22,3,
12484,190,1108,17,2026-05-18,present,0,3,
12485,190,1109,17,2026-05-20,present,0,3,
12486,190,1110,17,2026-05-22,absent_unexcused,0,3,Sababsiz
12487,190,1111,17,2026-05-25,present,0,3,
12488,190,1112,17,2026-05-27,absent_unexcused,0,3,Sababsiz
12489,190,1113,17,2026-05-29,absent_unexcused,0,3,Sababsiz
12490,190,1114,17,2026-06-01,absent_unexcused,0,3,Sababsiz
12491,190,1115,17,2026-06-03,present,0,3,
12492,190,1116,17,2026-06-05,late,11,3,
12493,190,1117,17,2026-06-08,present,0,3,
12494,190,1118,17,2026-06-10,late,20,3,
12495,190,1119,17,2026-06-12,present,0,3,
12496,190,1120,17,2026-06-15,absent_unexcused,0,3,Sababsiz
12497,190,1121,17,2026-06-17,present,0,3,
12498,190,1122,17,2026-06-19,present,0,3,
12499,190,1123,17,2026-06-22,absent_unexcused,0,3,Sababsiz
12500,190,1124,17,2026-06-24,absent_unexcused,0,3,Sababsiz
12501,190,1125,17,2026-06-26,absent_unexcused,0,3,Sababsiz
12502,190,1126,17,2026-06-29,absent_excused,0,3,Ota-ona xabar berdi
12503,190,1127,17,2026-07-01,absent_unexcused,0,3,Sababsiz
12504,190,1128,17,2026-07-03,present,0,3,
12505,190,1129,17,2026-07-06,present,0,3,
12506,190,1130,17,2026-07-08,present,0,3,
12507,190,1131,17,2026-07-10,absent_unexcused,0,3,Sababsiz
12508,190,1132,17,2026-07-13,absent_unexcused,0,3,Sababsiz
12509,190,1133,17,2026-07-15,late,5,3,
12510,190,1134,17,2026-07-17,late,12,3,
12511,190,1135,17,2026-07-20,absent_unexcused,0,3,Sababsiz
12512,190,1136,17,2026-07-22,absent_excused,0,3,Ota-ona xabar berdi
12513,190,1137,17,2026-07-24,absent_excused,0,3,Ota-ona xabar berdi
12514,190,1138,17,2026-07-27,present,0,3,
12515,190,1139,17,2026-07-29,present,0,3,
12516,190,1140,17,2026-07-31,present,0,3,
12517,191,1065,17,2026-02-02,present,0,3,
12518,191,1066,17,2026-02-04,present,0,3,
12519,191,1067,17,2026-02-06,present,0,3,
12520,191,1068,17,2026-02-09,present,0,3,
12521,191,1069,17,2026-02-11,present,0,3,
12522,191,1070,17,2026-02-13,absent_unexcused,0,3,Sababsiz
12523,191,1071,17,2026-02-16,present,0,3,
12524,191,1072,17,2026-02-18,present,0,3,
12525,191,1073,17,2026-02-20,present,0,3,
12526,191,1074,17,2026-02-23,late,13,3,
12527,191,1075,17,2026-02-25,present,0,3,
12528,191,1076,17,2026-02-27,present,0,3,
12529,191,1077,17,2026-03-02,late,6,3,
12530,191,1078,17,2026-03-04,late,9,3,
12531,191,1079,17,2026-03-06,absent_unexcused,0,3,Sababsiz
12532,191,1080,17,2026-03-09,present,0,3,
12533,191,1081,17,2026-03-11,absent_unexcused,0,3,Sababsiz
12534,191,1082,17,2026-03-13,absent_excused,0,3,Ota-ona xabar berdi
12535,191,1083,17,2026-03-16,late,16,3,
12536,191,1084,17,2026-03-18,present,0,3,
12537,191,1085,17,2026-03-25,absent_unexcused,0,3,Sababsiz
12538,191,1086,17,2026-03-27,absent_unexcused,0,3,Sababsiz
12539,191,1087,17,2026-03-30,absent_unexcused,0,3,Sababsiz
12540,191,1088,17,2026-04-01,present,0,3,
12541,191,1089,17,2026-04-03,present,0,3,
12542,191,1090,17,2026-04-06,present,0,3,
12543,191,1091,17,2026-04-08,present,0,3,
12544,191,1092,17,2026-04-10,present,0,3,
12545,191,1093,17,2026-04-13,present,0,3,
12546,191,1094,17,2026-04-15,present,0,3,
12547,191,1095,17,2026-04-17,present,0,3,
12548,191,1096,17,2026-04-20,present,0,3,
12549,191,1097,17,2026-04-22,present,0,3,
12550,191,1098,17,2026-04-24,present,0,3,
12551,191,1099,17,2026-04-27,present,0,3,
12552,191,1100,17,2026-04-29,present,0,3,
12553,191,1101,17,2026-05-01,present,0,3,
12554,191,1102,17,2026-05-04,present,0,3,
12555,191,1103,17,2026-05-06,present,0,3,
12556,191,1104,17,2026-05-08,present,0,3,
12557,191,1105,17,2026-05-11,absent_excused,0,3,Ota-ona xabar berdi
12558,191,1106,17,2026-05-13,present,0,3,
12559,191,1107,17,2026-05-15,present,0,3,
12560,191,1108,17,2026-05-18,present,0,3,
12561,191,1109,17,2026-05-20,late,7,3,
12562,191,1110,17,2026-05-22,present,0,3,
12563,191,1111,17,2026-05-25,present,0,3,
12564,191,1112,17,2026-05-27,present,0,3,
12565,191,1113,17,2026-05-29,present,0,3,
12566,191,1114,17,2026-06-01,present,0,3,
12567,191,1115,17,2026-06-03,present,0,3,
12568,191,1116,17,2026-06-05,absent_unexcused,0,3,Sababsiz
12569,191,1117,17,2026-06-08,present,0,3,
12570,191,1118,17,2026-06-10,present,0,3,
12571,191,1119,17,2026-06-12,present,0,3,
12572,191,1120,17,2026-06-15,present,0,3,
12573,191,1121,17,2026-06-17,present,0,3,
12574,191,1122,17,2026-06-19,absent_excused,0,3,Ota-ona xabar berdi
12575,191,1123,17,2026-06-22,present,0,3,
12576,191,1124,17,2026-06-24,present,0,3,
12577,191,1125,17,2026-06-26,present,0,3,
12578,191,1126,17,2026-06-29,late,11,3,
12579,191,1127,17,2026-07-01,present,0,3,
12580,191,1128,17,2026-07-03,late,20,3,
12581,191,1129,17,2026-07-06,present,0,3,
12582,191,1130,17,2026-07-08,present,0,3,
12583,191,1131,17,2026-07-10,present,0,3,
12584,191,1132,17,2026-07-13,present,0,3,
12585,191,1133,17,2026-07-15,present,0,3,
12586,191,1134,17,2026-07-17,present,0,3,
12587,191,1135,17,2026-07-20,present,0,3,
12588,191,1136,17,2026-07-22,present,0,3,
12589,191,1137,17,2026-07-24,present,0,3,
12590,191,1138,17,2026-07-27,present,0,3,
12591,191,1139,17,2026-07-29,present,0,3,
12592,191,1140,17,2026-07-31,present,0,3,
12593,192,1065,17,2026-02-02,present,0,3,
12594,192,1066,17,2026-02-04,late,14,3,
12595,192,1067,17,2026-02-06,present,0,3,
12596,192,1068,17,2026-02-09,present,0,3,
12597,192,1069,17,2026-02-11,present,0,3,
12598,192,1070,17,2026-02-13,late,19,3,
12599,192,1071,17,2026-02-16,present,0,3,
12600,192,1072,17,2026-02-18,present,0,3,
12601,192,1073,17,2026-02-20,present,0,3,
12602,192,1074,17,2026-02-23,present,0,3,
12603,192,1075,17,2026-02-25,absent_unexcused,0,3,Sababsiz
12604,192,1076,17,2026-02-27,absent_excused,0,3,Ota-ona xabar berdi
12605,192,1077,17,2026-03-02,present,0,3,
12606,192,1078,17,2026-03-04,late,12,3,
12607,192,1079,17,2026-03-06,absent_unexcused,0,3,Sababsiz
12608,192,1080,17,2026-03-09,present,0,3,
12609,192,1081,17,2026-03-11,present,0,3,
12610,192,1082,17,2026-03-13,present,0,3,
12611,192,1083,17,2026-03-16,present,0,3,
12612,192,1084,17,2026-03-18,present,0,3,
12613,192,1085,17,2026-03-25,present,0,3,
12614,192,1086,17,2026-03-27,present,0,3,
12615,192,1087,17,2026-03-30,absent_excused,0,3,Ota-ona xabar berdi
12616,192,1088,17,2026-04-01,late,6,3,
12617,192,1089,17,2026-04-03,present,0,3,
12618,192,1090,17,2026-04-06,present,0,3,
12619,192,1091,17,2026-04-08,present,0,3,
12620,192,1092,17,2026-04-10,present,0,3,
12621,192,1093,17,2026-04-13,present,0,3,
12622,192,1094,17,2026-04-15,present,0,3,
12623,192,1095,17,2026-04-17,absent_unexcused,0,3,Sababsiz
12624,192,1096,17,2026-04-20,present,0,3,
12625,192,1097,17,2026-04-22,late,7,3,
12626,192,1098,17,2026-04-24,present,0,3,
12627,192,1099,17,2026-04-27,present,0,3,
12628,192,1100,17,2026-04-29,present,0,3,
12629,192,1101,17,2026-05-01,present,0,3,
12630,192,1102,17,2026-05-04,present,0,3,
12631,192,1103,17,2026-05-06,present,0,3,
12632,192,1104,17,2026-05-08,late,6,3,
12633,192,1105,17,2026-05-11,present,0,3,
12634,192,1106,17,2026-05-13,absent_unexcused,0,3,Sababsiz
12635,192,1107,17,2026-05-15,present,0,3,
12636,192,1108,17,2026-05-18,present,0,3,
12637,192,1109,17,2026-05-20,present,0,3,
12638,192,1110,17,2026-05-22,present,0,3,
12639,192,1111,17,2026-05-25,present,0,3,
12640,192,1112,17,2026-05-27,absent_unexcused,0,3,Sababsiz
12641,192,1113,17,2026-05-29,present,0,3,
12642,192,1114,17,2026-06-01,present,0,3,
12643,192,1115,17,2026-06-03,present,0,3,
12644,192,1116,17,2026-06-05,present,0,3,
12645,192,1117,17,2026-06-08,present,0,3,
12646,192,1118,17,2026-06-10,present,0,3,
12647,192,1119,17,2026-06-12,late,21,3,
12648,192,1120,17,2026-06-15,present,0,3,
12649,192,1121,17,2026-06-17,present,0,3,
12650,192,1122,17,2026-06-19,absent_excused,0,3,Ota-ona xabar berdi
12651,192,1123,17,2026-06-22,present,0,3,
12652,192,1124,17,2026-06-24,present,0,3,
12653,192,1125,17,2026-06-26,late,8,3,
12654,192,1126,17,2026-06-29,late,8,3,
12655,192,1127,17,2026-07-01,present,0,3,
12656,192,1128,17,2026-07-03,present,0,3,
12657,192,1129,17,2026-07-06,present,0,3,
12658,192,1130,17,2026-07-08,present,0,3,
12659,192,1131,17,2026-07-10,late,8,3,
12660,192,1132,17,2026-07-13,absent_excused,0,3,Ota-ona xabar berdi
12661,192,1133,17,2026-07-15,absent_unexcused,0,3,Sababsiz
12662,192,1134,17,2026-07-17,present,0,3,
12663,192,1135,17,2026-07-20,late,11,3,
12664,192,1136,17,2026-07-22,late,10,3,
12665,192,1137,17,2026-07-24,present,0,3,
12666,192,1138,17,2026-07-27,present,0,3,
12667,192,1139,17,2026-07-29,present,0,3,
12668,192,1140,17,2026-07-31,late,7,3,
12669,193,1065,17,2026-02-02,present,0,3,
12670,193,1066,17,2026-02-04,present,0,3,
12671,193,1067,17,2026-02-06,present,0,3,
12672,193,1068,17,2026-02-09,late,23,3,
12673,193,1069,17,2026-02-11,late,25,3,
12674,193,1070,17,2026-02-13,late,15,3,
12675,193,1071,17,2026-02-16,present,0,3,
12676,193,1072,17,2026-02-18,present,0,3,
12677,193,1073,17,2026-02-20,present,0,3,
12678,193,1074,17,2026-02-23,present,0,3,
12679,193,1075,17,2026-02-25,present,0,3,
12680,193,1076,17,2026-02-27,absent_excused,0,3,Ota-ona xabar berdi
12681,193,1077,17,2026-03-02,present,0,3,
12682,193,1078,17,2026-03-04,present,0,3,
12683,193,1079,17,2026-03-06,present,0,3,
12684,193,1080,17,2026-03-09,absent_unexcused,0,3,Sababsiz
12685,193,1081,17,2026-03-11,present,0,3,
12686,193,1082,17,2026-03-13,absent_unexcused,0,3,Sababsiz
12687,193,1083,17,2026-03-16,present,0,3,
12688,193,1084,17,2026-03-18,present,0,3,
12689,193,1085,17,2026-03-25,present,0,3,
12690,193,1086,17,2026-03-27,present,0,3,
12691,193,1087,17,2026-03-30,late,25,3,
12692,193,1088,17,2026-04-01,present,0,3,
12693,193,1089,17,2026-04-03,present,0,3,
12694,193,1090,17,2026-04-06,present,0,3,
12695,193,1091,17,2026-04-08,present,0,3,
12696,193,1092,17,2026-04-10,present,0,3,
12697,193,1093,17,2026-04-13,present,0,3,
12698,193,1094,17,2026-04-15,present,0,3,
12699,193,1095,17,2026-04-17,present,0,3,
12700,193,1096,17,2026-04-20,present,0,3,
12701,193,1097,17,2026-04-22,late,7,3,
12702,193,1098,17,2026-04-24,absent_excused,0,3,Ota-ona xabar berdi
12703,193,1099,17,2026-04-27,present,0,3,
12704,193,1100,17,2026-04-29,absent_unexcused,0,3,Sababsiz
12705,193,1101,17,2026-05-01,present,0,3,
12706,193,1102,17,2026-05-04,present,0,3,
12707,193,1103,17,2026-05-06,absent_excused,0,3,Ota-ona xabar berdi
12708,193,1104,17,2026-05-08,present,0,3,
12709,193,1105,17,2026-05-11,present,0,3,
12710,193,1106,17,2026-05-13,absent_unexcused,0,3,Sababsiz
12711,193,1107,17,2026-05-15,present,0,3,
12712,193,1108,17,2026-05-18,present,0,3,
12713,193,1109,17,2026-05-20,present,0,3,
12714,193,1110,17,2026-05-22,late,14,3,
12715,193,1111,17,2026-05-25,absent_unexcused,0,3,Sababsiz
12716,193,1112,17,2026-05-27,present,0,3,
12717,193,1113,17,2026-05-29,present,0,3,
12718,193,1114,17,2026-06-01,present,0,3,
12719,193,1115,17,2026-06-03,present,0,3,
12720,193,1116,17,2026-06-05,present,0,3,
12721,193,1117,17,2026-06-08,present,0,3,
12722,193,1118,17,2026-06-10,present,0,3,
12723,193,1119,17,2026-06-12,absent_excused,0,3,Ota-ona xabar berdi
12724,193,1120,17,2026-06-15,present,0,3,
12725,193,1121,17,2026-06-17,present,0,3,
12726,193,1122,17,2026-06-19,present,0,3,
12727,193,1123,17,2026-06-22,present,0,3,
12728,193,1124,17,2026-06-24,late,14,3,
12729,193,1125,17,2026-06-26,present,0,3,
12730,193,1126,17,2026-06-29,late,16,3,
12731,193,1127,17,2026-07-01,present,0,3,
12732,193,1128,17,2026-07-03,present,0,3,
12733,193,1129,17,2026-07-06,present,0,3,
12734,193,1130,17,2026-07-08,present,0,3,
12735,193,1131,17,2026-07-10,late,18,3,
12736,193,1132,17,2026-07-13,present,0,3,
12737,193,1133,17,2026-07-15,late,12,3,
12738,193,1134,17,2026-07-17,present,0,3,
12739,193,1135,17,2026-07-20,present,0,3,
12740,193,1136,17,2026-07-22,present,0,3,
12741,193,1137,17,2026-07-24,present,0,3,
12742,193,1138,17,2026-07-27,present,0,3,
12743,193,1139,17,2026-07-29,present,0,3,
12744,193,1140,17,2026-07-31,present,0,3,
12745,194,1065,17,2026-02-02,present,0,3,
12746,194,1066,17,2026-02-04,present,0,3,
12747,194,1067,17,2026-02-06,present,0,3,
12748,194,1068,17,2026-02-09,present,0,3,
12749,194,1069,17,2026-02-11,present,0,3,
12750,194,1070,17,2026-02-13,present,0,3,
12751,194,1071,17,2026-02-16,present,0,3,
12752,194,1072,17,2026-02-18,present,0,3,
12753,194,1073,17,2026-02-20,present,0,3,
12754,194,1074,17,2026-02-23,present,0,3,
12755,194,1075,17,2026-02-25,present,0,3,
12756,194,1076,17,2026-02-27,present,0,3,
12757,194,1077,17,2026-03-02,present,0,3,
12758,194,1078,17,2026-03-04,present,0,3,
12759,194,1079,17,2026-03-06,late,11,3,
12760,194,1080,17,2026-03-09,present,0,3,
12761,194,1081,17,2026-03-11,present,0,3,
12762,194,1082,17,2026-03-13,present,0,3,
12763,194,1083,17,2026-03-16,present,0,3,
12764,194,1084,17,2026-03-18,present,0,3,
12765,194,1085,17,2026-03-25,present,0,3,
12766,194,1086,17,2026-03-27,present,0,3,
12767,194,1087,17,2026-03-30,present,0,3,
12768,194,1088,17,2026-04-01,present,0,3,
12769,194,1089,17,2026-04-03,present,0,3,
12770,194,1090,17,2026-04-06,present,0,3,
12771,194,1091,17,2026-04-08,present,0,3,
12772,194,1092,17,2026-04-10,present,0,3,
12773,194,1093,17,2026-04-13,present,0,3,
12774,194,1094,17,2026-04-15,present,0,3,
12775,194,1095,17,2026-04-17,late,6,3,
12776,194,1096,17,2026-04-20,present,0,3,
12777,194,1097,17,2026-04-22,present,0,3,
12778,194,1098,17,2026-04-24,present,0,3,
12779,194,1099,17,2026-04-27,present,0,3,
12780,194,1100,17,2026-04-29,present,0,3,
12781,194,1101,17,2026-05-01,present,0,3,
12782,194,1102,17,2026-05-04,present,0,3,
12783,194,1103,17,2026-05-06,present,0,3,
12784,194,1104,17,2026-05-08,present,0,3,
12785,194,1105,17,2026-05-11,present,0,3,
12786,194,1106,17,2026-05-13,present,0,3,
12787,194,1107,17,2026-05-15,present,0,3,
12788,194,1108,17,2026-05-18,present,0,3,
12789,194,1109,17,2026-05-20,present,0,3,
12790,194,1110,17,2026-05-22,present,0,3,
12791,194,1111,17,2026-05-25,present,0,3,
12792,194,1112,17,2026-05-27,present,0,3,
12793,194,1113,17,2026-05-29,present,0,3,
12794,194,1114,17,2026-06-01,present,0,3,
12795,194,1115,17,2026-06-03,present,0,3,
12796,194,1116,17,2026-06-05,present,0,3,
12797,194,1117,17,2026-06-08,present,0,3,
12798,194,1118,17,2026-06-10,absent_excused,0,3,Ota-ona xabar berdi
12799,194,1119,17,2026-06-12,present,0,3,
12800,194,1120,17,2026-06-15,present,0,3,
12801,194,1121,17,2026-06-17,present,0,3,
12802,194,1122,17,2026-06-19,present,0,3,
12803,194,1123,17,2026-06-22,present,0,3,
12804,194,1124,17,2026-06-24,present,0,3,
12805,194,1125,17,2026-06-26,present,0,3,
12806,194,1126,17,2026-06-29,present,0,3,
12807,194,1127,17,2026-07-01,present,0,3,
12808,194,1128,17,2026-07-03,present,0,3,
12809,194,1129,17,2026-07-06,present,0,3,
12810,194,1130,17,2026-07-08,present,0,3,
12811,194,1131,17,2026-07-10,present,0,3,
12812,194,1132,17,2026-07-13,present,0,3,
12813,194,1133,17,2026-07-15,present,0,3,
12814,194,1134,17,2026-07-17,present,0,3,
12815,194,1135,17,2026-07-20,present,0,3,
12816,194,1136,17,2026-07-22,present,0,3,
12817,194,1137,17,2026-07-24,present,0,3,
12818,194,1138,17,2026-07-27,present,0,3,
12819,194,1139,17,2026-07-29,absent_excused,0,3,Ota-ona xabar berdi
12820,194,1140,17,2026-07-31,present,0,3,
12821,195,1065,17,2026-02-02,present,0,3,
12822,195,1066,17,2026-02-04,present,0,3,
12823,195,1067,17,2026-02-06,present,0,3,
12824,195,1068,17,2026-02-09,present,0,3,
12825,195,1069,17,2026-02-11,present,0,3,
12826,195,1070,17,2026-02-13,present,0,3,
12827,195,1071,17,2026-02-16,present,0,3,
12828,195,1072,17,2026-02-18,present,0,3,
12829,195,1073,17,2026-02-20,absent_excused,0,3,Ota-ona xabar berdi
12830,195,1074,17,2026-02-23,present,0,3,
12831,195,1075,17,2026-02-25,present,0,3,
12832,195,1076,17,2026-02-27,present,0,3,
12833,195,1077,17,2026-03-02,present,0,3,
12834,195,1078,17,2026-03-04,present,0,3,
12835,195,1079,17,2026-03-06,present,0,3,
12836,195,1080,17,2026-03-09,present,0,3,
12837,195,1081,17,2026-03-11,present,0,3,
12838,195,1082,17,2026-03-13,present,0,3,
12839,195,1083,17,2026-03-16,present,0,3,
12840,195,1084,17,2026-03-18,present,0,3,
12841,195,1085,17,2026-03-25,present,0,3,
12842,195,1086,17,2026-03-27,present,0,3,
12843,195,1087,17,2026-03-30,present,0,3,
12844,195,1088,17,2026-04-01,present,0,3,
12845,195,1089,17,2026-04-03,present,0,3,
12846,195,1090,17,2026-04-06,present,0,3,
12847,195,1091,17,2026-04-08,present,0,3,
12848,195,1092,17,2026-04-10,late,16,3,
12849,195,1093,17,2026-04-13,present,0,3,
12850,195,1094,17,2026-04-15,present,0,3,
12851,195,1095,17,2026-04-17,present,0,3,
12852,195,1096,17,2026-04-20,present,0,3,
12853,195,1097,17,2026-04-22,present,0,3,
12854,195,1098,17,2026-04-24,present,0,3,
12855,195,1099,17,2026-04-27,present,0,3,
12856,195,1100,17,2026-04-29,present,0,3,
12857,195,1101,17,2026-05-01,present,0,3,
12858,195,1102,17,2026-05-04,present,0,3,
12859,195,1103,17,2026-05-06,present,0,3,
12860,195,1104,17,2026-05-08,present,0,3,
12861,195,1105,17,2026-05-11,present,0,3,
12862,195,1106,17,2026-05-13,present,0,3,
12863,195,1107,17,2026-05-15,present,0,3,
12864,195,1108,17,2026-05-18,present,0,3,
12865,195,1109,17,2026-05-20,present,0,3,
12866,195,1110,17,2026-05-22,absent_excused,0,3,Ota-ona xabar berdi
12867,195,1111,17,2026-05-25,present,0,3,
12868,195,1112,17,2026-05-27,present,0,3,
12869,195,1113,17,2026-05-29,present,0,3,
12870,195,1114,17,2026-06-01,present,0,3,
12871,195,1115,17,2026-06-03,present,0,3,
12872,195,1116,17,2026-06-05,present,0,3,
12873,195,1117,17,2026-06-08,present,0,3,
12874,195,1118,17,2026-06-10,present,0,3,
12875,195,1119,17,2026-06-12,present,0,3,
12876,195,1120,17,2026-06-15,present,0,3,
12877,195,1121,17,2026-06-17,late,20,3,
12878,195,1122,17,2026-06-19,present,0,3,
12879,195,1123,17,2026-06-22,present,0,3,
12880,195,1124,17,2026-06-24,present,0,3,
12881,195,1125,17,2026-06-26,present,0,3,
12882,195,1126,17,2026-06-29,present,0,3,
12883,195,1127,17,2026-07-01,present,0,3,
12884,195,1128,17,2026-07-03,present,0,3,
12885,195,1129,17,2026-07-06,present,0,3,
12886,195,1130,17,2026-07-08,present,0,3,
12887,195,1131,17,2026-07-10,present,0,3,
12888,195,1132,17,2026-07-13,present,0,3,
12889,195,1133,17,2026-07-15,absent_unexcused,0,3,Sababsiz
12890,195,1134,17,2026-07-17,present,0,3,
12891,195,1135,17,2026-07-20,present,0,3,
12892,195,1136,17,2026-07-22,present,0,3,
12893,195,1137,17,2026-07-24,present,0,3,
12894,195,1138,17,2026-07-27,present,0,3,
12895,195,1139,17,2026-07-29,present,0,3,
12896,195,1140,17,2026-07-31,present,0,3,
12897,196,1065,17,2026-02-02,present,0,3,
12898,196,1066,17,2026-02-04,present,0,3,
12899,196,1067,17,2026-02-06,present,0,3,
12900,196,1068,17,2026-02-09,present,0,3,
12901,196,1069,17,2026-02-11,present,0,3,
12902,196,1070,17,2026-02-13,present,0,3,
12903,196,1071,17,2026-02-16,present,0,3,
12904,196,1072,17,2026-02-18,present,0,3,
12905,196,1073,17,2026-02-20,present,0,3,
12906,196,1074,17,2026-02-23,present,0,3,
12907,196,1075,17,2026-02-25,present,0,3,
12908,196,1076,17,2026-02-27,present,0,3,
12909,196,1077,17,2026-03-02,present,0,3,
12910,196,1078,17,2026-03-04,present,0,3,
12911,196,1079,17,2026-03-06,present,0,3,
12912,196,1080,17,2026-03-09,present,0,3,
12913,196,1081,17,2026-03-11,present,0,3,
12914,196,1082,17,2026-03-13,present,0,3,
12915,196,1083,17,2026-03-16,absent_unexcused,0,3,Sababsiz
12916,196,1084,17,2026-03-18,present,0,3,
12917,196,1085,17,2026-03-25,absent_excused,0,3,Ota-ona xabar berdi
12918,196,1086,17,2026-03-27,present,0,3,
12919,196,1087,17,2026-03-30,present,0,3,
12920,196,1088,17,2026-04-01,present,0,3,
12921,196,1089,17,2026-04-03,present,0,3,
12922,196,1090,17,2026-04-06,present,0,3,
12923,196,1091,17,2026-04-08,present,0,3,
12924,196,1092,17,2026-04-10,present,0,3,
12925,196,1093,17,2026-04-13,present,0,3,
12926,196,1094,17,2026-04-15,present,0,3,
12927,196,1095,17,2026-04-17,present,0,3,
12928,196,1096,17,2026-04-20,present,0,3,
12929,196,1097,17,2026-04-22,present,0,3,
12930,196,1098,17,2026-04-24,present,0,3,
12931,196,1099,17,2026-04-27,present,0,3,
12932,196,1100,17,2026-04-29,late,12,3,
12933,196,1101,17,2026-05-01,present,0,3,
12934,196,1102,17,2026-05-04,present,0,3,
12935,196,1103,17,2026-05-06,late,18,3,
12936,196,1104,17,2026-05-08,absent_unexcused,0,3,Sababsiz
12937,196,1105,17,2026-05-11,present,0,3,
12938,196,1106,17,2026-05-13,present,0,3,
12939,196,1107,17,2026-05-15,present,0,3,
12940,196,1108,17,2026-05-18,present,0,3,
12941,196,1109,17,2026-05-20,present,0,3,
12942,196,1110,17,2026-05-22,present,0,3,
12943,196,1111,17,2026-05-25,present,0,3,
12944,196,1112,17,2026-05-27,present,0,3,
12945,196,1113,17,2026-05-29,present,0,3,
12946,196,1114,17,2026-06-01,absent_unexcused,0,3,Sababsiz
12947,196,1115,17,2026-06-03,present,0,3,
12948,196,1116,17,2026-06-05,present,0,3,
12949,196,1117,17,2026-06-08,late,6,3,
12950,196,1118,17,2026-06-10,present,0,3,
12951,196,1119,17,2026-06-12,present,0,3,
12952,196,1120,17,2026-06-15,present,0,3,
12953,196,1121,17,2026-06-17,present,0,3,
12954,196,1122,17,2026-06-19,present,0,3,
12955,196,1123,17,2026-06-22,present,0,3,
12956,196,1124,17,2026-06-24,present,0,3,
12957,196,1125,17,2026-06-26,present,0,3,
12958,196,1126,17,2026-06-29,present,0,3,
12959,196,1127,17,2026-07-01,present,0,3,
12960,196,1128,17,2026-07-03,present,0,3,
12961,196,1129,17,2026-07-06,present,0,3,
12962,196,1130,17,2026-07-08,present,0,3,
12963,196,1131,17,2026-07-10,present,0,3,
12964,196,1132,17,2026-07-13,late,22,3,
12965,196,1133,17,2026-07-15,present,0,3,
12966,196,1134,17,2026-07-17,present,0,3,
12967,196,1135,17,2026-07-20,present,0,3,
12968,196,1136,17,2026-07-22,present,0,3,
12969,196,1137,17,2026-07-24,present,0,3,
12970,196,1138,17,2026-07-27,absent_excused,0,3,Ota-ona xabar berdi
12971,196,1139,17,2026-07-29,present,0,3,
12972,196,1140,17,2026-07-31,present,0,3,
12973,197,1065,17,2026-02-02,present,0,3,
12974,197,1066,17,2026-02-04,present,0,3,
12975,197,1067,17,2026-02-06,present,0,3,
12976,197,1068,17,2026-02-09,present,0,3,
12977,197,1069,17,2026-02-11,present,0,3,
12978,197,1070,17,2026-02-13,present,0,3,
12979,197,1071,17,2026-02-16,present,0,3,
12980,197,1072,17,2026-02-18,absent_unexcused,0,3,Sababsiz
12981,197,1073,17,2026-02-20,present,0,3,
12982,197,1074,17,2026-02-23,present,0,3,
12983,197,1075,17,2026-02-25,present,0,3,
12984,197,1076,17,2026-02-27,present,0,3,
12985,197,1077,17,2026-03-02,present,0,3,
12986,197,1078,17,2026-03-04,present,0,3,
12987,197,1079,17,2026-03-06,present,0,3,
12988,197,1080,17,2026-03-09,present,0,3,
12989,197,1081,17,2026-03-11,present,0,3,
12990,197,1082,17,2026-03-13,absent_excused,0,3,Ota-ona xabar berdi
12991,197,1083,17,2026-03-16,present,0,3,
12992,197,1084,17,2026-03-18,late,16,3,
12993,197,1085,17,2026-03-25,present,0,3,
12994,197,1086,17,2026-03-27,present,0,3,
12995,197,1087,17,2026-03-30,present,0,3,
12996,197,1088,17,2026-04-01,present,0,3,
12997,197,1089,17,2026-04-03,present,0,3,
12998,197,1090,17,2026-04-06,present,0,3,
12999,197,1091,17,2026-04-08,present,0,3,
13000,197,1092,17,2026-04-10,present,0,3,
13001,197,1093,17,2026-04-13,present,0,3,
13002,197,1094,17,2026-04-15,present,0,3,
13003,197,1095,17,2026-04-17,present,0,3,
13004,197,1096,17,2026-04-20,present,0,3,
13005,197,1097,17,2026-04-22,absent_excused,0,3,Ota-ona xabar berdi
13006,197,1098,17,2026-04-24,present,0,3,
13007,197,1099,17,2026-04-27,present,0,3,
13008,197,1100,17,2026-04-29,present,0,3,
13009,197,1101,17,2026-05-01,late,25,3,
13010,197,1102,17,2026-05-04,present,0,3,
13011,197,1103,17,2026-05-06,present,0,3,
13012,197,1104,17,2026-05-08,present,0,3,
13013,197,1105,17,2026-05-11,present,0,3,
13014,197,1106,17,2026-05-13,present,0,3,
13015,197,1107,17,2026-05-15,present,0,3,
13016,197,1108,17,2026-05-18,present,0,3,
13017,197,1109,17,2026-05-20,present,0,3,
13018,197,1110,17,2026-05-22,absent_unexcused,0,3,Sababsiz
13019,197,1111,17,2026-05-25,present,0,3,
13020,197,1112,17,2026-05-27,present,0,3,
13021,197,1113,17,2026-05-29,present,0,3,
13022,197,1114,17,2026-06-01,present,0,3,
13023,197,1115,17,2026-06-03,present,0,3,
13024,197,1116,17,2026-06-05,present,0,3,
13025,197,1117,17,2026-06-08,present,0,3,
13026,197,1118,17,2026-06-10,present,0,3,
13027,197,1119,17,2026-06-12,present,0,3,
13028,197,1120,17,2026-06-15,present,0,3,
13029,197,1121,17,2026-06-17,present,0,3,
13030,197,1122,17,2026-06-19,present,0,3,
13031,197,1123,17,2026-06-22,present,0,3,
13032,197,1124,17,2026-06-24,present,0,3,
13033,197,1125,17,2026-06-26,absent_unexcused,0,3,Sababsiz
13034,197,1126,17,2026-06-29,late,8,3,
13035,197,1127,17,2026-07-01,present,0,3,
13036,197,1128,17,2026-07-03,present,0,3,
13037,197,1129,17,2026-07-06,present,0,3,
13038,197,1130,17,2026-07-08,present,0,3,
13039,197,1131,17,2026-07-10,present,0,3,
13040,197,1132,17,2026-07-13,present,0,3,
13041,197,1133,17,2026-07-15,present,0,3,
13042,197,1134,17,2026-07-17,late,17,3,
13043,197,1135,17,2026-07-20,present,0,3,
13044,197,1136,17,2026-07-22,present,0,3,
13045,197,1137,17,2026-07-24,absent_excused,0,3,Ota-ona xabar berdi
13046,197,1138,17,2026-07-27,present,0,3,
13047,197,1139,17,2026-07-29,present,0,3,
13048,197,1140,17,2026-07-31,present,0,3,
13049,198,1065,17,2026-02-02,present,0,3,
13050,198,1066,17,2026-02-04,present,0,3,
13051,198,1067,17,2026-02-06,present,0,3,
13052,198,1068,17,2026-02-09,present,0,3,
13053,198,1069,17,2026-02-11,present,0,3,
13054,198,1070,17,2026-02-13,late,25,3,
13055,198,1071,17,2026-02-16,present,0,3,
13056,198,1072,17,2026-02-18,present,0,3,
13057,198,1073,17,2026-02-20,present,0,3,
13058,198,1074,17,2026-02-23,late,11,3,
13059,198,1075,17,2026-02-25,present,0,3,
13060,198,1076,17,2026-02-27,present,0,3,
13061,198,1077,17,2026-03-02,present,0,3,
13062,198,1078,17,2026-03-04,absent_unexcused,0,3,Sababsiz
13063,198,1079,17,2026-03-06,present,0,3,
13064,198,1080,17,2026-03-09,present,0,3,
13065,198,1081,17,2026-03-11,present,0,3,
13066,198,1082,17,2026-03-13,present,0,3,
13067,198,1083,17,2026-03-16,present,0,3,
13068,198,1084,17,2026-03-18,absent_unexcused,0,3,Sababsiz
13069,198,1085,17,2026-03-25,present,0,3,
13070,198,1086,17,2026-03-27,present,0,3,
13071,198,1087,17,2026-03-30,present,0,3,
13072,198,1088,17,2026-04-01,absent_unexcused,0,3,Sababsiz
13073,198,1089,17,2026-04-03,absent_excused,0,3,Ota-ona xabar berdi
13074,198,1090,17,2026-04-06,absent_unexcused,0,3,Sababsiz
13075,198,1091,17,2026-04-08,absent_unexcused,0,3,Sababsiz
13076,198,1092,17,2026-04-10,present,0,3,
13077,198,1093,17,2026-04-13,present,0,3,
13078,198,1094,17,2026-04-15,absent_excused,0,3,Ota-ona xabar berdi
13079,198,1095,17,2026-04-17,present,0,3,
13080,198,1096,17,2026-04-20,absent_unexcused,0,3,Sababsiz
13081,198,1097,17,2026-04-22,present,0,3,
13082,198,1098,17,2026-04-24,present,0,3,
13083,198,1099,17,2026-04-27,present,0,3,
13084,198,1100,17,2026-04-29,present,0,3,
13085,198,1101,17,2026-05-01,present,0,3,
13086,198,1102,17,2026-05-04,present,0,3,
13087,198,1103,17,2026-05-06,present,0,3,
13088,198,1104,17,2026-05-08,late,7,3,
13089,198,1105,17,2026-05-11,present,0,3,
13090,198,1106,17,2026-05-13,present,0,3,
13091,198,1107,17,2026-05-15,present,0,3,
13092,198,1108,17,2026-05-18,present,0,3,
13093,198,1109,17,2026-05-20,present,0,3,
13094,198,1110,17,2026-05-22,present,0,3,
13095,198,1111,17,2026-05-25,present,0,3,
13096,198,1112,17,2026-05-27,present,0,3,
13097,198,1113,17,2026-05-29,present,0,3,
13098,198,1114,17,2026-06-01,late,9,3,
13099,198,1115,17,2026-06-03,present,0,3,
13100,198,1116,17,2026-06-05,present,0,3,
13101,198,1117,17,2026-06-08,present,0,3,
13102,198,1118,17,2026-06-10,absent_unexcused,0,3,Sababsiz
13103,198,1119,17,2026-06-12,present,0,3,
13104,198,1120,17,2026-06-15,present,0,3,
13105,198,1121,17,2026-06-17,present,0,3,
13106,198,1122,17,2026-06-19,present,0,3,
13107,198,1123,17,2026-06-22,present,0,3,
13108,198,1124,17,2026-06-24,absent_excused,0,3,Ota-ona xabar berdi
13109,198,1125,17,2026-06-26,present,0,3,
13110,198,1126,17,2026-06-29,present,0,3,
13111,198,1127,17,2026-07-01,present,0,3,
13112,198,1128,17,2026-07-03,present,0,3,
13113,198,1129,17,2026-07-06,present,0,3,
13114,198,1130,17,2026-07-08,present,0,3,
13115,198,1131,17,2026-07-10,present,0,3,
13116,198,1132,17,2026-07-13,late,15,3,
13117,198,1133,17,2026-07-15,late,7,3,
13118,198,1134,17,2026-07-17,present,0,3,
13119,198,1135,17,2026-07-20,present,0,3,
13120,198,1136,17,2026-07-22,late,20,3,
13121,198,1137,17,2026-07-24,present,0,3,
13122,198,1138,17,2026-07-27,present,0,3,
13123,198,1139,17,2026-07-29,absent_unexcused,0,3,Sababsiz
13124,198,1140,17,2026-07-31,present,0,3,
13125,199,1065,17,2026-02-02,absent_excused,0,3,Ota-ona xabar berdi
13126,199,1066,17,2026-02-04,late,9,3,
13127,199,1067,17,2026-02-06,present,0,3,
13128,199,1068,17,2026-02-09,present,0,3,
13129,199,1069,17,2026-02-11,present,0,3,
13130,199,1070,17,2026-02-13,present,0,3,
13131,199,1071,17,2026-02-16,present,0,3,
13132,199,1072,17,2026-02-18,present,0,3,
13133,199,1073,17,2026-02-20,late,9,3,
13134,199,1074,17,2026-02-23,absent_excused,0,3,Ota-ona xabar berdi
13135,199,1075,17,2026-02-25,present,0,3,
13136,199,1076,17,2026-02-27,present,0,3,
13137,199,1077,17,2026-03-02,present,0,3,
13138,199,1078,17,2026-03-04,present,0,3,
13139,199,1079,17,2026-03-06,late,16,3,
13140,199,1080,17,2026-03-09,present,0,3,
13141,199,1081,17,2026-03-11,present,0,3,
13142,199,1082,17,2026-03-13,present,0,3,
13143,199,1083,17,2026-03-16,absent_unexcused,0,3,Sababsiz
13144,199,1084,17,2026-03-18,present,0,3,
13145,199,1085,17,2026-03-25,present,0,3,
13146,199,1086,17,2026-03-27,present,0,3,
13147,199,1087,17,2026-03-30,present,0,3,
13148,199,1088,17,2026-04-01,late,23,3,
13149,199,1089,17,2026-04-03,present,0,3,
13150,199,1090,17,2026-04-06,present,0,3,
13151,199,1091,17,2026-04-08,present,0,3,
13152,199,1092,17,2026-04-10,present,0,3,
13153,199,1093,17,2026-04-13,late,11,3,
13154,199,1094,17,2026-04-15,present,0,3,
13155,199,1095,17,2026-04-17,absent_unexcused,0,3,Sababsiz
13156,199,1096,17,2026-04-20,present,0,3,
13157,199,1097,17,2026-04-22,present,0,3,
13158,199,1098,17,2026-04-24,present,0,3,
13159,199,1099,17,2026-04-27,absent_excused,0,3,Ota-ona xabar berdi
13160,199,1100,17,2026-04-29,present,0,3,
13161,199,1101,17,2026-05-01,present,0,3,
13162,199,1102,17,2026-05-04,present,0,3,
13163,199,1103,17,2026-05-06,present,0,3,
13164,199,1104,17,2026-05-08,late,7,3,
13165,199,1105,17,2026-05-11,present,0,3,
13166,199,1106,17,2026-05-13,present,0,3,
13167,199,1107,17,2026-05-15,present,0,3,
13168,199,1108,17,2026-05-18,late,12,3,
13169,199,1109,17,2026-05-20,present,0,3,
13170,199,1110,17,2026-05-22,present,0,3,
13171,199,1111,17,2026-05-25,absent_unexcused,0,3,Sababsiz
13172,199,1112,17,2026-05-27,present,0,3,
13173,199,1113,17,2026-05-29,present,0,3,
13174,199,1114,17,2026-06-01,present,0,3,
13175,199,1115,17,2026-06-03,present,0,3,
13176,199,1116,17,2026-06-05,absent_unexcused,0,3,Sababsiz
13177,199,1117,17,2026-06-08,present,0,3,
13178,199,1118,17,2026-06-10,absent_excused,0,3,Ota-ona xabar berdi
13179,199,1119,17,2026-06-12,present,0,3,
13180,199,1120,17,2026-06-15,present,0,3,
13181,199,1121,17,2026-06-17,present,0,3,
13182,199,1122,17,2026-06-19,present,0,3,
13183,199,1123,17,2026-06-22,present,0,3,
13184,199,1124,17,2026-06-24,present,0,3,
13185,199,1125,17,2026-06-26,present,0,3,
13186,199,1126,17,2026-06-29,present,0,3,
13187,199,1127,17,2026-07-01,present,0,3,
13188,199,1128,17,2026-07-03,present,0,3,
13189,199,1129,17,2026-07-06,present,0,3,
13190,199,1130,17,2026-07-08,present,0,3,
13191,199,1131,17,2026-07-10,absent_unexcused,0,3,Sababsiz
13192,199,1132,17,2026-07-13,late,15,3,
13193,199,1133,17,2026-07-15,late,17,3,
13194,199,1134,17,2026-07-17,present,0,3,
13195,199,1135,17,2026-07-20,present,0,3,
13196,199,1136,17,2026-07-22,present,0,3,
13197,199,1137,17,2026-07-24,present,0,3,
13198,199,1138,17,2026-07-27,present,0,3,
13199,199,1139,17,2026-07-29,present,0,3,
13200,199,1140,17,2026-07-31,present,0,3,
13201,200,1141,18,2026-02-10,present,0,5,
13202,200,1142,18,2026-02-12,present,0,5,
13203,200,1143,18,2026-02-14,present,0,5,
13204,200,1144,18,2026-02-17,present,0,5,
13205,200,1145,18,2026-02-19,present,0,5,
13206,200,1146,18,2026-02-21,present,0,5,
13207,200,1147,18,2026-02-24,present,0,5,
13208,200,1148,18,2026-02-26,present,0,5,
13209,200,1149,18,2026-02-28,late,10,5,
13210,200,1150,18,2026-03-03,present,0,5,
13211,200,1151,18,2026-03-05,present,0,5,
13212,200,1152,18,2026-03-07,present,0,5,
13213,200,1153,18,2026-03-10,present,0,5,
13214,200,1154,18,2026-03-12,absent_unexcused,0,5,Sababsiz
13215,200,1155,18,2026-03-14,present,0,5,
13216,200,1156,18,2026-03-17,present,0,5,
13217,200,1157,18,2026-03-19,late,6,5,
13218,200,1158,18,2026-03-24,late,19,5,
13219,200,1159,18,2026-03-26,present,0,5,
13220,200,1160,18,2026-03-28,present,0,5,
13221,200,1161,18,2026-03-31,present,0,5,
13222,200,1162,18,2026-04-02,present,0,5,
13223,200,1163,18,2026-04-04,present,0,5,
13224,200,1164,18,2026-04-07,present,0,5,
13225,200,1165,18,2026-04-09,present,0,5,
13226,200,1166,18,2026-04-11,present,0,5,
13227,200,1167,18,2026-04-14,present,0,5,
13228,200,1168,18,2026-04-16,present,0,5,
13229,200,1169,18,2026-04-18,present,0,5,
13230,200,1170,18,2026-04-21,late,18,5,
13231,200,1171,18,2026-04-23,absent_excused,0,5,Ota-ona xabar berdi
13232,200,1172,18,2026-04-25,present,0,5,
13233,200,1173,18,2026-04-28,present,0,5,
13234,200,1174,18,2026-04-30,present,0,5,
13235,200,1175,18,2026-05-02,present,0,5,
13236,200,1176,18,2026-05-05,present,0,5,
13237,200,1177,18,2026-05-07,absent_excused,0,5,Ota-ona xabar berdi
13238,200,1178,18,2026-05-12,absent_excused,0,5,Ota-ona xabar berdi
13239,200,1179,18,2026-05-14,present,0,5,
13240,200,1180,18,2026-05-16,present,0,5,
13241,200,1181,18,2026-05-19,present,0,5,
13242,200,1182,18,2026-05-21,present,0,5,
13243,200,1183,18,2026-05-23,present,0,5,
13244,200,1184,18,2026-05-26,present,0,5,
13245,200,1185,18,2026-05-28,present,0,5,
13246,200,1186,18,2026-05-30,late,25,5,
13247,200,1187,18,2026-06-02,present,0,5,
13248,200,1188,18,2026-06-04,absent_excused,0,5,Ota-ona xabar berdi
13249,200,1189,18,2026-06-06,absent_unexcused,0,5,Sababsiz
13250,200,1190,18,2026-06-09,present,0,5,
13251,200,1191,18,2026-06-11,present,0,5,
13252,200,1192,18,2026-06-13,present,0,5,
13253,200,1193,18,2026-06-16,present,0,5,
13254,200,1194,18,2026-06-18,present,0,5,
13255,200,1195,18,2026-06-20,present,0,5,
13256,200,1196,18,2026-06-23,late,14,5,
13257,200,1197,18,2026-06-25,present,0,5,
13258,200,1198,18,2026-06-27,present,0,5,
13259,200,1199,18,2026-06-30,present,0,5,
13260,200,1200,18,2026-07-02,present,0,5,
13261,200,1201,18,2026-07-04,present,0,5,
13262,200,1202,18,2026-07-07,absent_unexcused,0,5,Sababsiz
13263,200,1203,18,2026-07-09,absent_unexcused,0,5,Sababsiz
13264,200,1204,18,2026-07-11,present,0,5,
13265,200,1205,18,2026-07-14,present,0,5,
13266,200,1206,18,2026-07-16,present,0,5,
13267,200,1207,18,2026-07-18,present,0,5,
13268,200,1208,18,2026-07-21,present,0,5,
13269,200,1209,18,2026-07-23,absent_unexcused,0,5,Sababsiz
13270,200,1210,18,2026-07-25,present,0,5,
13271,200,1211,18,2026-07-28,present,0,5,
13272,200,1212,18,2026-07-30,late,11,5,
13273,201,1141,18,2026-02-10,present,0,5,
13274,201,1142,18,2026-02-12,present,0,5,
13275,201,1143,18,2026-02-14,present,0,5,
13276,201,1144,18,2026-02-17,present,0,5,
13277,201,1145,18,2026-02-19,present,0,5,
13278,201,1146,18,2026-02-21,present,0,5,
13279,201,1147,18,2026-02-24,present,0,5,
13280,201,1148,18,2026-02-26,present,0,5,
13281,201,1149,18,2026-02-28,present,0,5,
13282,201,1150,18,2026-03-03,present,0,5,
13283,201,1151,18,2026-03-05,present,0,5,
13284,201,1152,18,2026-03-07,present,0,5,
13285,201,1153,18,2026-03-10,late,10,5,
13286,201,1154,18,2026-03-12,present,0,5,
13287,201,1155,18,2026-03-14,present,0,5,
13288,201,1156,18,2026-03-17,absent_unexcused,0,5,Sababsiz
13289,201,1157,18,2026-03-19,present,0,5,
13290,201,1158,18,2026-03-24,present,0,5,
13291,201,1159,18,2026-03-26,present,0,5,
13292,201,1160,18,2026-03-28,present,0,5,
13293,201,1161,18,2026-03-31,present,0,5,
13294,201,1162,18,2026-04-02,present,0,5,
13295,201,1163,18,2026-04-04,absent_unexcused,0,5,Sababsiz
13296,201,1164,18,2026-04-07,present,0,5,
13297,201,1165,18,2026-04-09,present,0,5,
13298,201,1166,18,2026-04-11,present,0,5,
13299,201,1167,18,2026-04-14,present,0,5,
13300,201,1168,18,2026-04-16,present,0,5,
13301,201,1169,18,2026-04-18,present,0,5,
13302,201,1170,18,2026-04-21,present,0,5,
13303,201,1171,18,2026-04-23,present,0,5,
13304,201,1172,18,2026-04-25,present,0,5,
13305,201,1173,18,2026-04-28,present,0,5,
13306,201,1174,18,2026-04-30,present,0,5,
13307,201,1175,18,2026-05-02,present,0,5,
13308,201,1176,18,2026-05-05,present,0,5,
13309,201,1177,18,2026-05-07,present,0,5,
13310,201,1178,18,2026-05-12,present,0,5,
13311,201,1179,18,2026-05-14,present,0,5,
13312,201,1180,18,2026-05-16,present,0,5,
13313,201,1181,18,2026-05-19,present,0,5,
13314,201,1182,18,2026-05-21,present,0,5,
13315,201,1183,18,2026-05-23,present,0,5,
13316,201,1184,18,2026-05-26,late,8,5,
13317,201,1185,18,2026-05-28,present,0,5,
13318,201,1186,18,2026-05-30,present,0,5,
13319,201,1187,18,2026-06-02,present,0,5,
13320,201,1188,18,2026-06-04,present,0,5,
13321,201,1189,18,2026-06-06,present,0,5,
13322,201,1190,18,2026-06-09,present,0,5,
13323,201,1191,18,2026-06-11,present,0,5,
13324,201,1192,18,2026-06-13,present,0,5,
13325,201,1193,18,2026-06-16,present,0,5,
13326,201,1194,18,2026-06-18,present,0,5,
13327,201,1195,18,2026-06-20,present,0,5,
13328,201,1196,18,2026-06-23,present,0,5,
13329,201,1197,18,2026-06-25,present,0,5,
13330,201,1198,18,2026-06-27,present,0,5,
13331,201,1199,18,2026-06-30,late,13,5,
13332,201,1200,18,2026-07-02,present,0,5,
13333,201,1201,18,2026-07-04,present,0,5,
13334,201,1202,18,2026-07-07,present,0,5,
13335,201,1203,18,2026-07-09,present,0,5,
13336,201,1204,18,2026-07-11,present,0,5,
13337,201,1205,18,2026-07-14,present,0,5,
13338,201,1206,18,2026-07-16,absent_unexcused,0,5,Sababsiz
13339,201,1207,18,2026-07-18,present,0,5,
13340,201,1208,18,2026-07-21,present,0,5,
13341,201,1209,18,2026-07-23,present,0,5,
13342,201,1210,18,2026-07-25,present,0,5,
13343,201,1211,18,2026-07-28,present,0,5,
13344,201,1212,18,2026-07-30,present,0,5,
13345,202,1141,18,2026-02-10,present,0,5,
13346,202,1142,18,2026-02-12,absent_unexcused,0,5,Sababsiz
13347,202,1143,18,2026-02-14,present,0,5,
13348,202,1144,18,2026-02-17,present,0,5,
13349,202,1145,18,2026-02-19,late,7,5,
13350,202,1146,18,2026-02-21,absent_excused,0,5,Ota-ona xabar berdi
13351,202,1147,18,2026-02-24,present,0,5,
13352,202,1148,18,2026-02-26,present,0,5,
13353,202,1149,18,2026-02-28,present,0,5,
13354,202,1150,18,2026-03-03,present,0,5,
13355,202,1151,18,2026-03-05,present,0,5,
13356,202,1152,18,2026-03-07,present,0,5,
13357,202,1153,18,2026-03-10,present,0,5,
13358,202,1154,18,2026-03-12,present,0,5,
13359,202,1155,18,2026-03-14,present,0,5,
13360,202,1156,18,2026-03-17,present,0,5,
13361,202,1157,18,2026-03-19,present,0,5,
13362,202,1158,18,2026-03-24,present,0,5,
13363,202,1159,18,2026-03-26,absent_excused,0,5,Ota-ona xabar berdi
13364,202,1160,18,2026-03-28,present,0,5,
13365,202,1161,18,2026-03-31,present,0,5,
13366,202,1162,18,2026-04-02,present,0,5,
13367,202,1163,18,2026-04-04,present,0,5,
13368,202,1164,18,2026-04-07,present,0,5,
13369,202,1165,18,2026-04-09,present,0,5,
13370,202,1166,18,2026-04-11,present,0,5,
13371,202,1167,18,2026-04-14,present,0,5,
13372,202,1168,18,2026-04-16,present,0,5,
13373,202,1169,18,2026-04-18,present,0,5,
13374,202,1170,18,2026-04-21,present,0,5,
13375,202,1171,18,2026-04-23,present,0,5,
13376,202,1172,18,2026-04-25,present,0,5,
13377,202,1173,18,2026-04-28,present,0,5,
13378,202,1174,18,2026-04-30,present,0,5,
13379,202,1175,18,2026-05-02,present,0,5,
13380,202,1176,18,2026-05-05,present,0,5,
13381,202,1177,18,2026-05-07,present,0,5,
13382,202,1178,18,2026-05-12,late,6,5,
13383,202,1179,18,2026-05-14,present,0,5,
13384,202,1180,18,2026-05-16,present,0,5,
13385,202,1181,18,2026-05-19,absent_unexcused,0,5,Sababsiz
13386,202,1182,18,2026-05-21,absent_excused,0,5,Ota-ona xabar berdi
13387,202,1183,18,2026-05-23,present,0,5,
13388,202,1184,18,2026-05-26,late,15,5,
13389,202,1185,18,2026-05-28,present,0,5,
13390,202,1186,18,2026-05-30,present,0,5,
13391,202,1187,18,2026-06-02,present,0,5,
13392,202,1188,18,2026-06-04,present,0,5,
13393,202,1189,18,2026-06-06,present,0,5,
13394,202,1190,18,2026-06-09,present,0,5,
13395,202,1191,18,2026-06-11,present,0,5,
13396,202,1192,18,2026-06-13,present,0,5,
13397,202,1193,18,2026-06-16,present,0,5,
13398,202,1194,18,2026-06-18,late,7,5,
13399,202,1195,18,2026-06-20,present,0,5,
13400,202,1196,18,2026-06-23,present,0,5,
13401,202,1197,18,2026-06-25,present,0,5,
13402,202,1198,18,2026-06-27,present,0,5,
13403,202,1199,18,2026-06-30,present,0,5,
13404,202,1200,18,2026-07-02,present,0,5,
13405,202,1201,18,2026-07-04,present,0,5,
13406,202,1202,18,2026-07-07,present,0,5,
13407,202,1203,18,2026-07-09,present,0,5,
13408,202,1204,18,2026-07-11,present,0,5,
13409,202,1205,18,2026-07-14,present,0,5,
13410,202,1206,18,2026-07-16,present,0,5,
13411,202,1207,18,2026-07-18,present,0,5,
13412,202,1208,18,2026-07-21,present,0,5,
13413,202,1209,18,2026-07-23,present,0,5,
13414,202,1210,18,2026-07-25,present,0,5,
13415,202,1211,18,2026-07-28,present,0,5,
13416,202,1212,18,2026-07-30,present,0,5,
13417,203,1141,18,2026-02-10,present,0,5,
13418,203,1142,18,2026-02-12,present,0,5,
13419,203,1143,18,2026-02-14,present,0,5,
13420,203,1144,18,2026-02-17,present,0,5,
13421,203,1145,18,2026-02-19,present,0,5,
13422,203,1146,18,2026-02-21,late,14,5,
13423,203,1147,18,2026-02-24,present,0,5,
13424,203,1148,18,2026-02-26,present,0,5,
13425,203,1149,18,2026-02-28,late,21,5,
13426,203,1150,18,2026-03-03,present,0,5,
13427,203,1151,18,2026-03-05,present,0,5,
13428,203,1152,18,2026-03-07,present,0,5,
13429,203,1153,18,2026-03-10,present,0,5,
13430,203,1154,18,2026-03-12,present,0,5,
13431,203,1155,18,2026-03-14,absent_unexcused,0,5,Sababsiz
13432,203,1156,18,2026-03-17,present,0,5,
13433,203,1157,18,2026-03-19,present,0,5,
13434,203,1158,18,2026-03-24,absent_excused,0,5,Ota-ona xabar berdi
13435,203,1159,18,2026-03-26,absent_unexcused,0,5,Sababsiz
13436,203,1160,18,2026-03-28,present,0,5,
13437,203,1161,18,2026-03-31,present,0,5,
13438,203,1162,18,2026-04-02,present,0,5,
13439,203,1163,18,2026-04-04,present,0,5,
13440,203,1164,18,2026-04-07,present,0,5,
13441,203,1165,18,2026-04-09,present,0,5,
13442,203,1166,18,2026-04-11,present,0,5,
13443,203,1167,18,2026-04-14,present,0,5,
13444,203,1168,18,2026-04-16,present,0,5,
13445,203,1169,18,2026-04-18,present,0,5,
13446,203,1170,18,2026-04-21,late,25,5,
13447,203,1171,18,2026-04-23,present,0,5,
13448,203,1172,18,2026-04-25,absent_excused,0,5,Ota-ona xabar berdi
13449,203,1173,18,2026-04-28,present,0,5,
13450,203,1174,18,2026-04-30,late,18,5,
13451,203,1175,18,2026-05-02,present,0,5,
13452,203,1176,18,2026-05-05,present,0,5,
13453,203,1177,18,2026-05-07,present,0,5,
13454,203,1178,18,2026-05-12,present,0,5,
13455,203,1179,18,2026-05-14,late,13,5,
13456,203,1180,18,2026-05-16,present,0,5,
13457,203,1181,18,2026-05-19,late,13,5,
13458,203,1182,18,2026-05-21,present,0,5,
13459,203,1183,18,2026-05-23,present,0,5,
13460,203,1184,18,2026-05-26,present,0,5,
13461,203,1185,18,2026-05-28,present,0,5,
13462,203,1186,18,2026-05-30,present,0,5,
13463,203,1187,18,2026-06-02,absent_unexcused,0,5,Sababsiz
13464,203,1188,18,2026-06-04,present,0,5,
13465,203,1189,18,2026-06-06,present,0,5,
13466,203,1190,18,2026-06-09,present,0,5,
13467,203,1191,18,2026-06-11,present,0,5,
13468,203,1192,18,2026-06-13,present,0,5,
13469,203,1193,18,2026-06-16,present,0,5,
13470,203,1194,18,2026-06-18,present,0,5,
13471,203,1195,18,2026-06-20,present,0,5,
13472,203,1196,18,2026-06-23,present,0,5,
13473,203,1197,18,2026-06-25,present,0,5,
13474,203,1198,18,2026-06-27,present,0,5,
13475,203,1199,18,2026-06-30,present,0,5,
13476,203,1200,18,2026-07-02,absent_unexcused,0,5,Sababsiz
13477,203,1201,18,2026-07-04,present,0,5,
13478,203,1202,18,2026-07-07,present,0,5,
13479,203,1203,18,2026-07-09,late,17,5,
13480,203,1204,18,2026-07-11,present,0,5,
13481,203,1205,18,2026-07-14,late,6,5,
13482,203,1206,18,2026-07-16,present,0,5,
13483,203,1207,18,2026-07-18,absent_unexcused,0,5,Sababsiz
13484,203,1208,18,2026-07-21,absent_excused,0,5,Ota-ona xabar berdi
13485,203,1209,18,2026-07-23,present,0,5,
13486,203,1210,18,2026-07-25,present,0,5,
13487,203,1211,18,2026-07-28,present,0,5,
13488,203,1212,18,2026-07-30,present,0,5,
13489,204,1141,18,2026-02-10,present,0,5,
13490,204,1142,18,2026-02-12,present,0,5,
13491,204,1143,18,2026-02-14,absent_excused,0,5,Ota-ona xabar berdi
13492,204,1144,18,2026-02-17,present,0,5,
13493,204,1145,18,2026-02-19,present,0,5,
13494,204,1146,18,2026-02-21,present,0,5,
13495,204,1147,18,2026-02-24,present,0,5,
13496,204,1148,18,2026-02-26,present,0,5,
13497,204,1149,18,2026-02-28,present,0,5,
13498,204,1150,18,2026-03-03,present,0,5,
13499,204,1151,18,2026-03-05,present,0,5,
13500,204,1152,18,2026-03-07,present,0,5,
13501,204,1153,18,2026-03-10,absent_excused,0,5,Ota-ona xabar berdi
13502,204,1154,18,2026-03-12,present,0,5,
13503,204,1155,18,2026-03-14,present,0,5,
13504,204,1156,18,2026-03-17,present,0,5,
13505,204,1157,18,2026-03-19,absent_unexcused,0,5,Sababsiz
13506,204,1158,18,2026-03-24,present,0,5,
13507,204,1159,18,2026-03-26,present,0,5,
13508,204,1160,18,2026-03-28,late,20,5,
13509,204,1161,18,2026-03-31,present,0,5,
13510,204,1162,18,2026-04-02,late,23,5,
13511,204,1163,18,2026-04-04,present,0,5,
13512,204,1164,18,2026-04-07,present,0,5,
13513,204,1165,18,2026-04-09,present,0,5,
13514,204,1166,18,2026-04-11,present,0,5,
13515,204,1167,18,2026-04-14,present,0,5,
13516,204,1168,18,2026-04-16,late,17,5,
13517,204,1169,18,2026-04-18,present,0,5,
13518,204,1170,18,2026-04-21,present,0,5,
13519,204,1171,18,2026-04-23,present,0,5,
13520,204,1172,18,2026-04-25,present,0,5,
13521,204,1173,18,2026-04-28,present,0,5,
13522,204,1174,18,2026-04-30,absent_excused,0,5,Ota-ona xabar berdi
13523,204,1175,18,2026-05-02,present,0,5,
13524,204,1176,18,2026-05-05,present,0,5,
13525,204,1177,18,2026-05-07,present,0,5,
13526,204,1178,18,2026-05-12,present,0,5,
13527,204,1179,18,2026-05-14,late,24,5,
13528,204,1180,18,2026-05-16,present,0,5,
13529,204,1181,18,2026-05-19,late,7,5,
13530,204,1182,18,2026-05-21,present,0,5,
13531,204,1183,18,2026-05-23,present,0,5,
13532,204,1184,18,2026-05-26,present,0,5,
13533,204,1185,18,2026-05-28,present,0,5,
13534,204,1186,18,2026-05-30,absent_unexcused,0,5,Sababsiz
13535,204,1187,18,2026-06-02,present,0,5,
13536,204,1188,18,2026-06-04,present,0,5,
13537,204,1189,18,2026-06-06,present,0,5,
13538,204,1190,18,2026-06-09,present,0,5,
13539,204,1191,18,2026-06-11,present,0,5,
13540,204,1192,18,2026-06-13,present,0,5,
13541,204,1193,18,2026-06-16,present,0,5,
13542,204,1194,18,2026-06-18,present,0,5,
13543,204,1195,18,2026-06-20,present,0,5,
13544,204,1196,18,2026-06-23,absent_excused,0,5,Ota-ona xabar berdi
13545,204,1197,18,2026-06-25,present,0,5,
13546,204,1198,18,2026-06-27,present,0,5,
13547,204,1199,18,2026-06-30,present,0,5,
13548,204,1200,18,2026-07-02,present,0,5,
13549,204,1201,18,2026-07-04,present,0,5,
13550,204,1202,18,2026-07-07,late,25,5,
13551,204,1203,18,2026-07-09,present,0,5,
13552,204,1204,18,2026-07-11,present,0,5,
13553,204,1205,18,2026-07-14,present,0,5,
13554,204,1206,18,2026-07-16,absent_unexcused,0,5,Sababsiz
13555,204,1207,18,2026-07-18,absent_unexcused,0,5,Sababsiz
13556,204,1208,18,2026-07-21,present,0,5,
13557,204,1209,18,2026-07-23,present,0,5,
13558,204,1210,18,2026-07-25,present,0,5,
13559,204,1211,18,2026-07-28,absent_unexcused,0,5,Sababsiz
13560,204,1212,18,2026-07-30,present,0,5,
13561,205,1141,18,2026-02-10,present,0,5,
13562,205,1142,18,2026-02-12,present,0,5,
13563,205,1143,18,2026-02-14,present,0,5,
13564,205,1144,18,2026-02-17,present,0,5,
13565,205,1145,18,2026-02-19,absent_excused,0,5,Ota-ona xabar berdi
13566,205,1146,18,2026-02-21,present,0,5,
13567,205,1147,18,2026-02-24,present,0,5,
13568,205,1148,18,2026-02-26,present,0,5,
13569,205,1149,18,2026-02-28,present,0,5,
13570,205,1150,18,2026-03-03,present,0,5,
13571,205,1151,18,2026-03-05,absent_excused,0,5,Ota-ona xabar berdi
13572,205,1152,18,2026-03-07,present,0,5,
13573,205,1153,18,2026-03-10,present,0,5,
13574,205,1154,18,2026-03-12,present,0,5,
13575,205,1155,18,2026-03-14,late,17,5,
13576,205,1156,18,2026-03-17,present,0,5,
13577,205,1157,18,2026-03-19,present,0,5,
13578,205,1158,18,2026-03-24,present,0,5,
13579,205,1159,18,2026-03-26,present,0,5,
13580,205,1160,18,2026-03-28,present,0,5,
13581,205,1161,18,2026-03-31,present,0,5,
13582,205,1162,18,2026-04-02,present,0,5,
13583,205,1163,18,2026-04-04,present,0,5,
13584,205,1164,18,2026-04-07,present,0,5,
13585,205,1165,18,2026-04-09,present,0,5,
13586,205,1166,18,2026-04-11,present,0,5,
13587,205,1167,18,2026-04-14,present,0,5,
13588,205,1168,18,2026-04-16,present,0,5,
13589,205,1169,18,2026-04-18,present,0,5,
13590,205,1170,18,2026-04-21,present,0,5,
13591,205,1171,18,2026-04-23,present,0,5,
13592,205,1172,18,2026-04-25,present,0,5,
13593,205,1173,18,2026-04-28,present,0,5,
13594,205,1174,18,2026-04-30,present,0,5,
13595,205,1175,18,2026-05-02,present,0,5,
13596,205,1176,18,2026-05-05,present,0,5,
13597,205,1177,18,2026-05-07,present,0,5,
13598,205,1178,18,2026-05-12,present,0,5,
13599,205,1179,18,2026-05-14,late,6,5,
13600,205,1180,18,2026-05-16,present,0,5,
13601,205,1181,18,2026-05-19,present,0,5,
13602,205,1182,18,2026-05-21,present,0,5,
13603,205,1183,18,2026-05-23,present,0,5,
13604,205,1184,18,2026-05-26,present,0,5,
13605,205,1185,18,2026-05-28,present,0,5,
13606,205,1186,18,2026-05-30,absent_unexcused,0,5,Sababsiz
13607,205,1187,18,2026-06-02,present,0,5,
13608,205,1188,18,2026-06-04,present,0,5,
13609,205,1189,18,2026-06-06,present,0,5,
13610,205,1190,18,2026-06-09,present,0,5,
13611,205,1191,18,2026-06-11,absent_unexcused,0,5,Sababsiz
13612,205,1192,18,2026-06-13,present,0,5,
13613,205,1193,18,2026-06-16,present,0,5,
13614,205,1194,18,2026-06-18,present,0,5,
13615,205,1195,18,2026-06-20,present,0,5,
13616,205,1196,18,2026-06-23,present,0,5,
13617,205,1197,18,2026-06-25,present,0,5,
13618,205,1198,18,2026-06-27,present,0,5,
13619,205,1199,18,2026-06-30,present,0,5,
13620,205,1200,18,2026-07-02,absent_unexcused,0,5,Sababsiz
13621,205,1201,18,2026-07-04,present,0,5,
13622,205,1202,18,2026-07-07,present,0,5,
13623,205,1203,18,2026-07-09,present,0,5,
13624,205,1204,18,2026-07-11,present,0,5,
13625,205,1205,18,2026-07-14,present,0,5,
13626,205,1206,18,2026-07-16,present,0,5,
13627,205,1207,18,2026-07-18,present,0,5,
13628,205,1208,18,2026-07-21,present,0,5,
13629,205,1209,18,2026-07-23,present,0,5,
13630,205,1210,18,2026-07-25,present,0,5,
13631,205,1211,18,2026-07-28,present,0,5,
13632,205,1212,18,2026-07-30,present,0,5,
13633,206,1141,18,2026-02-10,present,0,5,
13634,206,1142,18,2026-02-12,present,0,5,
13635,206,1143,18,2026-02-14,present,0,5,
13636,206,1144,18,2026-02-17,present,0,5,
13637,206,1145,18,2026-02-19,present,0,5,
13638,206,1146,18,2026-02-21,present,0,5,
13639,206,1147,18,2026-02-24,present,0,5,
13640,206,1148,18,2026-02-26,present,0,5,
13641,206,1149,18,2026-02-28,present,0,5,
13642,206,1150,18,2026-03-03,present,0,5,
13643,206,1151,18,2026-03-05,late,21,5,
13644,206,1152,18,2026-03-07,present,0,5,
13645,206,1153,18,2026-03-10,present,0,5,
13646,206,1154,18,2026-03-12,present,0,5,
13647,206,1155,18,2026-03-14,present,0,5,
13648,206,1156,18,2026-03-17,present,0,5,
13649,206,1157,18,2026-03-19,present,0,5,
13650,206,1158,18,2026-03-24,present,0,5,
13651,206,1159,18,2026-03-26,present,0,5,
13652,206,1160,18,2026-03-28,absent_unexcused,0,5,Sababsiz
13653,206,1161,18,2026-03-31,present,0,5,
13654,206,1162,18,2026-04-02,absent_unexcused,0,5,Sababsiz
13655,206,1163,18,2026-04-04,present,0,5,
13656,206,1164,18,2026-04-07,present,0,5,
13657,206,1165,18,2026-04-09,present,0,5,
13658,206,1166,18,2026-04-11,present,0,5,
13659,206,1167,18,2026-04-14,present,0,5,
13660,206,1168,18,2026-04-16,present,0,5,
13661,206,1169,18,2026-04-18,present,0,5,
13662,206,1170,18,2026-04-21,present,0,5,
13663,206,1171,18,2026-04-23,present,0,5,
13664,206,1172,18,2026-04-25,present,0,5,
13665,206,1173,18,2026-04-28,late,11,5,
13666,206,1174,18,2026-04-30,late,17,5,
13667,206,1175,18,2026-05-02,present,0,5,
13668,206,1176,18,2026-05-05,present,0,5,
13669,206,1177,18,2026-05-07,present,0,5,
13670,206,1178,18,2026-05-12,present,0,5,
13671,206,1179,18,2026-05-14,present,0,5,
13672,206,1180,18,2026-05-16,present,0,5,
13673,206,1181,18,2026-05-19,present,0,5,
13674,206,1182,18,2026-05-21,present,0,5,
13675,206,1183,18,2026-05-23,late,25,5,
13676,206,1184,18,2026-05-26,present,0,5,
13677,206,1185,18,2026-05-28,present,0,5,
13678,206,1186,18,2026-05-30,present,0,5,
13679,206,1187,18,2026-06-02,present,0,5,
13680,206,1188,18,2026-06-04,present,0,5,
13681,206,1189,18,2026-06-06,present,0,5,
13682,206,1190,18,2026-06-09,present,0,5,
13683,206,1191,18,2026-06-11,late,22,5,
13684,206,1192,18,2026-06-13,present,0,5,
13685,206,1193,18,2026-06-16,present,0,5,
13686,206,1194,18,2026-06-18,present,0,5,
13687,206,1195,18,2026-06-20,present,0,5,
13688,206,1196,18,2026-06-23,present,0,5,
13689,206,1197,18,2026-06-25,present,0,5,
13690,206,1198,18,2026-06-27,present,0,5,
13691,206,1199,18,2026-06-30,late,7,5,
13692,206,1200,18,2026-07-02,present,0,5,
13693,206,1201,18,2026-07-04,late,17,5,
13694,206,1202,18,2026-07-07,present,0,5,
13695,206,1203,18,2026-07-09,present,0,5,
13696,206,1204,18,2026-07-11,present,0,5,
13697,206,1205,18,2026-07-14,late,21,5,
13698,206,1206,18,2026-07-16,absent_unexcused,0,5,Sababsiz
13699,206,1207,18,2026-07-18,present,0,5,
13700,206,1208,18,2026-07-21,present,0,5,
13701,206,1209,18,2026-07-23,present,0,5,
13702,206,1210,18,2026-07-25,present,0,5,
13703,206,1211,18,2026-07-28,present,0,5,
13704,206,1212,18,2026-07-30,present,0,5,
13705,207,1141,18,2026-02-10,present,0,5,
13706,207,1142,18,2026-02-12,present,0,5,
13707,207,1143,18,2026-02-14,present,0,5,
13708,207,1144,18,2026-02-17,present,0,5,
13709,207,1145,18,2026-02-19,present,0,5,
13710,207,1146,18,2026-02-21,present,0,5,
13711,207,1147,18,2026-02-24,present,0,5,
13712,207,1148,18,2026-02-26,absent_excused,0,5,Ota-ona xabar berdi
13713,207,1149,18,2026-02-28,present,0,5,
13714,207,1150,18,2026-03-03,present,0,5,
13715,207,1151,18,2026-03-05,absent_excused,0,5,Ota-ona xabar berdi
13716,207,1152,18,2026-03-07,present,0,5,
13717,207,1153,18,2026-03-10,absent_unexcused,0,5,Sababsiz
13718,207,1154,18,2026-03-12,late,16,5,
13719,207,1155,18,2026-03-14,late,5,5,
13720,207,1156,18,2026-03-17,present,0,5,
13721,207,1157,18,2026-03-19,present,0,5,
13722,207,1158,18,2026-03-24,present,0,5,
13723,207,1159,18,2026-03-26,present,0,5,
13724,207,1160,18,2026-03-28,present,0,5,
13725,207,1161,18,2026-03-31,present,0,5,
13726,207,1162,18,2026-04-02,late,15,5,
13727,207,1163,18,2026-04-04,present,0,5,
13728,207,1164,18,2026-04-07,present,0,5,
13729,207,1165,18,2026-04-09,present,0,5,
13730,207,1166,18,2026-04-11,present,0,5,
13731,207,1167,18,2026-04-14,present,0,5,
13732,207,1168,18,2026-04-16,present,0,5,
13733,207,1169,18,2026-04-18,present,0,5,
13734,207,1170,18,2026-04-21,present,0,5,
13735,207,1171,18,2026-04-23,present,0,5,
13736,207,1172,18,2026-04-25,present,0,5,
13737,207,1173,18,2026-04-28,present,0,5,
13738,207,1174,18,2026-04-30,present,0,5,
13739,207,1175,18,2026-05-02,present,0,5,
13740,207,1176,18,2026-05-05,present,0,5,
13741,207,1177,18,2026-05-07,present,0,5,
13742,207,1178,18,2026-05-12,present,0,5,
13743,207,1179,18,2026-05-14,present,0,5,
13744,207,1180,18,2026-05-16,present,0,5,
13745,207,1181,18,2026-05-19,present,0,5,
13746,207,1182,18,2026-05-21,present,0,5,
13747,207,1183,18,2026-05-23,late,22,5,
13748,207,1184,18,2026-05-26,present,0,5,
13749,207,1185,18,2026-05-28,absent_unexcused,0,5,Sababsiz
13750,207,1186,18,2026-05-30,present,0,5,
13751,207,1187,18,2026-06-02,present,0,5,
13752,207,1188,18,2026-06-04,present,0,5,
13753,207,1189,18,2026-06-06,absent_excused,0,5,Ota-ona xabar berdi
13754,207,1190,18,2026-06-09,present,0,5,
13755,207,1191,18,2026-06-11,present,0,5,
13756,207,1192,18,2026-06-13,late,11,5,
13757,207,1193,18,2026-06-16,present,0,5,
13758,207,1194,18,2026-06-18,present,0,5,
13759,207,1195,18,2026-06-20,present,0,5,
13760,207,1196,18,2026-06-23,absent_unexcused,0,5,Sababsiz
13761,207,1197,18,2026-06-25,present,0,5,
13762,207,1198,18,2026-06-27,present,0,5,
13763,207,1199,18,2026-06-30,present,0,5,
13764,207,1200,18,2026-07-02,present,0,5,
13765,207,1201,18,2026-07-04,present,0,5,
13766,207,1202,18,2026-07-07,present,0,5,
13767,207,1203,18,2026-07-09,present,0,5,
13768,207,1204,18,2026-07-11,present,0,5,
13769,207,1205,18,2026-07-14,present,0,5,
13770,207,1206,18,2026-07-16,present,0,5,
13771,207,1207,18,2026-07-18,present,0,5,
13772,207,1208,18,2026-07-21,present,0,5,
13773,207,1209,18,2026-07-23,present,0,5,
13774,207,1210,18,2026-07-25,present,0,5,
13775,207,1211,18,2026-07-28,present,0,5,
13776,207,1212,18,2026-07-30,present,0,5,
13777,208,1213,19,2026-02-03,present,0,7,
13778,208,1214,19,2026-02-05,present,0,7,
13779,208,1215,19,2026-02-07,present,0,7,
13780,208,1216,19,2026-02-10,present,0,7,
13781,208,1217,19,2026-02-12,present,0,7,
13782,208,1218,19,2026-02-14,present,0,7,
13783,208,1219,19,2026-02-17,present,0,7,
13784,208,1220,19,2026-02-19,present,0,7,
13785,208,1221,19,2026-02-21,present,0,7,
13786,208,1222,19,2026-02-24,present,0,7,
13787,208,1223,19,2026-02-26,present,0,7,
13788,208,1224,19,2026-02-28,present,0,7,
13789,208,1225,19,2026-03-03,present,0,7,
13790,208,1226,19,2026-03-05,present,0,7,
13791,208,1227,19,2026-03-07,present,0,7,
13792,208,1228,19,2026-03-10,present,0,7,
13793,208,1229,19,2026-03-12,present,0,7,
13794,208,1230,19,2026-03-14,present,0,7,
13795,208,1231,19,2026-03-17,present,0,7,
13796,208,1232,19,2026-03-19,present,0,7,
13797,208,1233,19,2026-03-24,present,0,7,
13798,208,1234,19,2026-03-26,present,0,7,
13799,208,1235,19,2026-03-28,present,0,7,
13800,208,1236,19,2026-03-31,present,0,7,
13801,208,1237,19,2026-04-02,present,0,7,
13802,208,1238,19,2026-04-04,present,0,7,
13803,208,1239,19,2026-04-07,present,0,7,
13804,208,1240,19,2026-04-09,present,0,7,
13805,208,1241,19,2026-04-11,present,0,7,
13806,208,1242,19,2026-04-14,present,0,7,
13807,208,1243,19,2026-04-16,present,0,7,
13808,208,1244,19,2026-04-18,present,0,7,
13809,208,1245,19,2026-04-21,present,0,7,
13810,208,1246,19,2026-04-23,present,0,7,
13811,208,1247,19,2026-04-25,present,0,7,
13812,208,1248,19,2026-04-28,present,0,7,
13813,208,1249,19,2026-04-30,present,0,7,
13814,208,1250,19,2026-05-02,absent_unexcused,0,7,Sababsiz
13815,208,1251,19,2026-05-05,present,0,7,
13816,208,1252,19,2026-05-07,present,0,7,
13817,208,1253,19,2026-05-12,present,0,7,
13818,208,1254,19,2026-05-14,present,0,7,
13819,208,1255,19,2026-05-16,present,0,7,
13820,208,1256,19,2026-05-19,present,0,7,
13821,208,1257,19,2026-05-21,present,0,7,
13822,208,1258,19,2026-05-23,present,0,7,
13823,208,1259,19,2026-05-26,present,0,7,
13824,208,1260,19,2026-05-28,present,0,7,
13825,208,1261,19,2026-05-30,present,0,7,
13826,208,1262,19,2026-06-02,present,0,7,
13827,208,1263,19,2026-06-04,present,0,7,
13828,208,1264,19,2026-06-06,present,0,7,
13829,208,1265,19,2026-06-09,present,0,7,
13830,208,1266,19,2026-06-11,present,0,7,
13831,208,1267,19,2026-06-13,absent_unexcused,0,7,Sababsiz
13832,208,1268,19,2026-06-16,present,0,7,
13833,208,1269,19,2026-06-18,present,0,7,
13834,208,1270,19,2026-06-20,present,0,7,
13835,208,1271,19,2026-06-23,present,0,7,
13836,208,1272,19,2026-06-25,present,0,7,
13837,208,1273,19,2026-06-27,present,0,7,
13838,208,1274,19,2026-06-30,present,0,7,
13839,208,1275,19,2026-07-02,present,0,7,
13840,208,1276,19,2026-07-04,present,0,7,
13841,208,1277,19,2026-07-07,present,0,7,
13842,208,1278,19,2026-07-09,present,0,7,
13843,208,1279,19,2026-07-11,present,0,7,
13844,208,1280,19,2026-07-14,present,0,7,
13845,208,1281,19,2026-07-16,present,0,7,
13846,208,1282,19,2026-07-18,present,0,7,
13847,208,1283,19,2026-07-21,present,0,7,
13848,208,1284,19,2026-07-23,present,0,7,
13849,208,1285,19,2026-07-25,present,0,7,
13850,208,1286,19,2026-07-28,late,5,7,
13851,208,1287,19,2026-07-30,present,0,7,
13852,209,1213,19,2026-02-03,present,0,7,
13853,209,1214,19,2026-02-05,present,0,7,
13854,209,1215,19,2026-02-07,present,0,7,
13855,209,1216,19,2026-02-10,late,15,7,
13856,209,1217,19,2026-02-12,present,0,7,
13857,209,1218,19,2026-02-14,present,0,7,
13858,209,1219,19,2026-02-17,present,0,7,
13859,209,1220,19,2026-02-19,present,0,7,
13860,209,1221,19,2026-02-21,present,0,7,
13861,209,1222,19,2026-02-24,present,0,7,
13862,209,1223,19,2026-02-26,absent_unexcused,0,7,Sababsiz
13863,209,1224,19,2026-02-28,present,0,7,
13864,209,1225,19,2026-03-03,absent_unexcused,0,7,Sababsiz
13865,209,1226,19,2026-03-05,present,0,7,
13866,209,1227,19,2026-03-07,present,0,7,
13867,209,1228,19,2026-03-10,present,0,7,
13868,209,1229,19,2026-03-12,present,0,7,
13869,209,1230,19,2026-03-14,present,0,7,
13870,209,1231,19,2026-03-17,present,0,7,
13871,209,1232,19,2026-03-19,present,0,7,
13872,209,1233,19,2026-03-24,absent_unexcused,0,7,Sababsiz
13873,209,1234,19,2026-03-26,present,0,7,
13874,209,1235,19,2026-03-28,late,24,7,
13875,209,1236,19,2026-03-31,present,0,7,
13876,209,1237,19,2026-04-02,present,0,7,
13877,209,1238,19,2026-04-04,absent_unexcused,0,7,Sababsiz
13878,209,1239,19,2026-04-07,present,0,7,
13879,209,1240,19,2026-04-09,present,0,7,
13880,209,1241,19,2026-04-11,present,0,7,
13881,209,1242,19,2026-04-14,present,0,7,
13882,209,1243,19,2026-04-16,absent_excused,0,7,Ota-ona xabar berdi
13883,209,1244,19,2026-04-18,present,0,7,
13884,209,1245,19,2026-04-21,present,0,7,
13885,209,1246,19,2026-04-23,present,0,7,
13886,209,1247,19,2026-04-25,present,0,7,
13887,209,1248,19,2026-04-28,present,0,7,
13888,209,1249,19,2026-04-30,present,0,7,
13889,209,1250,19,2026-05-02,present,0,7,
13890,209,1251,19,2026-05-05,present,0,7,
13891,209,1252,19,2026-05-07,present,0,7,
13892,209,1253,19,2026-05-12,present,0,7,
13893,209,1254,19,2026-05-14,present,0,7,
13894,209,1255,19,2026-05-16,present,0,7,
13895,209,1256,19,2026-05-19,present,0,7,
13896,209,1257,19,2026-05-21,absent_excused,0,7,Ota-ona xabar berdi
13897,209,1258,19,2026-05-23,present,0,7,
13898,209,1259,19,2026-05-26,present,0,7,
13899,209,1260,19,2026-05-28,present,0,7,
13900,209,1261,19,2026-05-30,late,10,7,
13901,209,1262,19,2026-06-02,present,0,7,
13902,209,1263,19,2026-06-04,present,0,7,
13903,209,1264,19,2026-06-06,present,0,7,
13904,209,1265,19,2026-06-09,present,0,7,
13905,209,1266,19,2026-06-11,present,0,7,
13906,209,1267,19,2026-06-13,present,0,7,
13907,209,1268,19,2026-06-16,present,0,7,
13908,209,1269,19,2026-06-18,present,0,7,
13909,209,1270,19,2026-06-20,late,13,7,
13910,209,1271,19,2026-06-23,present,0,7,
13911,209,1272,19,2026-06-25,present,0,7,
13912,209,1273,19,2026-06-27,present,0,7,
13913,209,1274,19,2026-06-30,present,0,7,
13914,209,1275,19,2026-07-02,present,0,7,
13915,209,1276,19,2026-07-04,present,0,7,
13916,209,1277,19,2026-07-07,present,0,7,
13917,209,1278,19,2026-07-09,absent_unexcused,0,7,Sababsiz
13918,209,1279,19,2026-07-11,present,0,7,
13919,209,1280,19,2026-07-14,absent_excused,0,7,Ota-ona xabar berdi
13920,209,1281,19,2026-07-16,present,0,7,
13921,209,1282,19,2026-07-18,present,0,7,
13922,209,1283,19,2026-07-21,present,0,7,
13923,209,1284,19,2026-07-23,present,0,7,
13924,209,1285,19,2026-07-25,present,0,7,
13925,209,1286,19,2026-07-28,present,0,7,
13926,209,1287,19,2026-07-30,present,0,7,
13927,210,1213,19,2026-02-03,absent_unexcused,0,7,Sababsiz
13928,210,1214,19,2026-02-05,present,0,7,
13929,210,1215,19,2026-02-07,present,0,7,
13930,210,1216,19,2026-02-10,absent_unexcused,0,7,Sababsiz
13931,210,1217,19,2026-02-12,absent_unexcused,0,7,Sababsiz
13932,210,1218,19,2026-02-14,late,19,7,
13933,210,1219,19,2026-02-17,present,0,7,
13934,210,1220,19,2026-02-19,absent_unexcused,0,7,Sababsiz
13935,210,1221,19,2026-02-21,present,0,7,
13936,210,1222,19,2026-02-24,absent_unexcused,0,7,Sababsiz
13937,210,1223,19,2026-02-26,present,0,7,
13938,210,1224,19,2026-02-28,late,7,7,
13939,210,1225,19,2026-03-03,absent_excused,0,7,Ota-ona xabar berdi
13940,210,1226,19,2026-03-05,present,0,7,
13941,210,1227,19,2026-03-07,present,0,7,
13942,210,1228,19,2026-03-10,late,24,7,
13943,210,1229,19,2026-03-12,absent_unexcused,0,7,Sababsiz
13944,210,1230,19,2026-03-14,absent_excused,0,7,Ota-ona xabar berdi
13945,210,1231,19,2026-03-17,present,0,7,
13946,210,1232,19,2026-03-19,absent_unexcused,0,7,Sababsiz
13947,210,1233,19,2026-03-24,absent_unexcused,0,7,Sababsiz
13948,210,1234,19,2026-03-26,late,22,7,
13949,210,1235,19,2026-03-28,absent_excused,0,7,Ota-ona xabar berdi
13950,210,1236,19,2026-03-31,absent_excused,0,7,Ota-ona xabar berdi
13951,210,1237,19,2026-04-02,absent_unexcused,0,7,Sababsiz
13952,210,1238,19,2026-04-04,present,0,7,
13953,210,1239,19,2026-04-07,late,7,7,
13954,210,1240,19,2026-04-09,present,0,7,
13955,210,1241,19,2026-04-11,absent_excused,0,7,Ota-ona xabar berdi
13956,210,1242,19,2026-04-14,absent_unexcused,0,7,Sababsiz
13957,210,1243,19,2026-04-16,absent_excused,0,7,Ota-ona xabar berdi
13958,210,1244,19,2026-04-18,absent_excused,0,7,Ota-ona xabar berdi
13959,210,1245,19,2026-04-21,present,0,7,
13960,210,1246,19,2026-04-23,absent_unexcused,0,7,Sababsiz
13961,210,1247,19,2026-04-25,absent_unexcused,0,7,Sababsiz
13962,210,1248,19,2026-04-28,present,0,7,
13963,210,1249,19,2026-04-30,absent_unexcused,0,7,Sababsiz
13964,210,1250,19,2026-05-02,absent_excused,0,7,Ota-ona xabar berdi
13965,210,1251,19,2026-05-05,absent_excused,0,7,Ota-ona xabar berdi
13966,210,1252,19,2026-05-07,absent_excused,0,7,Ota-ona xabar berdi
13967,210,1253,19,2026-05-12,present,0,7,
13968,210,1254,19,2026-05-14,absent_excused,0,7,Ota-ona xabar berdi
13969,210,1255,19,2026-05-16,present,0,7,
13970,210,1256,19,2026-05-19,present,0,7,
13971,210,1257,19,2026-05-21,absent_excused,0,7,Ota-ona xabar berdi
13972,210,1258,19,2026-05-23,present,0,7,
13973,210,1259,19,2026-05-26,absent_excused,0,7,Ota-ona xabar berdi
13974,210,1260,19,2026-05-28,absent_unexcused,0,7,Sababsiz
13975,210,1261,19,2026-05-30,late,24,7,
13976,210,1262,19,2026-06-02,late,18,7,
13977,210,1263,19,2026-06-04,absent_unexcused,0,7,Sababsiz
13978,210,1264,19,2026-06-06,absent_unexcused,0,7,Sababsiz
13979,210,1265,19,2026-06-09,present,0,7,
13980,210,1266,19,2026-06-11,absent_unexcused,0,7,Sababsiz
13981,210,1267,19,2026-06-13,absent_excused,0,7,Ota-ona xabar berdi
13982,210,1268,19,2026-06-16,present,0,7,
13983,210,1269,19,2026-06-18,present,0,7,
13984,210,1270,19,2026-06-20,present,0,7,
13985,210,1271,19,2026-06-23,absent_excused,0,7,Ota-ona xabar berdi
13986,210,1272,19,2026-06-25,present,0,7,
13987,210,1273,19,2026-06-27,present,0,7,
13988,210,1274,19,2026-06-30,present,0,7,
13989,210,1275,19,2026-07-02,present,0,7,
13990,210,1276,19,2026-07-04,present,0,7,
13991,210,1277,19,2026-07-07,late,24,7,
13992,210,1278,19,2026-07-09,present,0,7,
13993,210,1279,19,2026-07-11,late,20,7,
13994,210,1280,19,2026-07-14,present,0,7,
13995,210,1281,19,2026-07-16,present,0,7,
13996,210,1282,19,2026-07-18,absent_excused,0,7,Ota-ona xabar berdi
13997,210,1283,19,2026-07-21,present,0,7,
13998,210,1284,19,2026-07-23,absent_unexcused,0,7,Sababsiz
13999,210,1285,19,2026-07-25,present,0,7,
14000,210,1286,19,2026-07-28,absent_unexcused,0,7,Sababsiz
14001,210,1287,19,2026-07-30,present,0,7,
14002,211,1213,19,2026-02-03,present,0,7,
14003,211,1214,19,2026-02-05,present,0,7,
14004,211,1215,19,2026-02-07,present,0,7,
14005,211,1216,19,2026-02-10,present,0,7,
14006,211,1217,19,2026-02-12,present,0,7,
14007,211,1218,19,2026-02-14,present,0,7,
14008,211,1219,19,2026-02-17,present,0,7,
14009,211,1220,19,2026-02-19,present,0,7,
14010,211,1221,19,2026-02-21,present,0,7,
14011,211,1222,19,2026-02-24,present,0,7,
14012,211,1223,19,2026-02-26,absent_unexcused,0,7,Sababsiz
14013,211,1224,19,2026-02-28,absent_unexcused,0,7,Sababsiz
14014,211,1225,19,2026-03-03,present,0,7,
14015,211,1226,19,2026-03-05,present,0,7,
14016,211,1227,19,2026-03-07,present,0,7,
14017,211,1228,19,2026-03-10,present,0,7,
14018,211,1229,19,2026-03-12,present,0,7,
14019,211,1230,19,2026-03-14,present,0,7,
14020,211,1231,19,2026-03-17,present,0,7,
14021,211,1232,19,2026-03-19,present,0,7,
14022,211,1233,19,2026-03-24,present,0,7,
14023,211,1234,19,2026-03-26,present,0,7,
14024,211,1235,19,2026-03-28,late,11,7,
14025,211,1236,19,2026-03-31,present,0,7,
14026,211,1237,19,2026-04-02,present,0,7,
14027,211,1238,19,2026-04-04,present,0,7,
14028,211,1239,19,2026-04-07,present,0,7,
14029,211,1240,19,2026-04-09,absent_excused,0,7,Ota-ona xabar berdi
14030,211,1241,19,2026-04-11,present,0,7,
14031,211,1242,19,2026-04-14,present,0,7,
14032,211,1243,19,2026-04-16,absent_unexcused,0,7,Sababsiz
14033,211,1244,19,2026-04-18,present,0,7,
14034,211,1245,19,2026-04-21,present,0,7,
14035,211,1246,19,2026-04-23,late,22,7,
14036,211,1247,19,2026-04-25,present,0,7,
14037,211,1248,19,2026-04-28,present,0,7,
14038,211,1249,19,2026-04-30,present,0,7,
14039,211,1250,19,2026-05-02,present,0,7,
14040,211,1251,19,2026-05-05,present,0,7,
14041,211,1252,19,2026-05-07,present,0,7,
14042,211,1253,19,2026-05-12,present,0,7,
14043,211,1254,19,2026-05-14,present,0,7,
14044,211,1255,19,2026-05-16,present,0,7,
14045,211,1256,19,2026-05-19,present,0,7,
14046,211,1257,19,2026-05-21,absent_excused,0,7,Ota-ona xabar berdi
14047,211,1258,19,2026-05-23,present,0,7,
14048,211,1259,19,2026-05-26,present,0,7,
14049,211,1260,19,2026-05-28,present,0,7,
14050,211,1261,19,2026-05-30,late,16,7,
14051,211,1262,19,2026-06-02,absent_excused,0,7,Ota-ona xabar berdi
14052,211,1263,19,2026-06-04,present,0,7,
14053,211,1264,19,2026-06-06,present,0,7,
14054,211,1265,19,2026-06-09,present,0,7,
14055,211,1266,19,2026-06-11,present,0,7,
14056,211,1267,19,2026-06-13,present,0,7,
14057,211,1268,19,2026-06-16,present,0,7,
14058,211,1269,19,2026-06-18,present,0,7,
14059,211,1270,19,2026-06-20,present,0,7,
14060,211,1271,19,2026-06-23,present,0,7,
14061,211,1272,19,2026-06-25,absent_excused,0,7,Ota-ona xabar berdi
14062,211,1273,19,2026-06-27,present,0,7,
14063,211,1274,19,2026-06-30,present,0,7,
14064,211,1275,19,2026-07-02,present,0,7,
14065,211,1276,19,2026-07-04,present,0,7,
14066,211,1277,19,2026-07-07,present,0,7,
14067,211,1278,19,2026-07-09,present,0,7,
14068,211,1279,19,2026-07-11,present,0,7,
14069,211,1280,19,2026-07-14,present,0,7,
14070,211,1281,19,2026-07-16,present,0,7,
14071,211,1282,19,2026-07-18,present,0,7,
14072,211,1283,19,2026-07-21,present,0,7,
14073,211,1284,19,2026-07-23,present,0,7,
14074,211,1285,19,2026-07-25,late,8,7,
14075,211,1286,19,2026-07-28,present,0,7,
14076,211,1287,19,2026-07-30,present,0,7,
14077,212,1213,19,2026-02-03,present,0,7,
14078,212,1214,19,2026-02-05,present,0,7,
14079,212,1215,19,2026-02-07,present,0,7,
14080,212,1216,19,2026-02-10,present,0,7,
14081,212,1217,19,2026-02-12,present,0,7,
14082,212,1218,19,2026-02-14,present,0,7,
14083,212,1219,19,2026-02-17,absent_excused,0,7,Ota-ona xabar berdi
14084,212,1220,19,2026-02-19,present,0,7,
14085,212,1221,19,2026-02-21,present,0,7,
14086,212,1222,19,2026-02-24,present,0,7,
14087,212,1223,19,2026-02-26,present,0,7,
14088,212,1224,19,2026-02-28,present,0,7,
14089,212,1225,19,2026-03-03,present,0,7,
14090,212,1226,19,2026-03-05,present,0,7,
14091,212,1227,19,2026-03-07,present,0,7,
14092,212,1228,19,2026-03-10,present,0,7,
14093,212,1229,19,2026-03-12,present,0,7,
14094,212,1230,19,2026-03-14,present,0,7,
14095,212,1231,19,2026-03-17,present,0,7,
14096,212,1232,19,2026-03-19,present,0,7,
14097,212,1233,19,2026-03-24,present,0,7,
14098,212,1234,19,2026-03-26,present,0,7,
14099,212,1235,19,2026-03-28,present,0,7,
14100,212,1236,19,2026-03-31,late,13,7,
14101,212,1237,19,2026-04-02,present,0,7,
14102,212,1238,19,2026-04-04,present,0,7,
14103,212,1239,19,2026-04-07,present,0,7,
14104,212,1240,19,2026-04-09,present,0,7,
14105,212,1241,19,2026-04-11,present,0,7,
14106,212,1242,19,2026-04-14,present,0,7,
14107,212,1243,19,2026-04-16,present,0,7,
14108,212,1244,19,2026-04-18,present,0,7,
14109,212,1245,19,2026-04-21,present,0,7,
14110,212,1246,19,2026-04-23,present,0,7,
14111,212,1247,19,2026-04-25,present,0,7,
14112,212,1248,19,2026-04-28,present,0,7,
14113,212,1249,19,2026-04-30,present,0,7,
14114,212,1250,19,2026-05-02,late,5,7,
14115,212,1251,19,2026-05-05,present,0,7,
14116,212,1252,19,2026-05-07,present,0,7,
14117,212,1253,19,2026-05-12,present,0,7,
14118,212,1254,19,2026-05-14,present,0,7,
14119,212,1255,19,2026-05-16,absent_excused,0,7,Ota-ona xabar berdi
14120,212,1256,19,2026-05-19,late,16,7,
14121,212,1257,19,2026-05-21,present,0,7,
14122,212,1258,19,2026-05-23,present,0,7,
14123,212,1259,19,2026-05-26,present,0,7,
14124,212,1260,19,2026-05-28,present,0,7,
14125,212,1261,19,2026-05-30,present,0,7,
14126,212,1262,19,2026-06-02,present,0,7,
14127,212,1263,19,2026-06-04,absent_excused,0,7,Ota-ona xabar berdi
14128,212,1264,19,2026-06-06,present,0,7,
14129,212,1265,19,2026-06-09,present,0,7,
14130,212,1266,19,2026-06-11,present,0,7,
14131,212,1267,19,2026-06-13,late,8,7,
14132,212,1268,19,2026-06-16,present,0,7,
14133,212,1269,19,2026-06-18,present,0,7,
14134,212,1270,19,2026-06-20,present,0,7,
14135,212,1271,19,2026-06-23,present,0,7,
14136,212,1272,19,2026-06-25,present,0,7,
14137,212,1273,19,2026-06-27,present,0,7,
14138,212,1274,19,2026-06-30,present,0,7,
14139,212,1275,19,2026-07-02,present,0,7,
14140,212,1276,19,2026-07-04,present,0,7,
14141,212,1277,19,2026-07-07,present,0,7,
14142,212,1278,19,2026-07-09,present,0,7,
14143,212,1279,19,2026-07-11,present,0,7,
14144,212,1280,19,2026-07-14,present,0,7,
14145,212,1281,19,2026-07-16,present,0,7,
14146,212,1282,19,2026-07-18,present,0,7,
14147,212,1283,19,2026-07-21,present,0,7,
14148,212,1284,19,2026-07-23,present,0,7,
14149,212,1285,19,2026-07-25,absent_excused,0,7,Ota-ona xabar berdi
14150,212,1286,19,2026-07-28,present,0,7,
14151,212,1287,19,2026-07-30,present,0,7,
14152,213,1213,19,2026-02-03,present,0,7,
14153,213,1214,19,2026-02-05,present,0,7,
14154,213,1215,19,2026-02-07,present,0,7,
14155,213,1216,19,2026-02-10,present,0,7,
14156,213,1217,19,2026-02-12,present,0,7,
14157,213,1218,19,2026-02-14,present,0,7,
14158,213,1219,19,2026-02-17,present,0,7,
14159,213,1220,19,2026-02-19,late,24,7,
14160,213,1221,19,2026-02-21,late,14,7,
14161,213,1222,19,2026-02-24,absent_excused,0,7,Ota-ona xabar berdi
14162,213,1223,19,2026-02-26,present,0,7,
14163,213,1224,19,2026-02-28,present,0,7,
14164,213,1225,19,2026-03-03,present,0,7,
14165,213,1226,19,2026-03-05,present,0,7,
14166,213,1227,19,2026-03-07,absent_unexcused,0,7,Sababsiz
14167,213,1228,19,2026-03-10,present,0,7,
14168,213,1229,19,2026-03-12,present,0,7,
14169,213,1230,19,2026-03-14,present,0,7,
14170,213,1231,19,2026-03-17,present,0,7,
14171,213,1232,19,2026-03-19,present,0,7,
14172,213,1233,19,2026-03-24,late,22,7,
14173,213,1234,19,2026-03-26,absent_unexcused,0,7,Sababsiz
14174,213,1235,19,2026-03-28,present,0,7,
14175,213,1236,19,2026-03-31,present,0,7,
14176,213,1237,19,2026-04-02,present,0,7,
14177,213,1238,19,2026-04-04,present,0,7,
14178,213,1239,19,2026-04-07,present,0,7,
14179,213,1240,19,2026-04-09,present,0,7,
14180,213,1241,19,2026-04-11,absent_excused,0,7,Ota-ona xabar berdi
14181,213,1242,19,2026-04-14,present,0,7,
14182,213,1243,19,2026-04-16,late,7,7,
14183,213,1244,19,2026-04-18,present,0,7,
14184,213,1245,19,2026-04-21,present,0,7,
14185,213,1246,19,2026-04-23,absent_unexcused,0,7,Sababsiz
14186,213,1247,19,2026-04-25,present,0,7,
14187,213,1248,19,2026-04-28,present,0,7,
14188,213,1249,19,2026-04-30,present,0,7,
14189,213,1250,19,2026-05-02,late,15,7,
14190,213,1251,19,2026-05-05,present,0,7,
14191,213,1252,19,2026-05-07,late,10,7,
14192,213,1253,19,2026-05-12,present,0,7,
14193,213,1254,19,2026-05-14,present,0,7,
14194,213,1255,19,2026-05-16,present,0,7,
14195,213,1256,19,2026-05-19,present,0,7,
14196,213,1257,19,2026-05-21,late,8,7,
14197,213,1258,19,2026-05-23,present,0,7,
14198,213,1259,19,2026-05-26,late,12,7,
14199,213,1260,19,2026-05-28,present,0,7,
14200,213,1261,19,2026-05-30,present,0,7,
14201,213,1262,19,2026-06-02,present,0,7,
14202,213,1263,19,2026-06-04,present,0,7,
14203,213,1264,19,2026-06-06,late,13,7,
14204,213,1265,19,2026-06-09,present,0,7,
14205,213,1266,19,2026-06-11,absent_unexcused,0,7,Sababsiz
14206,213,1267,19,2026-06-13,late,8,7,
14207,213,1268,19,2026-06-16,present,0,7,
14208,213,1269,19,2026-06-18,present,0,7,
14209,213,1270,19,2026-06-20,present,0,7,
14210,213,1271,19,2026-06-23,present,0,7,
14211,213,1272,19,2026-06-25,present,0,7,
14212,213,1273,19,2026-06-27,present,0,7,
14213,213,1274,19,2026-06-30,present,0,7,
14214,213,1275,19,2026-07-02,present,0,7,
14215,213,1276,19,2026-07-04,present,0,7,
14216,213,1277,19,2026-07-07,absent_unexcused,0,7,Sababsiz
14217,213,1278,19,2026-07-09,late,12,7,
14218,213,1279,19,2026-07-11,present,0,7,
14219,213,1280,19,2026-07-14,present,0,7,
14220,213,1281,19,2026-07-16,present,0,7,
14221,213,1282,19,2026-07-18,present,0,7,
14222,213,1283,19,2026-07-21,present,0,7,
14223,213,1284,19,2026-07-23,present,0,7,
14224,213,1285,19,2026-07-25,present,0,7,
14225,213,1286,19,2026-07-28,absent_unexcused,0,7,Sababsiz
14226,213,1287,19,2026-07-30,present,0,7,
14227,214,1213,19,2026-02-03,present,0,7,
14228,214,1214,19,2026-02-05,present,0,7,
14229,214,1215,19,2026-02-07,present,0,7,
14230,214,1216,19,2026-02-10,present,0,7,
14231,214,1217,19,2026-02-12,present,0,7,
14232,214,1218,19,2026-02-14,present,0,7,
14233,214,1219,19,2026-02-17,present,0,7,
14234,214,1220,19,2026-02-19,present,0,7,
14235,214,1221,19,2026-02-21,present,0,7,
14236,214,1222,19,2026-02-24,present,0,7,
14237,214,1223,19,2026-02-26,present,0,7,
14238,214,1224,19,2026-02-28,present,0,7,
14239,214,1225,19,2026-03-03,present,0,7,
14240,214,1226,19,2026-03-05,present,0,7,
14241,214,1227,19,2026-03-07,present,0,7,
14242,214,1228,19,2026-03-10,present,0,7,
14243,214,1229,19,2026-03-12,present,0,7,
14244,214,1230,19,2026-03-14,present,0,7,
14245,214,1231,19,2026-03-17,late,7,7,
14246,214,1232,19,2026-03-19,present,0,7,
14247,214,1233,19,2026-03-24,present,0,7,
14248,214,1234,19,2026-03-26,present,0,7,
14249,214,1235,19,2026-03-28,present,0,7,
14250,214,1236,19,2026-03-31,present,0,7,
14251,214,1237,19,2026-04-02,present,0,7,
14252,214,1238,19,2026-04-04,present,0,7,
14253,214,1239,19,2026-04-07,present,0,7,
14254,214,1240,19,2026-04-09,present,0,7,
14255,214,1241,19,2026-04-11,present,0,7,
14256,214,1242,19,2026-04-14,present,0,7,
14257,214,1243,19,2026-04-16,absent_unexcused,0,7,Sababsiz
14258,214,1244,19,2026-04-18,present,0,7,
14259,214,1245,19,2026-04-21,late,15,7,
14260,214,1246,19,2026-04-23,present,0,7,
14261,214,1247,19,2026-04-25,present,0,7,
14262,214,1248,19,2026-04-28,present,0,7,
14263,214,1249,19,2026-04-30,present,0,7,
14264,214,1250,19,2026-05-02,present,0,7,
14265,214,1251,19,2026-05-05,present,0,7,
14266,214,1252,19,2026-05-07,present,0,7,
14267,214,1253,19,2026-05-12,present,0,7,
14268,214,1254,19,2026-05-14,present,0,7,
14269,214,1255,19,2026-05-16,present,0,7,
14270,214,1256,19,2026-05-19,present,0,7,
14271,214,1257,19,2026-05-21,present,0,7,
14272,214,1258,19,2026-05-23,present,0,7,
14273,214,1259,19,2026-05-26,present,0,7,
14274,214,1260,19,2026-05-28,present,0,7,
14275,214,1261,19,2026-05-30,present,0,7,
14276,214,1262,19,2026-06-02,present,0,7,
14277,214,1263,19,2026-06-04,present,0,7,
14278,214,1264,19,2026-06-06,present,0,7,
14279,214,1265,19,2026-06-09,present,0,7,
14280,214,1266,19,2026-06-11,present,0,7,
14281,214,1267,19,2026-06-13,present,0,7,
14282,214,1268,19,2026-06-16,present,0,7,
14283,214,1269,19,2026-06-18,present,0,7,
14284,214,1270,19,2026-06-20,present,0,7,
14285,214,1271,19,2026-06-23,present,0,7,
14286,214,1272,19,2026-06-25,present,0,7,
14287,214,1273,19,2026-06-27,late,22,7,
14288,214,1274,19,2026-06-30,present,0,7,
14289,214,1275,19,2026-07-02,present,0,7,
14290,214,1276,19,2026-07-04,present,0,7,
14291,214,1277,19,2026-07-07,present,0,7,
14292,214,1278,19,2026-07-09,present,0,7,
14293,214,1279,19,2026-07-11,present,0,7,
14294,214,1280,19,2026-07-14,present,0,7,
14295,214,1281,19,2026-07-16,present,0,7,
14296,214,1282,19,2026-07-18,present,0,7,
14297,214,1283,19,2026-07-21,present,0,7,
14298,214,1284,19,2026-07-23,present,0,7,
14299,214,1285,19,2026-07-25,present,0,7,
14300,214,1286,19,2026-07-28,present,0,7,
14301,214,1287,19,2026-07-30,present,0,7,
14302,215,1213,19,2026-02-03,present,0,7,
14303,215,1214,19,2026-02-05,present,0,7,
14304,215,1215,19,2026-02-07,present,0,7,
14305,215,1216,19,2026-02-10,present,0,7,
14306,215,1217,19,2026-02-12,present,0,7,
14307,215,1218,19,2026-02-14,late,15,7,
14308,215,1219,19,2026-02-17,present,0,7,
14309,215,1220,19,2026-02-19,present,0,7,
14310,215,1221,19,2026-02-21,present,0,7,
14311,215,1222,19,2026-02-24,present,0,7,
14312,215,1223,19,2026-02-26,present,0,7,
14313,215,1224,19,2026-02-28,present,0,7,
14314,215,1225,19,2026-03-03,present,0,7,
14315,215,1226,19,2026-03-05,present,0,7,
14316,215,1227,19,2026-03-07,present,0,7,
14317,215,1228,19,2026-03-10,present,0,7,
14318,215,1229,19,2026-03-12,present,0,7,
14319,215,1230,19,2026-03-14,present,0,7,
14320,215,1231,19,2026-03-17,present,0,7,
14321,215,1232,19,2026-03-19,present,0,7,
14322,215,1233,19,2026-03-24,present,0,7,
14323,215,1234,19,2026-03-26,absent_unexcused,0,7,Sababsiz
14324,215,1235,19,2026-03-28,present,0,7,
14325,215,1236,19,2026-03-31,present,0,7,
14326,215,1237,19,2026-04-02,present,0,7,
14327,215,1238,19,2026-04-04,present,0,7,
14328,215,1239,19,2026-04-07,present,0,7,
14329,215,1240,19,2026-04-09,present,0,7,
14330,215,1241,19,2026-04-11,present,0,7,
14331,215,1242,19,2026-04-14,present,0,7,
14332,215,1243,19,2026-04-16,present,0,7,
14333,215,1244,19,2026-04-18,present,0,7,
14334,215,1245,19,2026-04-21,present,0,7,
14335,215,1246,19,2026-04-23,present,0,7,
14336,215,1247,19,2026-04-25,present,0,7,
14337,215,1248,19,2026-04-28,present,0,7,
14338,215,1249,19,2026-04-30,present,0,7,
14339,215,1250,19,2026-05-02,present,0,7,
14340,215,1251,19,2026-05-05,present,0,7,
14341,215,1252,19,2026-05-07,present,0,7,
14342,215,1253,19,2026-05-12,present,0,7,
14343,215,1254,19,2026-05-14,present,0,7,
14344,215,1255,19,2026-05-16,absent_unexcused,0,7,Sababsiz
14345,215,1256,19,2026-05-19,present,0,7,
14346,215,1257,19,2026-05-21,present,0,7,
14347,215,1258,19,2026-05-23,present,0,7,
14348,215,1259,19,2026-05-26,present,0,7,
14349,215,1260,19,2026-05-28,present,0,7,
14350,215,1261,19,2026-05-30,present,0,7,
14351,215,1262,19,2026-06-02,present,0,7,
14352,215,1263,19,2026-06-04,present,0,7,
14353,215,1264,19,2026-06-06,present,0,7,
14354,215,1265,19,2026-06-09,present,0,7,
14355,215,1266,19,2026-06-11,present,0,7,
14356,215,1267,19,2026-06-13,present,0,7,
14357,215,1268,19,2026-06-16,present,0,7,
14358,215,1269,19,2026-06-18,present,0,7,
14359,215,1270,19,2026-06-20,present,0,7,
14360,215,1271,19,2026-06-23,present,0,7,
14361,215,1272,19,2026-06-25,present,0,7,
14362,215,1273,19,2026-06-27,present,0,7,
14363,215,1274,19,2026-06-30,present,0,7,
14364,215,1275,19,2026-07-02,present,0,7,
14365,215,1276,19,2026-07-04,present,0,7,
14366,215,1277,19,2026-07-07,present,0,7,
14367,215,1278,19,2026-07-09,absent_excused,0,7,Ota-ona xabar berdi
14368,215,1279,19,2026-07-11,present,0,7,
14369,215,1280,19,2026-07-14,present,0,7,
14370,215,1281,19,2026-07-16,present,0,7,
14371,215,1282,19,2026-07-18,present,0,7,
14372,215,1283,19,2026-07-21,present,0,7,
14373,215,1284,19,2026-07-23,present,0,7,
14374,215,1285,19,2026-07-25,present,0,7,
14375,215,1286,19,2026-07-28,present,0,7,
14376,215,1287,19,2026-07-30,present,0,7,
14377,216,1213,19,2026-02-03,present,0,7,
14378,216,1214,19,2026-02-05,present,0,7,
14379,216,1215,19,2026-02-07,present,0,7,
14380,216,1216,19,2026-02-10,present,0,7,
14381,216,1217,19,2026-02-12,late,25,7,
14382,216,1218,19,2026-02-14,present,0,7,
14383,216,1219,19,2026-02-17,present,0,7,
14384,216,1220,19,2026-02-19,present,0,7,
14385,216,1221,19,2026-02-21,present,0,7,
14386,216,1222,19,2026-02-24,present,0,7,
14387,216,1223,19,2026-02-26,absent_excused,0,7,Ota-ona xabar berdi
14388,216,1224,19,2026-02-28,present,0,7,
14389,216,1225,19,2026-03-03,present,0,7,
14390,216,1226,19,2026-03-05,present,0,7,
14391,216,1227,19,2026-03-07,present,0,7,
14392,216,1228,19,2026-03-10,absent_unexcused,0,7,Sababsiz
14393,216,1229,19,2026-03-12,late,7,7,
14394,216,1230,19,2026-03-14,late,5,7,
14395,216,1231,19,2026-03-17,present,0,7,
14396,216,1232,19,2026-03-19,present,0,7,
14397,216,1233,19,2026-03-24,present,0,7,
14398,216,1234,19,2026-03-26,present,0,7,
14399,216,1235,19,2026-03-28,present,0,7,
14400,216,1236,19,2026-03-31,absent_unexcused,0,7,Sababsiz
14401,216,1237,19,2026-04-02,present,0,7,
14402,216,1238,19,2026-04-04,late,24,7,
14403,216,1239,19,2026-04-07,present,0,7,
14404,216,1240,19,2026-04-09,present,0,7,
14405,216,1241,19,2026-04-11,present,0,7,
14406,216,1242,19,2026-04-14,present,0,7,
14407,216,1243,19,2026-04-16,present,0,7,
14408,216,1244,19,2026-04-18,present,0,7,
14409,216,1245,19,2026-04-21,present,0,7,
14410,216,1246,19,2026-04-23,present,0,7,
14411,216,1247,19,2026-04-25,absent_excused,0,7,Ota-ona xabar berdi
14412,216,1248,19,2026-04-28,present,0,7,
14413,216,1249,19,2026-04-30,present,0,7,
14414,216,1250,19,2026-05-02,present,0,7,
14415,216,1251,19,2026-05-05,present,0,7,
14416,216,1252,19,2026-05-07,present,0,7,
14417,216,1253,19,2026-05-12,present,0,7,
14418,216,1254,19,2026-05-14,absent_unexcused,0,7,Sababsiz
14419,216,1255,19,2026-05-16,present,0,7,
14420,216,1256,19,2026-05-19,late,20,7,
14421,216,1257,19,2026-05-21,present,0,7,
14422,216,1258,19,2026-05-23,present,0,7,
14423,216,1259,19,2026-05-26,present,0,7,
14424,216,1260,19,2026-05-28,present,0,7,
14425,216,1261,19,2026-05-30,present,0,7,
14426,216,1262,19,2026-06-02,present,0,7,
14427,216,1263,19,2026-06-04,absent_unexcused,0,7,Sababsiz
14428,216,1264,19,2026-06-06,absent_excused,0,7,Ota-ona xabar berdi
14429,216,1265,19,2026-06-09,present,0,7,
14430,216,1266,19,2026-06-11,present,0,7,
14431,216,1267,19,2026-06-13,present,0,7,
14432,216,1268,19,2026-06-16,present,0,7,
14433,216,1269,19,2026-06-18,present,0,7,
14434,216,1270,19,2026-06-20,present,0,7,
14435,216,1271,19,2026-06-23,absent_unexcused,0,7,Sababsiz
14436,216,1272,19,2026-06-25,late,15,7,
14437,216,1273,19,2026-06-27,present,0,7,
14438,216,1274,19,2026-06-30,present,0,7,
14439,216,1275,19,2026-07-02,present,0,7,
14440,216,1276,19,2026-07-04,present,0,7,
14441,216,1277,19,2026-07-07,present,0,7,
14442,216,1278,19,2026-07-09,absent_excused,0,7,Ota-ona xabar berdi
14443,216,1279,19,2026-07-11,present,0,7,
14444,216,1280,19,2026-07-14,present,0,7,
14445,216,1281,19,2026-07-16,late,9,7,
14446,216,1282,19,2026-07-18,late,14,7,
14447,216,1283,19,2026-07-21,present,0,7,
14448,216,1284,19,2026-07-23,present,0,7,
14449,216,1285,19,2026-07-25,late,17,7,
14450,216,1286,19,2026-07-28,present,0,7,
14451,216,1287,19,2026-07-30,present,0,7,
14452,217,1213,19,2026-02-03,present,0,7,
14453,217,1214,19,2026-02-05,present,0,7,
14454,217,1215,19,2026-02-07,present,0,7,
14455,217,1216,19,2026-02-10,present,0,7,
14456,217,1217,19,2026-02-12,present,0,7,
14457,217,1218,19,2026-02-14,present,0,7,
14458,217,1219,19,2026-02-17,present,0,7,
14459,217,1220,19,2026-02-19,present,0,7,
14460,217,1221,19,2026-02-21,present,0,7,
14461,217,1222,19,2026-02-24,present,0,7,
14462,217,1223,19,2026-02-26,present,0,7,
14463,217,1224,19,2026-02-28,present,0,7,
14464,217,1225,19,2026-03-03,absent_excused,0,7,Ota-ona xabar berdi
14465,217,1226,19,2026-03-05,present,0,7,
14466,217,1227,19,2026-03-07,present,0,7,
14467,217,1228,19,2026-03-10,present,0,7,
14468,217,1229,19,2026-03-12,present,0,7,
14469,217,1230,19,2026-03-14,present,0,7,
14470,217,1231,19,2026-03-17,present,0,7,
14471,217,1232,19,2026-03-19,present,0,7,
14472,217,1233,19,2026-03-24,present,0,7,
14473,217,1234,19,2026-03-26,present,0,7,
14474,217,1235,19,2026-03-28,present,0,7,
14475,217,1236,19,2026-03-31,present,0,7,
14476,217,1237,19,2026-04-02,present,0,7,
14477,217,1238,19,2026-04-04,present,0,7,
14478,217,1239,19,2026-04-07,present,0,7,
14479,217,1240,19,2026-04-09,late,16,7,
14480,217,1241,19,2026-04-11,present,0,7,
14481,217,1242,19,2026-04-14,present,0,7,
14482,217,1243,19,2026-04-16,present,0,7,
14483,217,1244,19,2026-04-18,present,0,7,
14484,217,1245,19,2026-04-21,absent_unexcused,0,7,Sababsiz
14485,217,1246,19,2026-04-23,present,0,7,
14486,217,1247,19,2026-04-25,present,0,7,
14487,217,1248,19,2026-04-28,late,19,7,
14488,217,1249,19,2026-04-30,absent_excused,0,7,Ota-ona xabar berdi
14489,217,1250,19,2026-05-02,present,0,7,
14490,217,1251,19,2026-05-05,present,0,7,
14491,217,1252,19,2026-05-07,present,0,7,
14492,217,1253,19,2026-05-12,present,0,7,
14493,217,1254,19,2026-05-14,absent_excused,0,7,Ota-ona xabar berdi
14494,217,1255,19,2026-05-16,present,0,7,
14495,217,1256,19,2026-05-19,present,0,7,
14496,217,1257,19,2026-05-21,present,0,7,
14497,217,1258,19,2026-05-23,present,0,7,
14498,217,1259,19,2026-05-26,present,0,7,
14499,217,1260,19,2026-05-28,present,0,7,
14500,217,1261,19,2026-05-30,present,0,7,
14501,217,1262,19,2026-06-02,absent_excused,0,7,Ota-ona xabar berdi
14502,217,1263,19,2026-06-04,present,0,7,
14503,217,1264,19,2026-06-06,present,0,7,
14504,217,1265,19,2026-06-09,absent_unexcused,0,7,Sababsiz
14505,217,1266,19,2026-06-11,present,0,7,
14506,217,1267,19,2026-06-13,present,0,7,
14507,217,1268,19,2026-06-16,present,0,7,
14508,217,1269,19,2026-06-18,present,0,7,
14509,217,1270,19,2026-06-20,present,0,7,
14510,217,1271,19,2026-06-23,present,0,7,
14511,217,1272,19,2026-06-25,present,0,7,
14512,217,1273,19,2026-06-27,present,0,7,
14513,217,1274,19,2026-06-30,present,0,7,
14514,217,1275,19,2026-07-02,present,0,7,
14515,217,1276,19,2026-07-04,present,0,7,
14516,217,1277,19,2026-07-07,present,0,7,
14517,217,1278,19,2026-07-09,present,0,7,
14518,217,1279,19,2026-07-11,absent_excused,0,7,Ota-ona xabar berdi
14519,217,1280,19,2026-07-14,present,0,7,
14520,217,1281,19,2026-07-16,present,0,7,
14521,217,1282,19,2026-07-18,present,0,7,
14522,217,1283,19,2026-07-21,present,0,7,
14523,217,1284,19,2026-07-23,present,0,7,
14524,217,1285,19,2026-07-25,absent_excused,0,7,Ota-ona xabar berdi
14525,217,1286,19,2026-07-28,present,0,7,
14526,217,1287,19,2026-07-30,present,0,7,
14527,218,1213,19,2026-02-03,present,0,7,
14528,218,1214,19,2026-02-05,late,21,7,
14529,218,1215,19,2026-02-07,present,0,7,
14530,218,1216,19,2026-02-10,present,0,7,
14531,218,1217,19,2026-02-12,present,0,7,
14532,218,1218,19,2026-02-14,late,14,7,
14533,218,1219,19,2026-02-17,present,0,7,
14534,218,1220,19,2026-02-19,present,0,7,
14535,218,1221,19,2026-02-21,absent_unexcused,0,7,Sababsiz
14536,218,1222,19,2026-02-24,absent_excused,0,7,Ota-ona xabar berdi
14537,218,1223,19,2026-02-26,present,0,7,
14538,218,1224,19,2026-02-28,absent_excused,0,7,Ota-ona xabar berdi
14539,218,1225,19,2026-03-03,present,0,7,
14540,218,1226,19,2026-03-05,absent_unexcused,0,7,Sababsiz
14541,218,1227,19,2026-03-07,present,0,7,
14542,218,1228,19,2026-03-10,present,0,7,
14543,218,1229,19,2026-03-12,present,0,7,
14544,218,1230,19,2026-03-14,present,0,7,
14545,218,1231,19,2026-03-17,present,0,7,
14546,218,1232,19,2026-03-19,present,0,7,
14547,218,1233,19,2026-03-24,present,0,7,
14548,218,1234,19,2026-03-26,late,25,7,
14549,218,1235,19,2026-03-28,present,0,7,
14550,218,1236,19,2026-03-31,present,0,7,
14551,218,1237,19,2026-04-02,present,0,7,
14552,218,1238,19,2026-04-04,present,0,7,
14553,218,1239,19,2026-04-07,present,0,7,
14554,218,1240,19,2026-04-09,late,15,7,
14555,218,1241,19,2026-04-11,present,0,7,
14556,218,1242,19,2026-04-14,present,0,7,
14557,218,1243,19,2026-04-16,late,9,7,
14558,218,1244,19,2026-04-18,late,8,7,
14559,218,1245,19,2026-04-21,present,0,7,
14560,218,1246,19,2026-04-23,present,0,7,
14561,218,1247,19,2026-04-25,absent_unexcused,0,7,Sababsiz
14562,218,1248,19,2026-04-28,present,0,7,
14563,218,1249,19,2026-04-30,present,0,7,
14564,218,1250,19,2026-05-02,present,0,7,
14565,218,1251,19,2026-05-05,absent_unexcused,0,7,Sababsiz
14566,218,1252,19,2026-05-07,present,0,7,
14567,218,1253,19,2026-05-12,absent_excused,0,7,Ota-ona xabar berdi
14568,218,1254,19,2026-05-14,present,0,7,
14569,218,1255,19,2026-05-16,present,0,7,
14570,218,1256,19,2026-05-19,present,0,7,
14571,218,1257,19,2026-05-21,present,0,7,
14572,218,1258,19,2026-05-23,present,0,7,
14573,218,1259,19,2026-05-26,present,0,7,
14574,218,1260,19,2026-05-28,present,0,7,
14575,218,1261,19,2026-05-30,present,0,7,
14576,218,1262,19,2026-06-02,late,15,7,
14577,218,1263,19,2026-06-04,present,0,7,
14578,218,1264,19,2026-06-06,late,9,7,
14579,218,1265,19,2026-06-09,present,0,7,
14580,218,1266,19,2026-06-11,present,0,7,
14581,218,1267,19,2026-06-13,present,0,7,
14582,218,1268,19,2026-06-16,absent_excused,0,7,Ota-ona xabar berdi
14583,218,1269,19,2026-06-18,late,11,7,
14584,218,1270,19,2026-06-20,present,0,7,
14585,218,1271,19,2026-06-23,present,0,7,
14586,218,1272,19,2026-06-25,present,0,7,
14587,218,1273,19,2026-06-27,present,0,7,
14588,218,1274,19,2026-06-30,present,0,7,
14589,218,1275,19,2026-07-02,present,0,7,
14590,218,1276,19,2026-07-04,late,16,7,
14591,218,1277,19,2026-07-07,absent_unexcused,0,7,Sababsiz
14592,218,1278,19,2026-07-09,present,0,7,
14593,218,1279,19,2026-07-11,present,0,7,
14594,218,1280,19,2026-07-14,present,0,7,
14595,218,1281,19,2026-07-16,present,0,7,
14596,218,1282,19,2026-07-18,absent_excused,0,7,Ota-ona xabar berdi
14597,218,1283,19,2026-07-21,present,0,7,
14598,218,1284,19,2026-07-23,late,18,7,
14599,218,1285,19,2026-07-25,present,0,7,
14600,218,1286,19,2026-07-28,absent_unexcused,0,7,Sababsiz
14601,218,1287,19,2026-07-30,present,0,7,
14602,219,1213,19,2026-02-03,present,0,7,
14603,219,1214,19,2026-02-05,present,0,7,
14604,219,1215,19,2026-02-07,present,0,7,
14605,219,1216,19,2026-02-10,present,0,7,
14606,219,1217,19,2026-02-12,present,0,7,
14607,219,1218,19,2026-02-14,present,0,7,
14608,219,1219,19,2026-02-17,present,0,7,
14609,219,1220,19,2026-02-19,present,0,7,
14610,219,1221,19,2026-02-21,present,0,7,
14611,219,1222,19,2026-02-24,present,0,7,
14612,219,1223,19,2026-02-26,present,0,7,
14613,219,1224,19,2026-02-28,present,0,7,
14614,219,1225,19,2026-03-03,present,0,7,
14615,219,1226,19,2026-03-05,present,0,7,
14616,219,1227,19,2026-03-07,present,0,7,
14617,219,1228,19,2026-03-10,present,0,7,
14618,219,1229,19,2026-03-12,present,0,7,
14619,219,1230,19,2026-03-14,late,20,7,
14620,219,1231,19,2026-03-17,present,0,7,
14621,219,1232,19,2026-03-19,present,0,7,
14622,219,1233,19,2026-03-24,present,0,7,
14623,219,1234,19,2026-03-26,present,0,7,
14624,219,1235,19,2026-03-28,present,0,7,
14625,219,1236,19,2026-03-31,present,0,7,
14626,219,1237,19,2026-04-02,present,0,7,
14627,219,1238,19,2026-04-04,present,0,7,
14628,219,1239,19,2026-04-07,present,0,7,
14629,219,1240,19,2026-04-09,present,0,7,
14630,219,1241,19,2026-04-11,present,0,7,
14631,219,1242,19,2026-04-14,present,0,7,
14632,219,1243,19,2026-04-16,present,0,7,
14633,219,1244,19,2026-04-18,present,0,7,
14634,219,1245,19,2026-04-21,present,0,7,
14635,219,1246,19,2026-04-23,present,0,7,
14636,219,1247,19,2026-04-25,present,0,7,
14637,219,1248,19,2026-04-28,present,0,7,
14638,219,1249,19,2026-04-30,absent_excused,0,7,Ota-ona xabar berdi
14639,219,1250,19,2026-05-02,present,0,7,
14640,219,1251,19,2026-05-05,present,0,7,
14641,219,1252,19,2026-05-07,present,0,7,
14642,219,1253,19,2026-05-12,absent_unexcused,0,7,Sababsiz
14643,219,1254,19,2026-05-14,present,0,7,
14644,219,1255,19,2026-05-16,present,0,7,
14645,219,1256,19,2026-05-19,present,0,7,
14646,219,1257,19,2026-05-21,present,0,7,
14647,219,1258,19,2026-05-23,present,0,7,
14648,219,1259,19,2026-05-26,present,0,7,
14649,219,1260,19,2026-05-28,present,0,7,
14650,219,1261,19,2026-05-30,present,0,7,
14651,219,1262,19,2026-06-02,present,0,7,
14652,219,1263,19,2026-06-04,present,0,7,
14653,219,1264,19,2026-06-06,present,0,7,
14654,219,1265,19,2026-06-09,late,24,7,
14655,219,1266,19,2026-06-11,present,0,7,
14656,219,1267,19,2026-06-13,present,0,7,
14657,219,1268,19,2026-06-16,present,0,7,
14658,219,1269,19,2026-06-18,present,0,7,
14659,219,1270,19,2026-06-20,present,0,7,
14660,219,1271,19,2026-06-23,present,0,7,
14661,219,1272,19,2026-06-25,present,0,7,
14662,219,1273,19,2026-06-27,present,0,7,
14663,219,1274,19,2026-06-30,present,0,7,
14664,219,1275,19,2026-07-02,present,0,7,
14665,219,1276,19,2026-07-04,present,0,7,
14666,219,1277,19,2026-07-07,present,0,7,
14667,219,1278,19,2026-07-09,present,0,7,
14668,219,1279,19,2026-07-11,present,0,7,
14669,219,1280,19,2026-07-14,present,0,7,
14670,219,1281,19,2026-07-16,present,0,7,
14671,219,1282,19,2026-07-18,absent_excused,0,7,Ota-ona xabar berdi
14672,219,1283,19,2026-07-21,present,0,7,
14673,219,1284,19,2026-07-23,present,0,7,
14674,219,1285,19,2026-07-25,present,0,7,
14675,219,1286,19,2026-07-28,present,0,7,
14676,219,1287,19,2026-07-30,present,0,7,
14677,220,1213,19,2026-02-03,late,19,7,
14678,220,1214,19,2026-02-05,absent_unexcused,0,7,Sababsiz
14679,220,1215,19,2026-02-07,present,0,7,
14680,220,1216,19,2026-02-10,present,0,7,
14681,220,1217,19,2026-02-12,present,0,7,
14682,220,1218,19,2026-02-14,present,0,7,
14683,220,1219,19,2026-02-17,present,0,7,
14684,220,1220,19,2026-02-19,present,0,7,
14685,220,1221,19,2026-02-21,absent_unexcused,0,7,Sababsiz
14686,220,1222,19,2026-02-24,present,0,7,
14687,220,1223,19,2026-02-26,present,0,7,
14688,220,1224,19,2026-02-28,present,0,7,
14689,220,1225,19,2026-03-03,late,9,7,
14690,220,1226,19,2026-03-05,present,0,7,
14691,220,1227,19,2026-03-07,absent_unexcused,0,7,Sababsiz
14692,220,1228,19,2026-03-10,present,0,7,
14693,220,1229,19,2026-03-12,present,0,7,
14694,220,1230,19,2026-03-14,absent_excused,0,7,Ota-ona xabar berdi
14695,220,1231,19,2026-03-17,present,0,7,
14696,220,1232,19,2026-03-19,late,10,7,
14697,220,1233,19,2026-03-24,present,0,7,
14698,220,1234,19,2026-03-26,present,0,7,
14699,220,1235,19,2026-03-28,absent_unexcused,0,7,Sababsiz
14700,220,1236,19,2026-03-31,present,0,7,
14701,220,1237,19,2026-04-02,late,8,7,
14702,220,1238,19,2026-04-04,absent_unexcused,0,7,Sababsiz
14703,220,1239,19,2026-04-07,present,0,7,
14704,220,1240,19,2026-04-09,present,0,7,
14705,220,1241,19,2026-04-11,present,0,7,
14706,220,1242,19,2026-04-14,present,0,7,
14707,220,1243,19,2026-04-16,present,0,7,
14708,220,1244,19,2026-04-18,absent_unexcused,0,7,Sababsiz
14709,220,1245,19,2026-04-21,present,0,7,
14710,220,1246,19,2026-04-23,present,0,7,
14711,220,1247,19,2026-04-25,present,0,7,
14712,220,1248,19,2026-04-28,present,0,7,
14713,220,1249,19,2026-04-30,present,0,7,
14714,220,1250,19,2026-05-02,present,0,7,
14715,220,1251,19,2026-05-05,absent_excused,0,7,Ota-ona xabar berdi
14716,220,1252,19,2026-05-07,absent_unexcused,0,7,Sababsiz
14717,220,1253,19,2026-05-12,present,0,7,
14718,220,1254,19,2026-05-14,present,0,7,
14719,220,1255,19,2026-05-16,late,11,7,
14720,220,1256,19,2026-05-19,late,23,7,
14721,220,1257,19,2026-05-21,present,0,7,
14722,220,1258,19,2026-05-23,present,0,7,
14723,220,1259,19,2026-05-26,present,0,7,
14724,220,1260,19,2026-05-28,absent_excused,0,7,Ota-ona xabar berdi
14725,220,1261,19,2026-05-30,absent_excused,0,7,Ota-ona xabar berdi
14726,220,1262,19,2026-06-02,present,0,7,
14727,220,1263,19,2026-06-04,absent_excused,0,7,Ota-ona xabar berdi
14728,220,1264,19,2026-06-06,present,0,7,
14729,220,1265,19,2026-06-09,present,0,7,
14730,220,1266,19,2026-06-11,present,0,7,
14731,220,1267,19,2026-06-13,present,0,7,
14732,220,1268,19,2026-06-16,present,0,7,
14733,220,1269,19,2026-06-18,absent_unexcused,0,7,Sababsiz
14734,220,1270,19,2026-06-20,late,13,7,
14735,220,1271,19,2026-06-23,present,0,7,
14736,220,1272,19,2026-06-25,present,0,7,
14737,220,1273,19,2026-06-27,absent_excused,0,7,Ota-ona xabar berdi
14738,220,1274,19,2026-06-30,absent_unexcused,0,7,Sababsiz
14739,220,1275,19,2026-07-02,absent_excused,0,7,Ota-ona xabar berdi
14740,220,1276,19,2026-07-04,present,0,7,
14741,220,1277,19,2026-07-07,absent_unexcused,0,7,Sababsiz
14742,220,1278,19,2026-07-09,present,0,7,
14743,220,1279,19,2026-07-11,present,0,7,
14744,220,1280,19,2026-07-14,absent_unexcused,0,7,Sababsiz
14745,220,1281,19,2026-07-16,absent_unexcused,0,7,Sababsiz
14746,220,1282,19,2026-07-18,present,0,7,
14747,220,1283,19,2026-07-21,present,0,7,
14748,220,1284,19,2026-07-23,present,0,7,
14749,220,1285,19,2026-07-25,absent_unexcused,0,7,Sababsiz
14750,220,1286,19,2026-07-28,present,0,7,
14751,220,1287,19,2026-07-30,absent_excused,0,7,Ota-ona xabar berdi
14752,221,1288,20,2026-02-10,absent_unexcused,0,3,Sababsiz
14753,221,1289,20,2026-02-12,present,0,3,
14754,221,1290,20,2026-02-14,present,0,3,
14755,221,1291,20,2026-02-17,present,0,3,
14756,221,1292,20,2026-02-19,present,0,3,
14757,221,1293,20,2026-02-21,present,0,3,
14758,221,1294,20,2026-02-24,present,0,3,
14759,221,1295,20,2026-02-26,present,0,3,
14760,221,1296,20,2026-02-28,present,0,3,
14761,221,1297,20,2026-03-03,present,0,3,
14762,221,1298,20,2026-03-05,present,0,3,
14763,221,1299,20,2026-03-07,present,0,3,
14764,221,1300,20,2026-03-10,present,0,3,
14765,221,1301,20,2026-03-12,present,0,3,
14766,221,1302,20,2026-03-14,present,0,3,
14767,221,1303,20,2026-03-17,present,0,3,
14768,221,1304,20,2026-03-19,present,0,3,
14769,221,1305,20,2026-03-24,present,0,3,
14770,221,1306,20,2026-03-26,present,0,3,
14771,221,1307,20,2026-03-28,absent_excused,0,3,Ota-ona xabar berdi
14772,221,1308,20,2026-03-31,present,0,3,
14773,221,1309,20,2026-04-02,absent_unexcused,0,3,Sababsiz
14774,221,1310,20,2026-04-04,late,25,3,
14775,221,1311,20,2026-04-07,present,0,3,
14776,221,1312,20,2026-04-09,present,0,3,
14777,221,1313,20,2026-04-11,present,0,3,
14778,221,1314,20,2026-04-14,present,0,3,
14779,221,1315,20,2026-04-16,present,0,3,
14780,221,1316,20,2026-04-18,present,0,3,
14781,221,1317,20,2026-04-21,late,15,3,
14782,221,1318,20,2026-04-23,present,0,3,
14783,221,1319,20,2026-04-25,present,0,3,
14784,221,1320,20,2026-04-28,present,0,3,
14785,221,1321,20,2026-04-30,present,0,3,
14786,221,1322,20,2026-05-02,present,0,3,
14787,221,1323,20,2026-05-05,present,0,3,
14788,221,1324,20,2026-05-07,present,0,3,
14789,221,1325,20,2026-05-12,present,0,3,
14790,221,1326,20,2026-05-14,late,12,3,
14791,221,1327,20,2026-05-16,present,0,3,
14792,221,1328,20,2026-05-19,present,0,3,
14793,221,1329,20,2026-05-21,present,0,3,
14794,221,1330,20,2026-05-23,present,0,3,
14795,221,1331,20,2026-05-26,present,0,3,
14796,221,1332,20,2026-05-28,present,0,3,
14797,221,1333,20,2026-05-30,present,0,3,
14798,221,1334,20,2026-06-02,present,0,3,
14799,221,1335,20,2026-06-04,present,0,3,
14800,221,1336,20,2026-06-06,present,0,3,
14801,221,1337,20,2026-06-09,present,0,3,
14802,221,1338,20,2026-06-11,present,0,3,
14803,221,1339,20,2026-06-13,present,0,3,
14804,221,1340,20,2026-06-16,present,0,3,
14805,221,1341,20,2026-06-18,present,0,3,
14806,221,1342,20,2026-06-20,present,0,3,
14807,221,1343,20,2026-06-23,present,0,3,
14808,221,1344,20,2026-06-25,present,0,3,
14809,221,1345,20,2026-06-27,present,0,3,
14810,221,1346,20,2026-06-30,present,0,3,
14811,221,1347,20,2026-07-02,present,0,3,
14812,221,1348,20,2026-07-04,present,0,3,
14813,221,1349,20,2026-07-07,present,0,3,
14814,221,1350,20,2026-07-09,present,0,3,
14815,221,1351,20,2026-07-11,present,0,3,
14816,221,1352,20,2026-07-14,present,0,3,
14817,221,1353,20,2026-07-16,present,0,3,
14818,221,1354,20,2026-07-18,present,0,3,
14819,221,1355,20,2026-07-21,present,0,3,
14820,221,1356,20,2026-07-23,present,0,3,
14821,221,1357,20,2026-07-25,present,0,3,
14822,221,1358,20,2026-07-28,present,0,3,
14823,221,1359,20,2026-07-30,present,0,3,
14824,222,1288,20,2026-02-10,present,0,3,
14825,222,1289,20,2026-02-12,present,0,3,
14826,222,1290,20,2026-02-14,present,0,3,
14827,222,1291,20,2026-02-17,absent_excused,0,3,Ota-ona xabar berdi
14828,222,1292,20,2026-02-19,present,0,3,
14829,222,1293,20,2026-02-21,present,0,3,
14830,222,1294,20,2026-02-24,late,21,3,
14831,222,1295,20,2026-02-26,present,0,3,
14832,222,1296,20,2026-02-28,late,6,3,
14833,222,1297,20,2026-03-03,present,0,3,
14834,222,1298,20,2026-03-05,present,0,3,
14835,222,1299,20,2026-03-07,absent_excused,0,3,Ota-ona xabar berdi
14836,222,1300,20,2026-03-10,absent_unexcused,0,3,Sababsiz
14837,222,1301,20,2026-03-12,absent_unexcused,0,3,Sababsiz
14838,222,1302,20,2026-03-14,absent_excused,0,3,Ota-ona xabar berdi
14839,222,1303,20,2026-03-17,late,21,3,
14840,222,1304,20,2026-03-19,present,0,3,
14841,222,1305,20,2026-03-24,absent_excused,0,3,Ota-ona xabar berdi
14842,222,1306,20,2026-03-26,late,11,3,
14843,222,1307,20,2026-03-28,present,0,3,
14844,222,1308,20,2026-03-31,absent_unexcused,0,3,Sababsiz
14845,222,1309,20,2026-04-02,absent_unexcused,0,3,Sababsiz
14846,222,1310,20,2026-04-04,present,0,3,
14847,222,1311,20,2026-04-07,absent_unexcused,0,3,Sababsiz
14848,222,1312,20,2026-04-09,present,0,3,
14849,222,1313,20,2026-04-11,absent_unexcused,0,3,Sababsiz
14850,222,1314,20,2026-04-14,absent_unexcused,0,3,Sababsiz
14851,222,1315,20,2026-04-16,present,0,3,
14852,222,1316,20,2026-04-18,present,0,3,
14853,222,1317,20,2026-04-21,present,0,3,
14854,222,1318,20,2026-04-23,late,23,3,
14855,222,1319,20,2026-04-25,present,0,3,
14856,222,1320,20,2026-04-28,present,0,3,
14857,222,1321,20,2026-04-30,absent_excused,0,3,Ota-ona xabar berdi
14858,222,1322,20,2026-05-02,late,7,3,
14859,222,1323,20,2026-05-05,late,22,3,
14860,222,1324,20,2026-05-07,late,16,3,
14861,222,1325,20,2026-05-12,present,0,3,
14862,222,1326,20,2026-05-14,absent_unexcused,0,3,Sababsiz
14863,222,1327,20,2026-05-16,late,20,3,
14864,222,1328,20,2026-05-19,absent_unexcused,0,3,Sababsiz
14865,222,1329,20,2026-05-21,present,0,3,
14866,222,1330,20,2026-05-23,present,0,3,
14867,222,1331,20,2026-05-26,present,0,3,
14868,222,1332,20,2026-05-28,late,6,3,
14869,222,1333,20,2026-05-30,absent_excused,0,3,Ota-ona xabar berdi
14870,222,1334,20,2026-06-02,absent_unexcused,0,3,Sababsiz
14871,222,1335,20,2026-06-04,present,0,3,
14872,222,1336,20,2026-06-06,present,0,3,
14873,222,1337,20,2026-06-09,absent_excused,0,3,Ota-ona xabar berdi
14874,222,1338,20,2026-06-11,absent_unexcused,0,3,Sababsiz
14875,222,1339,20,2026-06-13,present,0,3,
14876,222,1340,20,2026-06-16,present,0,3,
14877,222,1341,20,2026-06-18,late,22,3,
14878,222,1342,20,2026-06-20,late,10,3,
14879,222,1343,20,2026-06-23,present,0,3,
14880,222,1344,20,2026-06-25,absent_excused,0,3,Ota-ona xabar berdi
14881,222,1345,20,2026-06-27,present,0,3,
14882,222,1346,20,2026-06-30,present,0,3,
14883,222,1347,20,2026-07-02,present,0,3,
14884,222,1348,20,2026-07-04,present,0,3,
14885,222,1349,20,2026-07-07,absent_unexcused,0,3,Sababsiz
14886,222,1350,20,2026-07-09,present,0,3,
14887,222,1351,20,2026-07-11,present,0,3,
14888,222,1352,20,2026-07-14,present,0,3,
14889,222,1353,20,2026-07-16,late,7,3,
14890,222,1354,20,2026-07-18,absent_unexcused,0,3,Sababsiz
14891,222,1355,20,2026-07-21,present,0,3,
14892,222,1356,20,2026-07-23,absent_excused,0,3,Ota-ona xabar berdi
14893,222,1357,20,2026-07-25,present,0,3,
14894,222,1358,20,2026-07-28,late,12,3,
14895,222,1359,20,2026-07-30,present,0,3,
14896,223,1288,20,2026-02-10,present,0,3,
14897,223,1289,20,2026-02-12,present,0,3,
14898,223,1290,20,2026-02-14,present,0,3,
14899,223,1291,20,2026-02-17,late,10,3,
14900,223,1292,20,2026-02-19,present,0,3,
14901,223,1293,20,2026-02-21,absent_excused,0,3,Ota-ona xabar berdi
14902,223,1294,20,2026-02-24,present,0,3,
14903,223,1295,20,2026-02-26,present,0,3,
14904,223,1296,20,2026-02-28,present,0,3,
14905,223,1297,20,2026-03-03,present,0,3,
14906,223,1298,20,2026-03-05,present,0,3,
14907,223,1299,20,2026-03-07,late,20,3,
14908,223,1300,20,2026-03-10,present,0,3,
14909,223,1301,20,2026-03-12,present,0,3,
14910,223,1302,20,2026-03-14,present,0,3,
14911,223,1303,20,2026-03-17,absent_unexcused,0,3,Sababsiz
14912,223,1304,20,2026-03-19,present,0,3,
14913,223,1305,20,2026-03-24,absent_unexcused,0,3,Sababsiz
14914,223,1306,20,2026-03-26,present,0,3,
14915,223,1307,20,2026-03-28,present,0,3,
14916,223,1308,20,2026-03-31,present,0,3,
14917,223,1309,20,2026-04-02,late,10,3,
14918,223,1310,20,2026-04-04,absent_excused,0,3,Ota-ona xabar berdi
14919,223,1311,20,2026-04-07,absent_unexcused,0,3,Sababsiz
14920,223,1312,20,2026-04-09,present,0,3,
14921,223,1313,20,2026-04-11,present,0,3,
14922,223,1314,20,2026-04-14,present,0,3,
14923,223,1315,20,2026-04-16,present,0,3,
14924,223,1316,20,2026-04-18,present,0,3,
14925,223,1317,20,2026-04-21,present,0,3,
14926,223,1318,20,2026-04-23,present,0,3,
14927,223,1319,20,2026-04-25,present,0,3,
14928,223,1320,20,2026-04-28,present,0,3,
14929,223,1321,20,2026-04-30,late,12,3,
14930,223,1322,20,2026-05-02,absent_unexcused,0,3,Sababsiz
14931,223,1323,20,2026-05-05,present,0,3,
14932,223,1324,20,2026-05-07,late,23,3,
14933,223,1325,20,2026-05-12,present,0,3,
14934,223,1326,20,2026-05-14,late,18,3,
14935,223,1327,20,2026-05-16,present,0,3,
14936,223,1328,20,2026-05-19,late,14,3,
14937,223,1329,20,2026-05-21,absent_excused,0,3,Ota-ona xabar berdi
14938,223,1330,20,2026-05-23,present,0,3,
14939,223,1331,20,2026-05-26,present,0,3,
14940,223,1332,20,2026-05-28,present,0,3,
14941,223,1333,20,2026-05-30,absent_excused,0,3,Ota-ona xabar berdi
14942,223,1334,20,2026-06-02,absent_excused,0,3,Ota-ona xabar berdi
14943,223,1335,20,2026-06-04,present,0,3,
14944,223,1336,20,2026-06-06,present,0,3,
14945,223,1337,20,2026-06-09,present,0,3,
14946,223,1338,20,2026-06-11,present,0,3,
14947,223,1339,20,2026-06-13,present,0,3,
14948,223,1340,20,2026-06-16,present,0,3,
14949,223,1341,20,2026-06-18,present,0,3,
14950,223,1342,20,2026-06-20,present,0,3,
14951,223,1343,20,2026-06-23,absent_unexcused,0,3,Sababsiz
14952,223,1344,20,2026-06-25,present,0,3,
14953,223,1345,20,2026-06-27,present,0,3,
14954,223,1346,20,2026-06-30,absent_unexcused,0,3,Sababsiz
14955,223,1347,20,2026-07-02,present,0,3,
14956,223,1348,20,2026-07-04,present,0,3,
14957,223,1349,20,2026-07-07,present,0,3,
14958,223,1350,20,2026-07-09,present,0,3,
14959,223,1351,20,2026-07-11,absent_unexcused,0,3,Sababsiz
14960,223,1352,20,2026-07-14,absent_unexcused,0,3,Sababsiz
14961,223,1353,20,2026-07-16,absent_excused,0,3,Ota-ona xabar berdi
14962,223,1354,20,2026-07-18,absent_unexcused,0,3,Sababsiz
14963,223,1355,20,2026-07-21,present,0,3,
14964,223,1356,20,2026-07-23,absent_unexcused,0,3,Sababsiz
14965,223,1357,20,2026-07-25,present,0,3,
14966,223,1358,20,2026-07-28,present,0,3,
14967,223,1359,20,2026-07-30,present,0,3,
14968,224,1288,20,2026-02-10,present,0,3,
14969,224,1289,20,2026-02-12,present,0,3,
14970,224,1290,20,2026-02-14,present,0,3,
14971,224,1291,20,2026-02-17,present,0,3,
14972,224,1292,20,2026-02-19,absent_excused,0,3,Ota-ona xabar berdi
14973,224,1293,20,2026-02-21,late,6,3,
14974,224,1294,20,2026-02-24,present,0,3,
14975,224,1295,20,2026-02-26,present,0,3,
14976,224,1296,20,2026-02-28,present,0,3,
14977,224,1297,20,2026-03-03,present,0,3,
14978,224,1298,20,2026-03-05,present,0,3,
14979,224,1299,20,2026-03-07,present,0,3,
14980,224,1300,20,2026-03-10,present,0,3,
14981,224,1301,20,2026-03-12,present,0,3,
14982,224,1302,20,2026-03-14,present,0,3,
14983,224,1303,20,2026-03-17,present,0,3,
14984,224,1304,20,2026-03-19,present,0,3,
14985,224,1305,20,2026-03-24,present,0,3,
14986,224,1306,20,2026-03-26,present,0,3,
14987,224,1307,20,2026-03-28,late,19,3,
14988,224,1308,20,2026-03-31,present,0,3,
14989,224,1309,20,2026-04-02,present,0,3,
14990,224,1310,20,2026-04-04,present,0,3,
14991,224,1311,20,2026-04-07,absent_unexcused,0,3,Sababsiz
14992,224,1312,20,2026-04-09,present,0,3,
14993,224,1313,20,2026-04-11,absent_excused,0,3,Ota-ona xabar berdi
14994,224,1314,20,2026-04-14,late,5,3,
14995,224,1315,20,2026-04-16,present,0,3,
14996,224,1316,20,2026-04-18,present,0,3,
14997,224,1317,20,2026-04-21,present,0,3,
14998,224,1318,20,2026-04-23,present,0,3,
14999,224,1319,20,2026-04-25,present,0,3,
15000,224,1320,20,2026-04-28,present,0,3,
15001,224,1321,20,2026-04-30,present,0,3,
15002,224,1322,20,2026-05-02,present,0,3,
15003,224,1323,20,2026-05-05,present,0,3,
15004,224,1324,20,2026-05-07,late,22,3,
15005,224,1325,20,2026-05-12,present,0,3,
15006,224,1326,20,2026-05-14,present,0,3,
15007,224,1327,20,2026-05-16,present,0,3,
15008,224,1328,20,2026-05-19,present,0,3,
15009,224,1329,20,2026-05-21,absent_excused,0,3,Ota-ona xabar berdi
15010,224,1330,20,2026-05-23,present,0,3,
15011,224,1331,20,2026-05-26,present,0,3,
15012,224,1332,20,2026-05-28,present,0,3,
15013,224,1333,20,2026-05-30,present,0,3,
15014,224,1334,20,2026-06-02,present,0,3,
15015,224,1335,20,2026-06-04,present,0,3,
15016,224,1336,20,2026-06-06,present,0,3,
15017,224,1337,20,2026-06-09,absent_unexcused,0,3,Sababsiz
15018,224,1338,20,2026-06-11,absent_excused,0,3,Ota-ona xabar berdi
15019,224,1339,20,2026-06-13,present,0,3,
15020,224,1340,20,2026-06-16,present,0,3,
15021,224,1341,20,2026-06-18,late,8,3,
15022,224,1342,20,2026-06-20,absent_excused,0,3,Ota-ona xabar berdi
15023,224,1343,20,2026-06-23,present,0,3,
15024,224,1344,20,2026-06-25,present,0,3,
15025,224,1345,20,2026-06-27,present,0,3,
15026,224,1346,20,2026-06-30,present,0,3,
15027,224,1347,20,2026-07-02,present,0,3,
15028,224,1348,20,2026-07-04,present,0,3,
15029,224,1349,20,2026-07-07,present,0,3,
15030,224,1350,20,2026-07-09,present,0,3,
15031,224,1351,20,2026-07-11,present,0,3,
15032,224,1352,20,2026-07-14,present,0,3,
15033,224,1353,20,2026-07-16,present,0,3,
15034,224,1354,20,2026-07-18,present,0,3,
15035,224,1355,20,2026-07-21,present,0,3,
15036,224,1356,20,2026-07-23,present,0,3,
15037,224,1357,20,2026-07-25,present,0,3,
15038,224,1358,20,2026-07-28,present,0,3,
15039,224,1359,20,2026-07-30,present,0,3,
15040,225,1288,20,2026-02-10,absent_unexcused,0,3,Sababsiz
15041,225,1289,20,2026-02-12,present,0,3,
15042,225,1290,20,2026-02-14,absent_excused,0,3,Ota-ona xabar berdi
15043,225,1291,20,2026-02-17,present,0,3,
15044,225,1292,20,2026-02-19,present,0,3,
15045,225,1293,20,2026-02-21,present,0,3,
15046,225,1294,20,2026-02-24,present,0,3,
15047,225,1295,20,2026-02-26,absent_unexcused,0,3,Sababsiz
15048,225,1296,20,2026-02-28,absent_unexcused,0,3,Sababsiz
15049,225,1297,20,2026-03-03,present,0,3,
15050,225,1298,20,2026-03-05,present,0,3,
15051,225,1299,20,2026-03-07,present,0,3,
15052,225,1300,20,2026-03-10,present,0,3,
15053,225,1301,20,2026-03-12,present,0,3,
15054,225,1302,20,2026-03-14,absent_excused,0,3,Ota-ona xabar berdi
15055,225,1303,20,2026-03-17,present,0,3,
15056,225,1304,20,2026-03-19,present,0,3,
15057,225,1305,20,2026-03-24,absent_unexcused,0,3,Sababsiz
15058,225,1306,20,2026-03-26,present,0,3,
15059,225,1307,20,2026-03-28,present,0,3,
15060,225,1308,20,2026-03-31,present,0,3,
15061,225,1309,20,2026-04-02,absent_excused,0,3,Ota-ona xabar berdi
15062,225,1310,20,2026-04-04,present,0,3,
15063,225,1311,20,2026-04-07,present,0,3,
15064,225,1312,20,2026-04-09,present,0,3,
15065,225,1313,20,2026-04-11,present,0,3,
15066,225,1314,20,2026-04-14,present,0,3,
15067,225,1315,20,2026-04-16,present,0,3,
15068,225,1316,20,2026-04-18,present,0,3,
15069,225,1317,20,2026-04-21,present,0,3,
15070,225,1318,20,2026-04-23,present,0,3,
15071,225,1319,20,2026-04-25,absent_unexcused,0,3,Sababsiz
15072,225,1320,20,2026-04-28,present,0,3,
15073,225,1321,20,2026-04-30,present,0,3,
15074,225,1322,20,2026-05-02,present,0,3,
15075,225,1323,20,2026-05-05,present,0,3,
15076,225,1324,20,2026-05-07,present,0,3,
15077,225,1325,20,2026-05-12,present,0,3,
15078,225,1326,20,2026-05-14,present,0,3,
15079,225,1327,20,2026-05-16,present,0,3,
15080,225,1328,20,2026-05-19,present,0,3,
15081,225,1329,20,2026-05-21,present,0,3,
15082,225,1330,20,2026-05-23,present,0,3,
15083,225,1331,20,2026-05-26,present,0,3,
15084,225,1332,20,2026-05-28,present,0,3,
15085,225,1333,20,2026-05-30,present,0,3,
15086,225,1334,20,2026-06-02,present,0,3,
15087,225,1335,20,2026-06-04,present,0,3,
15088,225,1336,20,2026-06-06,late,22,3,
15089,225,1337,20,2026-06-09,late,20,3,
15090,225,1338,20,2026-06-11,present,0,3,
15091,225,1339,20,2026-06-13,present,0,3,
15092,225,1340,20,2026-06-16,present,0,3,
15093,225,1341,20,2026-06-18,absent_excused,0,3,Ota-ona xabar berdi
15094,225,1342,20,2026-06-20,present,0,3,
15095,225,1343,20,2026-06-23,present,0,3,
15096,225,1344,20,2026-06-25,present,0,3,
15097,225,1345,20,2026-06-27,present,0,3,
15098,225,1346,20,2026-06-30,present,0,3,
15099,225,1347,20,2026-07-02,present,0,3,
15100,225,1348,20,2026-07-04,present,0,3,
15101,225,1349,20,2026-07-07,late,13,3,
15102,225,1350,20,2026-07-09,late,8,3,
15103,225,1351,20,2026-07-11,present,0,3,
15104,225,1352,20,2026-07-14,present,0,3,
15105,225,1353,20,2026-07-16,present,0,3,
15106,225,1354,20,2026-07-18,present,0,3,
15107,225,1355,20,2026-07-21,late,12,3,
15108,225,1356,20,2026-07-23,present,0,3,
15109,225,1357,20,2026-07-25,present,0,3,
15110,225,1358,20,2026-07-28,present,0,3,
15111,225,1359,20,2026-07-30,present,0,3,
15112,226,1288,20,2026-02-10,present,0,3,
15113,226,1289,20,2026-02-12,present,0,3,
15114,226,1290,20,2026-02-14,present,0,3,
15115,226,1291,20,2026-02-17,present,0,3,
15116,226,1292,20,2026-02-19,late,10,3,
15117,226,1293,20,2026-02-21,present,0,3,
15118,226,1294,20,2026-02-24,present,0,3,
15119,226,1295,20,2026-02-26,present,0,3,
15120,226,1296,20,2026-02-28,present,0,3,
15121,226,1297,20,2026-03-03,present,0,3,
15122,226,1298,20,2026-03-05,present,0,3,
15123,226,1299,20,2026-03-07,present,0,3,
15124,226,1300,20,2026-03-10,present,0,3,
15125,226,1301,20,2026-03-12,absent_unexcused,0,3,Sababsiz
15126,226,1302,20,2026-03-14,present,0,3,
15127,226,1303,20,2026-03-17,late,10,3,
15128,226,1304,20,2026-03-19,present,0,3,
15129,226,1305,20,2026-03-24,present,0,3,
15130,226,1306,20,2026-03-26,present,0,3,
15131,226,1307,20,2026-03-28,late,16,3,
15132,226,1308,20,2026-03-31,present,0,3,
15133,226,1309,20,2026-04-02,absent_unexcused,0,3,Sababsiz
15134,226,1310,20,2026-04-04,present,0,3,
15135,226,1311,20,2026-04-07,present,0,3,
15136,226,1312,20,2026-04-09,present,0,3,
15137,226,1313,20,2026-04-11,present,0,3,
15138,226,1314,20,2026-04-14,late,18,3,
15139,226,1315,20,2026-04-16,present,0,3,
15140,226,1316,20,2026-04-18,present,0,3,
15141,226,1317,20,2026-04-21,present,0,3,
15142,226,1318,20,2026-04-23,present,0,3,
15143,226,1319,20,2026-04-25,present,0,3,
15144,226,1320,20,2026-04-28,present,0,3,
15145,226,1321,20,2026-04-30,present,0,3,
15146,226,1322,20,2026-05-02,late,15,3,
15147,226,1323,20,2026-05-05,present,0,3,
15148,226,1324,20,2026-05-07,present,0,3,
15149,226,1325,20,2026-05-12,absent_unexcused,0,3,Sababsiz
15150,226,1326,20,2026-05-14,present,0,3,
15151,226,1327,20,2026-05-16,present,0,3,
15152,226,1328,20,2026-05-19,present,0,3,
15153,226,1329,20,2026-05-21,present,0,3,
15154,226,1330,20,2026-05-23,present,0,3,
15155,226,1331,20,2026-05-26,present,0,3,
15156,226,1332,20,2026-05-28,present,0,3,
15157,226,1333,20,2026-05-30,present,0,3,
15158,226,1334,20,2026-06-02,present,0,3,
15159,226,1335,20,2026-06-04,present,0,3,
15160,226,1336,20,2026-06-06,present,0,3,
15161,226,1337,20,2026-06-09,present,0,3,
15162,226,1338,20,2026-06-11,present,0,3,
15163,226,1339,20,2026-06-13,present,0,3,
15164,226,1340,20,2026-06-16,present,0,3,
15165,226,1341,20,2026-06-18,present,0,3,
15166,226,1342,20,2026-06-20,present,0,3,
15167,226,1343,20,2026-06-23,present,0,3,
15168,226,1344,20,2026-06-25,present,0,3,
15169,226,1345,20,2026-06-27,present,0,3,
15170,226,1346,20,2026-06-30,present,0,3,
15171,226,1347,20,2026-07-02,present,0,3,
15172,226,1348,20,2026-07-04,present,0,3,
15173,226,1349,20,2026-07-07,present,0,3,
15174,226,1350,20,2026-07-09,present,0,3,
15175,226,1351,20,2026-07-11,present,0,3,
15176,226,1352,20,2026-07-14,present,0,3,
15177,226,1353,20,2026-07-16,absent_unexcused,0,3,Sababsiz
15178,226,1354,20,2026-07-18,late,16,3,
15179,226,1355,20,2026-07-21,present,0,3,
15180,226,1356,20,2026-07-23,present,0,3,
15181,226,1357,20,2026-07-25,present,0,3,
15182,226,1358,20,2026-07-28,present,0,3,
15183,226,1359,20,2026-07-30,present,0,3,
15184,227,1288,20,2026-02-10,absent_excused,0,3,Ota-ona xabar berdi
15185,227,1289,20,2026-02-12,late,9,3,
15186,227,1290,20,2026-02-14,present,0,3,
15187,227,1291,20,2026-02-17,absent_excused,0,3,Ota-ona xabar berdi
15188,227,1292,20,2026-02-19,present,0,3,
15189,227,1293,20,2026-02-21,present,0,3,
15190,227,1294,20,2026-02-24,present,0,3,
15191,227,1295,20,2026-02-26,present,0,3,
15192,227,1296,20,2026-02-28,present,0,3,
15193,227,1297,20,2026-03-03,late,7,3,
15194,227,1298,20,2026-03-05,present,0,3,
15195,227,1299,20,2026-03-07,present,0,3,
15196,227,1300,20,2026-03-10,present,0,3,
15197,227,1301,20,2026-03-12,present,0,3,
15198,227,1302,20,2026-03-14,present,0,3,
15199,227,1303,20,2026-03-17,present,0,3,
15200,227,1304,20,2026-03-19,present,0,3,
15201,227,1305,20,2026-03-24,present,0,3,
15202,227,1306,20,2026-03-26,present,0,3,
15203,227,1307,20,2026-03-28,present,0,3,
15204,227,1308,20,2026-03-31,late,14,3,
15205,227,1309,20,2026-04-02,present,0,3,
15206,227,1310,20,2026-04-04,present,0,3,
15207,227,1311,20,2026-04-07,present,0,3,
15208,227,1312,20,2026-04-09,present,0,3,
15209,227,1313,20,2026-04-11,present,0,3,
15210,227,1314,20,2026-04-14,present,0,3,
15211,227,1315,20,2026-04-16,present,0,3,
15212,227,1316,20,2026-04-18,present,0,3,
15213,227,1317,20,2026-04-21,present,0,3,
15214,227,1318,20,2026-04-23,present,0,3,
15215,227,1319,20,2026-04-25,present,0,3,
15216,227,1320,20,2026-04-28,present,0,3,
15217,227,1321,20,2026-04-30,absent_excused,0,3,Ota-ona xabar berdi
15218,227,1322,20,2026-05-02,present,0,3,
15219,227,1323,20,2026-05-05,present,0,3,
15220,227,1324,20,2026-05-07,present,0,3,
15221,227,1325,20,2026-05-12,present,0,3,
15222,227,1326,20,2026-05-14,present,0,3,
15223,227,1327,20,2026-05-16,present,0,3,
15224,227,1328,20,2026-05-19,absent_excused,0,3,Ota-ona xabar berdi
15225,227,1329,20,2026-05-21,absent_excused,0,3,Ota-ona xabar berdi
15226,227,1330,20,2026-05-23,present,0,3,
15227,227,1331,20,2026-05-26,present,0,3,
15228,227,1332,20,2026-05-28,present,0,3,
15229,227,1333,20,2026-05-30,absent_unexcused,0,3,Sababsiz
15230,227,1334,20,2026-06-02,present,0,3,
15231,227,1335,20,2026-06-04,present,0,3,
15232,227,1336,20,2026-06-06,present,0,3,
15233,227,1337,20,2026-06-09,present,0,3,
15234,227,1338,20,2026-06-11,present,0,3,
15235,227,1339,20,2026-06-13,present,0,3,
15236,227,1340,20,2026-06-16,present,0,3,
15237,227,1341,20,2026-06-18,present,0,3,
15238,227,1342,20,2026-06-20,present,0,3,
15239,227,1343,20,2026-06-23,present,0,3,
15240,227,1344,20,2026-06-25,present,0,3,
15241,227,1345,20,2026-06-27,present,0,3,
15242,227,1346,20,2026-06-30,absent_excused,0,3,Ota-ona xabar berdi
15243,227,1347,20,2026-07-02,absent_unexcused,0,3,Sababsiz
15244,227,1348,20,2026-07-04,present,0,3,
15245,227,1349,20,2026-07-07,present,0,3,
15246,227,1350,20,2026-07-09,late,11,3,
15247,227,1351,20,2026-07-11,present,0,3,
15248,227,1352,20,2026-07-14,present,0,3,
15249,227,1353,20,2026-07-16,present,0,3,
15250,227,1354,20,2026-07-18,present,0,3,
15251,227,1355,20,2026-07-21,present,0,3,
15252,227,1356,20,2026-07-23,present,0,3,
15253,227,1357,20,2026-07-25,present,0,3,
15254,227,1358,20,2026-07-28,present,0,3,
15255,227,1359,20,2026-07-30,present,0,3,
15256,228,1288,20,2026-02-10,absent_excused,0,3,Ota-ona xabar berdi
15257,228,1289,20,2026-02-12,absent_excused,0,3,Ota-ona xabar berdi
15258,228,1290,20,2026-02-14,present,0,3,
15259,228,1291,20,2026-02-17,present,0,3,
15260,228,1292,20,2026-02-19,absent_excused,0,3,Ota-ona xabar berdi
15261,228,1293,20,2026-02-21,late,21,3,
15262,228,1294,20,2026-02-24,late,12,3,
15263,228,1295,20,2026-02-26,present,0,3,
15264,228,1296,20,2026-02-28,present,0,3,
15265,228,1297,20,2026-03-03,present,0,3,
15266,228,1298,20,2026-03-05,present,0,3,
15267,228,1299,20,2026-03-07,present,0,3,
15268,228,1300,20,2026-03-10,present,0,3,
15269,228,1301,20,2026-03-12,absent_excused,0,3,Ota-ona xabar berdi
15270,228,1302,20,2026-03-14,absent_unexcused,0,3,Sababsiz
15271,228,1303,20,2026-03-17,present,0,3,
15272,228,1304,20,2026-03-19,present,0,3,
15273,228,1305,20,2026-03-24,present,0,3,
15274,228,1306,20,2026-03-26,present,0,3,
15275,228,1307,20,2026-03-28,present,0,3,
15276,228,1308,20,2026-03-31,present,0,3,
15277,228,1309,20,2026-04-02,present,0,3,
15278,228,1310,20,2026-04-04,present,0,3,
15279,228,1311,20,2026-04-07,present,0,3,
15280,228,1312,20,2026-04-09,present,0,3,
15281,228,1313,20,2026-04-11,present,0,3,
15282,228,1314,20,2026-04-14,present,0,3,
15283,228,1315,20,2026-04-16,present,0,3,
15284,228,1316,20,2026-04-18,absent_unexcused,0,3,Sababsiz
15285,228,1317,20,2026-04-21,absent_excused,0,3,Ota-ona xabar berdi
15286,228,1318,20,2026-04-23,late,17,3,
15287,228,1319,20,2026-04-25,present,0,3,
15288,228,1320,20,2026-04-28,present,0,3,
15289,228,1321,20,2026-04-30,present,0,3,
15290,228,1322,20,2026-05-02,present,0,3,
15291,228,1323,20,2026-05-05,present,0,3,
15292,228,1324,20,2026-05-07,present,0,3,
15293,228,1325,20,2026-05-12,present,0,3,
15294,228,1326,20,2026-05-14,present,0,3,
15295,228,1327,20,2026-05-16,present,0,3,
15296,228,1328,20,2026-05-19,present,0,3,
15297,228,1329,20,2026-05-21,present,0,3,
15298,228,1330,20,2026-05-23,present,0,3,
15299,228,1331,20,2026-05-26,present,0,3,
15300,228,1332,20,2026-05-28,present,0,3,
15301,228,1333,20,2026-05-30,present,0,3,
15302,228,1334,20,2026-06-02,late,11,3,
15303,228,1335,20,2026-06-04,present,0,3,
15304,228,1336,20,2026-06-06,present,0,3,
15305,228,1337,20,2026-06-09,present,0,3,
15306,228,1338,20,2026-06-11,present,0,3,
15307,228,1339,20,2026-06-13,present,0,3,
15308,228,1340,20,2026-06-16,present,0,3,
15309,228,1341,20,2026-06-18,present,0,3,
15310,228,1342,20,2026-06-20,present,0,3,
15311,228,1343,20,2026-06-23,present,0,3,
15312,228,1344,20,2026-06-25,present,0,3,
15313,228,1345,20,2026-06-27,late,13,3,
15314,228,1346,20,2026-06-30,absent_excused,0,3,Ota-ona xabar berdi
15315,228,1347,20,2026-07-02,present,0,3,
15316,228,1348,20,2026-07-04,present,0,3,
15317,228,1349,20,2026-07-07,present,0,3,
15318,228,1350,20,2026-07-09,present,0,3,
15319,228,1351,20,2026-07-11,present,0,3,
15320,228,1352,20,2026-07-14,present,0,3,
15321,228,1353,20,2026-07-16,present,0,3,
15322,228,1354,20,2026-07-18,present,0,3,
15323,228,1355,20,2026-07-21,absent_excused,0,3,Ota-ona xabar berdi
15324,228,1356,20,2026-07-23,present,0,3,
15325,228,1357,20,2026-07-25,absent_unexcused,0,3,Sababsiz
15326,228,1358,20,2026-07-28,present,0,3,
15327,228,1359,20,2026-07-30,present,0,3,
15328,229,1288,20,2026-02-10,absent_excused,0,3,Ota-ona xabar berdi
15329,229,1289,20,2026-02-12,present,0,3,
15330,229,1290,20,2026-02-14,late,10,3,
15331,229,1291,20,2026-02-17,present,0,3,
15332,229,1292,20,2026-02-19,present,0,3,
15333,229,1293,20,2026-02-21,present,0,3,
15334,229,1294,20,2026-02-24,present,0,3,
15335,229,1295,20,2026-02-26,present,0,3,
15336,229,1296,20,2026-02-28,absent_excused,0,3,Ota-ona xabar berdi
15337,229,1297,20,2026-03-03,present,0,3,
15338,229,1298,20,2026-03-05,present,0,3,
15339,229,1299,20,2026-03-07,absent_excused,0,3,Ota-ona xabar berdi
15340,229,1300,20,2026-03-10,present,0,3,
15341,229,1301,20,2026-03-12,late,15,3,
15342,229,1302,20,2026-03-14,absent_excused,0,3,Ota-ona xabar berdi
15343,229,1303,20,2026-03-17,present,0,3,
15344,229,1304,20,2026-03-19,absent_excused,0,3,Ota-ona xabar berdi
15345,229,1305,20,2026-03-24,late,6,3,
15346,229,1306,20,2026-03-26,absent_excused,0,3,Ota-ona xabar berdi
15347,229,1307,20,2026-03-28,present,0,3,
15348,229,1308,20,2026-03-31,present,0,3,
15349,229,1309,20,2026-04-02,present,0,3,
15350,229,1310,20,2026-04-04,absent_unexcused,0,3,Sababsiz
15351,229,1311,20,2026-04-07,present,0,3,
15352,229,1312,20,2026-04-09,late,18,3,
15353,229,1313,20,2026-04-11,present,0,3,
15354,229,1314,20,2026-04-14,present,0,3,
15355,229,1315,20,2026-04-16,late,18,3,
15356,229,1316,20,2026-04-18,present,0,3,
15357,229,1317,20,2026-04-21,late,18,3,
15358,229,1318,20,2026-04-23,present,0,3,
15359,229,1319,20,2026-04-25,present,0,3,
15360,229,1320,20,2026-04-28,late,10,3,
15361,229,1321,20,2026-04-30,present,0,3,
15362,229,1322,20,2026-05-02,present,0,3,
15363,229,1323,20,2026-05-05,absent_unexcused,0,3,Sababsiz
15364,229,1324,20,2026-05-07,late,17,3,
15365,229,1325,20,2026-05-12,present,0,3,
15366,229,1326,20,2026-05-14,absent_unexcused,0,3,Sababsiz
15367,229,1327,20,2026-05-16,present,0,3,
15368,229,1328,20,2026-05-19,late,17,3,
15369,229,1329,20,2026-05-21,present,0,3,
15370,229,1330,20,2026-05-23,present,0,3,
15371,229,1331,20,2026-05-26,present,0,3,
15372,229,1332,20,2026-05-28,present,0,3,
15373,229,1333,20,2026-05-30,present,0,3,
15374,229,1334,20,2026-06-02,present,0,3,
15375,229,1335,20,2026-06-04,absent_excused,0,3,Ota-ona xabar berdi
15376,229,1336,20,2026-06-06,absent_unexcused,0,3,Sababsiz
15377,229,1337,20,2026-06-09,late,14,3,
15378,229,1338,20,2026-06-11,present,0,3,
15379,229,1339,20,2026-06-13,absent_unexcused,0,3,Sababsiz
15380,229,1340,20,2026-06-16,late,18,3,
15381,229,1341,20,2026-06-18,late,16,3,
15382,229,1342,20,2026-06-20,present,0,3,
15383,229,1343,20,2026-06-23,absent_excused,0,3,Ota-ona xabar berdi
15384,229,1344,20,2026-06-25,present,0,3,
15385,229,1345,20,2026-06-27,absent_excused,0,3,Ota-ona xabar berdi
15386,229,1346,20,2026-06-30,late,11,3,
15387,229,1347,20,2026-07-02,present,0,3,
15388,229,1348,20,2026-07-04,present,0,3,
15389,229,1349,20,2026-07-07,present,0,3,
15390,229,1350,20,2026-07-09,present,0,3,
15391,229,1351,20,2026-07-11,absent_excused,0,3,Ota-ona xabar berdi
15392,229,1352,20,2026-07-14,present,0,3,
15393,229,1353,20,2026-07-16,present,0,3,
15394,229,1354,20,2026-07-18,present,0,3,
15395,229,1355,20,2026-07-21,present,0,3,
15396,229,1356,20,2026-07-23,present,0,3,
15397,229,1357,20,2026-07-25,present,0,3,
15398,229,1358,20,2026-07-28,present,0,3,
15399,229,1359,20,2026-07-30,absent_unexcused,0,3,Sababsiz
15400,230,1360,21,2026-02-02,present,0,7,
15401,230,1361,21,2026-02-04,present,0,7,
15402,230,1362,21,2026-02-06,late,7,7,
15403,230,1363,21,2026-02-09,present,0,7,
15404,230,1364,21,2026-02-11,present,0,7,
15405,230,1365,21,2026-02-13,present,0,7,
15406,230,1366,21,2026-02-16,present,0,7,
15407,230,1367,21,2026-02-18,present,0,7,
15408,230,1368,21,2026-02-20,present,0,7,
15409,230,1369,21,2026-02-23,present,0,7,
15410,230,1370,21,2026-02-25,present,0,7,
15411,230,1371,21,2026-02-27,present,0,7,
15412,230,1372,21,2026-03-02,present,0,7,
15413,230,1373,21,2026-03-04,present,0,7,
15414,230,1374,21,2026-03-06,present,0,7,
15415,230,1375,21,2026-03-09,present,0,7,
15416,230,1376,21,2026-03-11,present,0,7,
15417,230,1377,21,2026-03-13,absent_unexcused,0,7,Sababsiz
15418,230,1378,21,2026-03-16,absent_excused,0,7,Ota-ona xabar berdi
15419,230,1379,21,2026-03-18,present,0,7,
15420,230,1380,21,2026-03-25,present,0,7,
15421,230,1381,21,2026-03-27,present,0,7,
15422,230,1382,21,2026-03-30,present,0,7,
15423,230,1383,21,2026-04-01,present,0,7,
15424,230,1384,21,2026-04-03,present,0,7,
15425,230,1385,21,2026-04-06,absent_excused,0,7,Ota-ona xabar berdi
15426,230,1386,21,2026-04-08,present,0,7,
15427,230,1387,21,2026-04-10,present,0,7,
15428,230,1388,21,2026-04-13,present,0,7,
15429,230,1389,21,2026-04-15,present,0,7,
15430,230,1390,21,2026-04-17,present,0,7,
15431,230,1391,21,2026-04-20,present,0,7,
15432,230,1392,21,2026-04-22,present,0,7,
15433,230,1393,21,2026-04-24,present,0,7,
15434,230,1394,21,2026-04-27,present,0,7,
15435,230,1395,21,2026-04-29,present,0,7,
15436,230,1396,21,2026-05-01,present,0,7,
15437,230,1397,21,2026-05-04,present,0,7,
15438,230,1398,21,2026-05-06,absent_unexcused,0,7,Sababsiz
15439,230,1399,21,2026-05-08,present,0,7,
15440,230,1400,21,2026-05-11,present,0,7,
15441,230,1401,21,2026-05-13,present,0,7,
15442,230,1402,21,2026-05-15,present,0,7,
15443,230,1403,21,2026-05-18,present,0,7,
15444,230,1404,21,2026-05-20,present,0,7,
15445,230,1405,21,2026-05-22,present,0,7,
15446,230,1406,21,2026-05-25,present,0,7,
15447,230,1407,21,2026-05-27,present,0,7,
15448,230,1408,21,2026-05-29,present,0,7,
15449,230,1409,21,2026-06-01,present,0,7,
15450,230,1410,21,2026-06-03,present,0,7,
15451,230,1411,21,2026-06-05,present,0,7,
15452,230,1412,21,2026-06-08,present,0,7,
15453,230,1413,21,2026-06-10,present,0,7,
15454,230,1414,21,2026-06-12,present,0,7,
15455,230,1415,21,2026-06-15,present,0,7,
15456,230,1416,21,2026-06-17,present,0,7,
15457,230,1417,21,2026-06-19,present,0,7,
15458,230,1418,21,2026-06-22,present,0,7,
15459,230,1419,21,2026-06-24,absent_excused,0,7,Ota-ona xabar berdi
15460,230,1420,21,2026-06-26,present,0,7,
15461,230,1421,21,2026-06-29,present,0,7,
15462,230,1422,21,2026-07-01,present,0,7,
15463,230,1423,21,2026-07-03,present,0,7,
15464,230,1424,21,2026-07-06,present,0,7,
15465,230,1425,21,2026-07-08,present,0,7,
15466,230,1426,21,2026-07-10,present,0,7,
15467,230,1427,21,2026-07-13,present,0,7,
15468,230,1428,21,2026-07-15,present,0,7,
15469,230,1429,21,2026-07-17,absent_unexcused,0,7,Sababsiz
15470,230,1430,21,2026-07-20,present,0,7,
15471,230,1431,21,2026-07-22,present,0,7,
15472,230,1432,21,2026-07-24,present,0,7,
15473,230,1433,21,2026-07-27,present,0,7,
15474,230,1434,21,2026-07-29,present,0,7,
15475,230,1435,21,2026-07-31,present,0,7,
15476,231,1360,21,2026-02-02,present,0,7,
15477,231,1361,21,2026-02-04,present,0,7,
15478,231,1362,21,2026-02-06,present,0,7,
15479,231,1363,21,2026-02-09,present,0,7,
15480,231,1364,21,2026-02-11,present,0,7,
15481,231,1365,21,2026-02-13,present,0,7,
15482,231,1366,21,2026-02-16,present,0,7,
15483,231,1367,21,2026-02-18,present,0,7,
15484,231,1368,21,2026-02-20,present,0,7,
15485,231,1369,21,2026-02-23,present,0,7,
15486,231,1370,21,2026-02-25,present,0,7,
15487,231,1371,21,2026-02-27,present,0,7,
15488,231,1372,21,2026-03-02,present,0,7,
15489,231,1373,21,2026-03-04,present,0,7,
15490,231,1374,21,2026-03-06,present,0,7,
15491,231,1375,21,2026-03-09,present,0,7,
15492,231,1376,21,2026-03-11,present,0,7,
15493,231,1377,21,2026-03-13,present,0,7,
15494,231,1378,21,2026-03-16,present,0,7,
15495,231,1379,21,2026-03-18,present,0,7,
15496,231,1380,21,2026-03-25,present,0,7,
15497,231,1381,21,2026-03-27,present,0,7,
15498,231,1382,21,2026-03-30,present,0,7,
15499,231,1383,21,2026-04-01,present,0,7,
15500,231,1384,21,2026-04-03,present,0,7,
15501,231,1385,21,2026-04-06,present,0,7,
15502,231,1386,21,2026-04-08,present,0,7,
15503,231,1387,21,2026-04-10,present,0,7,
15504,231,1388,21,2026-04-13,present,0,7,
15505,231,1389,21,2026-04-15,present,0,7,
15506,231,1390,21,2026-04-17,present,0,7,
15507,231,1391,21,2026-04-20,present,0,7,
15508,231,1392,21,2026-04-22,present,0,7,
15509,231,1393,21,2026-04-24,present,0,7,
15510,231,1394,21,2026-04-27,present,0,7,
15511,231,1395,21,2026-04-29,present,0,7,
15512,231,1396,21,2026-05-01,present,0,7,
15513,231,1397,21,2026-05-04,late,23,7,
15514,231,1398,21,2026-05-06,present,0,7,
15515,231,1399,21,2026-05-08,present,0,7,
15516,231,1400,21,2026-05-11,present,0,7,
15517,231,1401,21,2026-05-13,present,0,7,
15518,231,1402,21,2026-05-15,present,0,7,
15519,231,1403,21,2026-05-18,present,0,7,
15520,231,1404,21,2026-05-20,present,0,7,
15521,231,1405,21,2026-05-22,present,0,7,
15522,231,1406,21,2026-05-25,present,0,7,
15523,231,1407,21,2026-05-27,present,0,7,
15524,231,1408,21,2026-05-29,absent_excused,0,7,Ota-ona xabar berdi
15525,231,1409,21,2026-06-01,present,0,7,
15526,231,1410,21,2026-06-03,present,0,7,
15527,231,1411,21,2026-06-05,present,0,7,
15528,231,1412,21,2026-06-08,present,0,7,
15529,231,1413,21,2026-06-10,absent_unexcused,0,7,Sababsiz
15530,231,1414,21,2026-06-12,present,0,7,
15531,231,1415,21,2026-06-15,present,0,7,
15532,231,1416,21,2026-06-17,present,0,7,
15533,231,1417,21,2026-06-19,present,0,7,
15534,231,1418,21,2026-06-22,present,0,7,
15535,231,1419,21,2026-06-24,present,0,7,
15536,231,1420,21,2026-06-26,present,0,7,
15537,231,1421,21,2026-06-29,present,0,7,
15538,231,1422,21,2026-07-01,present,0,7,
15539,231,1423,21,2026-07-03,present,0,7,
15540,231,1424,21,2026-07-06,present,0,7,
15541,231,1425,21,2026-07-08,present,0,7,
15542,231,1426,21,2026-07-10,present,0,7,
15543,231,1427,21,2026-07-13,present,0,7,
15544,231,1428,21,2026-07-15,present,0,7,
15545,231,1429,21,2026-07-17,present,0,7,
15546,231,1430,21,2026-07-20,present,0,7,
15547,231,1431,21,2026-07-22,present,0,7,
15548,231,1432,21,2026-07-24,present,0,7,
15549,231,1433,21,2026-07-27,present,0,7,
15550,231,1434,21,2026-07-29,present,0,7,
15551,231,1435,21,2026-07-31,present,0,7,
15552,232,1360,21,2026-02-02,present,0,7,
15553,232,1361,21,2026-02-04,late,9,7,
15554,232,1362,21,2026-02-06,present,0,7,
15555,232,1363,21,2026-02-09,present,0,7,
15556,232,1364,21,2026-02-11,present,0,7,
15557,232,1365,21,2026-02-13,present,0,7,
15558,232,1366,21,2026-02-16,present,0,7,
15559,232,1367,21,2026-02-18,present,0,7,
15560,232,1368,21,2026-02-20,present,0,7,
15561,232,1369,21,2026-02-23,absent_excused,0,7,Ota-ona xabar berdi
15562,232,1370,21,2026-02-25,absent_unexcused,0,7,Sababsiz
15563,232,1371,21,2026-02-27,present,0,7,
15564,232,1372,21,2026-03-02,present,0,7,
15565,232,1373,21,2026-03-04,present,0,7,
15566,232,1374,21,2026-03-06,present,0,7,
15567,232,1375,21,2026-03-09,present,0,7,
15568,232,1376,21,2026-03-11,present,0,7,
15569,232,1377,21,2026-03-13,present,0,7,
15570,232,1378,21,2026-03-16,present,0,7,
15571,232,1379,21,2026-03-18,present,0,7,
15572,232,1380,21,2026-03-25,present,0,7,
15573,232,1381,21,2026-03-27,present,0,7,
15574,232,1382,21,2026-03-30,present,0,7,
15575,232,1383,21,2026-04-01,present,0,7,
15576,232,1384,21,2026-04-03,present,0,7,
15577,232,1385,21,2026-04-06,late,12,7,
15578,232,1386,21,2026-04-08,present,0,7,
15579,232,1387,21,2026-04-10,present,0,7,
15580,232,1388,21,2026-04-13,present,0,7,
15581,232,1389,21,2026-04-15,present,0,7,
15582,232,1390,21,2026-04-17,present,0,7,
15583,232,1391,21,2026-04-20,present,0,7,
15584,232,1392,21,2026-04-22,present,0,7,
15585,232,1393,21,2026-04-24,present,0,7,
15586,232,1394,21,2026-04-27,late,10,7,
15587,232,1395,21,2026-04-29,present,0,7,
15588,232,1396,21,2026-05-01,present,0,7,
15589,232,1397,21,2026-05-04,present,0,7,
15590,232,1398,21,2026-05-06,present,0,7,
15591,232,1399,21,2026-05-08,absent_excused,0,7,Ota-ona xabar berdi
15592,232,1400,21,2026-05-11,present,0,7,
15593,232,1401,21,2026-05-13,present,0,7,
15594,232,1402,21,2026-05-15,present,0,7,
15595,232,1403,21,2026-05-18,absent_excused,0,7,Ota-ona xabar berdi
15596,232,1404,21,2026-05-20,present,0,7,
15597,232,1405,21,2026-05-22,absent_unexcused,0,7,Sababsiz
15598,232,1406,21,2026-05-25,present,0,7,
15599,232,1407,21,2026-05-27,present,0,7,
15600,232,1408,21,2026-05-29,present,0,7,
15601,232,1409,21,2026-06-01,late,10,7,
15602,232,1410,21,2026-06-03,present,0,7,
15603,232,1411,21,2026-06-05,absent_excused,0,7,Ota-ona xabar berdi
15604,232,1412,21,2026-06-08,present,0,7,
15605,232,1413,21,2026-06-10,present,0,7,
15606,232,1414,21,2026-06-12,present,0,7,
15607,232,1415,21,2026-06-15,late,25,7,
15608,232,1416,21,2026-06-17,present,0,7,
15609,232,1417,21,2026-06-19,present,0,7,
15610,232,1418,21,2026-06-22,present,0,7,
15611,232,1419,21,2026-06-24,absent_unexcused,0,7,Sababsiz
15612,232,1420,21,2026-06-26,present,0,7,
15613,232,1421,21,2026-06-29,present,0,7,
15614,232,1422,21,2026-07-01,present,0,7,
15615,232,1423,21,2026-07-03,present,0,7,
15616,232,1424,21,2026-07-06,absent_unexcused,0,7,Sababsiz
15617,232,1425,21,2026-07-08,late,9,7,
15618,232,1426,21,2026-07-10,present,0,7,
15619,232,1427,21,2026-07-13,present,0,7,
15620,232,1428,21,2026-07-15,present,0,7,
15621,232,1429,21,2026-07-17,present,0,7,
15622,232,1430,21,2026-07-20,present,0,7,
15623,232,1431,21,2026-07-22,present,0,7,
15624,232,1432,21,2026-07-24,late,11,7,
15625,232,1433,21,2026-07-27,present,0,7,
15626,232,1434,21,2026-07-29,present,0,7,
15627,232,1435,21,2026-07-31,present,0,7,
15628,233,1360,21,2026-02-02,late,6,7,
15629,233,1361,21,2026-02-04,absent_unexcused,0,7,Sababsiz
15630,233,1362,21,2026-02-06,absent_unexcused,0,7,Sababsiz
15631,233,1363,21,2026-02-09,present,0,7,
15632,233,1364,21,2026-02-11,late,15,7,
15633,233,1365,21,2026-02-13,absent_unexcused,0,7,Sababsiz
15634,233,1366,21,2026-02-16,absent_excused,0,7,Ota-ona xabar berdi
15635,233,1367,21,2026-02-18,present,0,7,
15636,233,1368,21,2026-02-20,absent_unexcused,0,7,Sababsiz
15637,233,1369,21,2026-02-23,absent_unexcused,0,7,Sababsiz
15638,233,1370,21,2026-02-25,present,0,7,
15639,233,1371,21,2026-02-27,present,0,7,
15640,233,1372,21,2026-03-02,absent_unexcused,0,7,Sababsiz
15641,233,1373,21,2026-03-04,absent_excused,0,7,Ota-ona xabar berdi
15642,233,1374,21,2026-03-06,present,0,7,
15643,233,1375,21,2026-03-09,absent_excused,0,7,Ota-ona xabar berdi
15644,233,1376,21,2026-03-11,absent_unexcused,0,7,Sababsiz
15645,233,1377,21,2026-03-13,present,0,7,
15646,233,1378,21,2026-03-16,present,0,7,
15647,233,1379,21,2026-03-18,absent_excused,0,7,Ota-ona xabar berdi
15648,233,1380,21,2026-03-25,present,0,7,
15649,233,1381,21,2026-03-27,absent_excused,0,7,Ota-ona xabar berdi
15650,233,1382,21,2026-03-30,absent_unexcused,0,7,Sababsiz
15651,233,1383,21,2026-04-01,present,0,7,
15652,233,1384,21,2026-04-03,late,21,7,
15653,233,1385,21,2026-04-06,present,0,7,
15654,233,1386,21,2026-04-08,absent_excused,0,7,Ota-ona xabar berdi
15655,233,1387,21,2026-04-10,present,0,7,
15656,233,1388,21,2026-04-13,absent_unexcused,0,7,Sababsiz
15657,233,1389,21,2026-04-15,absent_excused,0,7,Ota-ona xabar berdi
15658,233,1390,21,2026-04-17,absent_unexcused,0,7,Sababsiz
15659,233,1391,21,2026-04-20,absent_excused,0,7,Ota-ona xabar berdi
15660,233,1392,21,2026-04-22,absent_unexcused,0,7,Sababsiz
15661,233,1393,21,2026-04-24,absent_unexcused,0,7,Sababsiz
15662,233,1394,21,2026-04-27,absent_excused,0,7,Ota-ona xabar berdi
15663,233,1395,21,2026-04-29,present,0,7,
15664,233,1396,21,2026-05-01,absent_unexcused,0,7,Sababsiz
15665,233,1397,21,2026-05-04,absent_unexcused,0,7,Sababsiz
15666,233,1398,21,2026-05-06,present,0,7,
15667,233,1399,21,2026-05-08,absent_unexcused,0,7,Sababsiz
15668,233,1400,21,2026-05-11,present,0,7,
15669,233,1401,21,2026-05-13,absent_excused,0,7,Ota-ona xabar berdi
15670,233,1402,21,2026-05-15,absent_unexcused,0,7,Sababsiz
15671,233,1403,21,2026-05-18,absent_unexcused,0,7,Sababsiz
15672,233,1404,21,2026-05-20,present,0,7,
15673,233,1405,21,2026-05-22,present,0,7,
15674,233,1406,21,2026-05-25,absent_excused,0,7,Ota-ona xabar berdi
15675,233,1407,21,2026-05-27,absent_excused,0,7,Ota-ona xabar berdi
15676,233,1408,21,2026-05-29,absent_unexcused,0,7,Sababsiz
15677,233,1409,21,2026-06-01,present,0,7,
15678,233,1410,21,2026-06-03,present,0,7,
15679,233,1411,21,2026-06-05,absent_excused,0,7,Ota-ona xabar berdi
15680,233,1412,21,2026-06-08,late,9,7,
15681,233,1413,21,2026-06-10,present,0,7,
15682,233,1414,21,2026-06-12,present,0,7,
15683,233,1415,21,2026-06-15,present,0,7,
15684,233,1416,21,2026-06-17,present,0,7,
15685,233,1417,21,2026-06-19,late,17,7,
15686,233,1418,21,2026-06-22,absent_excused,0,7,Ota-ona xabar berdi
15687,233,1419,21,2026-06-24,present,0,7,
15688,233,1420,21,2026-06-26,present,0,7,
15689,233,1421,21,2026-06-29,present,0,7,
15690,233,1422,21,2026-07-01,present,0,7,
15691,233,1423,21,2026-07-03,present,0,7,
15692,233,1424,21,2026-07-06,present,0,7,
15693,233,1425,21,2026-07-08,absent_unexcused,0,7,Sababsiz
15694,233,1426,21,2026-07-10,absent_excused,0,7,Ota-ona xabar berdi
15695,233,1427,21,2026-07-13,absent_excused,0,7,Ota-ona xabar berdi
15696,233,1428,21,2026-07-15,present,0,7,
15697,233,1429,21,2026-07-17,absent_excused,0,7,Ota-ona xabar berdi
15698,233,1430,21,2026-07-20,present,0,7,
15699,233,1431,21,2026-07-22,present,0,7,
15700,233,1432,21,2026-07-24,present,0,7,
15701,233,1433,21,2026-07-27,present,0,7,
15702,233,1434,21,2026-07-29,present,0,7,
15703,233,1435,21,2026-07-31,absent_excused,0,7,Ota-ona xabar berdi
15704,234,1360,21,2026-02-02,present,0,7,
15705,234,1361,21,2026-02-04,present,0,7,
15706,234,1362,21,2026-02-06,present,0,7,
15707,234,1363,21,2026-02-09,present,0,7,
15708,234,1364,21,2026-02-11,present,0,7,
15709,234,1365,21,2026-02-13,present,0,7,
15710,234,1366,21,2026-02-16,present,0,7,
15711,234,1367,21,2026-02-18,present,0,7,
15712,234,1368,21,2026-02-20,present,0,7,
15713,234,1369,21,2026-02-23,present,0,7,
15714,234,1370,21,2026-02-25,present,0,7,
15715,234,1371,21,2026-02-27,present,0,7,
15716,234,1372,21,2026-03-02,present,0,7,
15717,234,1373,21,2026-03-04,present,0,7,
15718,234,1374,21,2026-03-06,present,0,7,
15719,234,1375,21,2026-03-09,late,20,7,
15720,234,1376,21,2026-03-11,present,0,7,
15721,234,1377,21,2026-03-13,present,0,7,
15722,234,1378,21,2026-03-16,present,0,7,
15723,234,1379,21,2026-03-18,late,14,7,
15724,234,1380,21,2026-03-25,present,0,7,
15725,234,1381,21,2026-03-27,present,0,7,
15726,234,1382,21,2026-03-30,present,0,7,
15727,234,1383,21,2026-04-01,present,0,7,
15728,234,1384,21,2026-04-03,present,0,7,
15729,234,1385,21,2026-04-06,present,0,7,
15730,234,1386,21,2026-04-08,present,0,7,
15731,234,1387,21,2026-04-10,present,0,7,
15732,234,1388,21,2026-04-13,present,0,7,
15733,234,1389,21,2026-04-15,present,0,7,
15734,234,1390,21,2026-04-17,present,0,7,
15735,234,1391,21,2026-04-20,present,0,7,
15736,234,1392,21,2026-04-22,present,0,7,
15737,234,1393,21,2026-04-24,present,0,7,
15738,234,1394,21,2026-04-27,present,0,7,
15739,234,1395,21,2026-04-29,present,0,7,
15740,234,1396,21,2026-05-01,present,0,7,
15741,234,1397,21,2026-05-04,present,0,7,
15742,234,1398,21,2026-05-06,present,0,7,
15743,234,1399,21,2026-05-08,present,0,7,
15744,234,1400,21,2026-05-11,present,0,7,
15745,234,1401,21,2026-05-13,present,0,7,
15746,234,1402,21,2026-05-15,present,0,7,
15747,234,1403,21,2026-05-18,present,0,7,
15748,234,1404,21,2026-05-20,present,0,7,
15749,234,1405,21,2026-05-22,present,0,7,
15750,234,1406,21,2026-05-25,present,0,7,
15751,234,1407,21,2026-05-27,present,0,7,
15752,234,1408,21,2026-05-29,present,0,7,
15753,234,1409,21,2026-06-01,present,0,7,
15754,234,1410,21,2026-06-03,present,0,7,
15755,234,1411,21,2026-06-05,present,0,7,
15756,234,1412,21,2026-06-08,present,0,7,
15757,234,1413,21,2026-06-10,absent_unexcused,0,7,Sababsiz
15758,234,1414,21,2026-06-12,present,0,7,
15759,234,1415,21,2026-06-15,late,20,7,
15760,234,1416,21,2026-06-17,present,0,7,
15761,234,1417,21,2026-06-19,present,0,7,
15762,234,1418,21,2026-06-22,present,0,7,
15763,234,1419,21,2026-06-24,present,0,7,
15764,234,1420,21,2026-06-26,present,0,7,
15765,234,1421,21,2026-06-29,present,0,7,
15766,234,1422,21,2026-07-01,present,0,7,
15767,234,1423,21,2026-07-03,present,0,7,
15768,234,1424,21,2026-07-06,present,0,7,
15769,234,1425,21,2026-07-08,present,0,7,
15770,234,1426,21,2026-07-10,present,0,7,
15771,234,1427,21,2026-07-13,absent_excused,0,7,Ota-ona xabar berdi
15772,234,1428,21,2026-07-15,present,0,7,
15773,234,1429,21,2026-07-17,present,0,7,
15774,234,1430,21,2026-07-20,present,0,7,
15775,234,1431,21,2026-07-22,present,0,7,
15776,234,1432,21,2026-07-24,present,0,7,
15777,234,1433,21,2026-07-27,present,0,7,
15778,234,1434,21,2026-07-29,present,0,7,
15779,234,1435,21,2026-07-31,present,0,7,
15780,235,1360,21,2026-02-02,present,0,7,
15781,235,1361,21,2026-02-04,present,0,7,
15782,235,1362,21,2026-02-06,present,0,7,
15783,235,1363,21,2026-02-09,absent_excused,0,7,Ota-ona xabar berdi
15784,235,1364,21,2026-02-11,present,0,7,
15785,235,1365,21,2026-02-13,present,0,7,
15786,235,1366,21,2026-02-16,present,0,7,
15787,235,1367,21,2026-02-18,present,0,7,
15788,235,1368,21,2026-02-20,present,0,7,
15789,235,1369,21,2026-02-23,present,0,7,
15790,235,1370,21,2026-02-25,present,0,7,
15791,235,1371,21,2026-02-27,present,0,7,
15792,235,1372,21,2026-03-02,absent_unexcused,0,7,Sababsiz
15793,235,1373,21,2026-03-04,late,13,7,
15794,235,1374,21,2026-03-06,present,0,7,
15795,235,1375,21,2026-03-09,present,0,7,
15796,235,1376,21,2026-03-11,present,0,7,
15797,235,1377,21,2026-03-13,present,0,7,
15798,235,1378,21,2026-03-16,present,0,7,
15799,235,1379,21,2026-03-18,present,0,7,
15800,235,1380,21,2026-03-25,present,0,7,
15801,235,1381,21,2026-03-27,present,0,7,
15802,235,1382,21,2026-03-30,present,0,7,
15803,235,1383,21,2026-04-01,present,0,7,
15804,235,1384,21,2026-04-03,present,0,7,
15805,235,1385,21,2026-04-06,late,17,7,
15806,235,1386,21,2026-04-08,present,0,7,
15807,235,1387,21,2026-04-10,present,0,7,
15808,235,1388,21,2026-04-13,present,0,7,
15809,235,1389,21,2026-04-15,present,0,7,
15810,235,1390,21,2026-04-17,absent_excused,0,7,Ota-ona xabar berdi
15811,235,1391,21,2026-04-20,present,0,7,
15812,235,1392,21,2026-04-22,present,0,7,
15813,235,1393,21,2026-04-24,present,0,7,
15814,235,1394,21,2026-04-27,present,0,7,
15815,235,1395,21,2026-04-29,present,0,7,
15816,235,1396,21,2026-05-01,present,0,7,
15817,235,1397,21,2026-05-04,present,0,7,
15818,235,1398,21,2026-05-06,present,0,7,
15819,235,1399,21,2026-05-08,present,0,7,
15820,235,1400,21,2026-05-11,present,0,7,
15821,235,1401,21,2026-05-13,present,0,7,
15822,235,1402,21,2026-05-15,present,0,7,
15823,235,1403,21,2026-05-18,present,0,7,
15824,235,1404,21,2026-05-20,late,23,7,
15825,235,1405,21,2026-05-22,late,20,7,
15826,235,1406,21,2026-05-25,present,0,7,
15827,235,1407,21,2026-05-27,present,0,7,
15828,235,1408,21,2026-05-29,present,0,7,
15829,235,1409,21,2026-06-01,present,0,7,
15830,235,1410,21,2026-06-03,present,0,7,
15831,235,1411,21,2026-06-05,present,0,7,
15832,235,1412,21,2026-06-08,present,0,7,
15833,235,1413,21,2026-06-10,present,0,7,
15834,235,1414,21,2026-06-12,present,0,7,
15835,235,1415,21,2026-06-15,present,0,7,
15836,235,1416,21,2026-06-17,present,0,7,
15837,235,1417,21,2026-06-19,present,0,7,
15838,235,1418,21,2026-06-22,present,0,7,
15839,235,1419,21,2026-06-24,present,0,7,
15840,235,1420,21,2026-06-26,present,0,7,
15841,235,1421,21,2026-06-29,present,0,7,
15842,235,1422,21,2026-07-01,present,0,7,
15843,235,1423,21,2026-07-03,present,0,7,
15844,235,1424,21,2026-07-06,present,0,7,
15845,235,1425,21,2026-07-08,present,0,7,
15846,235,1426,21,2026-07-10,present,0,7,
15847,235,1427,21,2026-07-13,late,17,7,
15848,235,1428,21,2026-07-15,present,0,7,
15849,235,1429,21,2026-07-17,present,0,7,
15850,235,1430,21,2026-07-20,present,0,7,
15851,235,1431,21,2026-07-22,present,0,7,
15852,235,1432,21,2026-07-24,present,0,7,
15853,235,1433,21,2026-07-27,present,0,7,
15854,235,1434,21,2026-07-29,present,0,7,
15855,235,1435,21,2026-07-31,present,0,7,
15856,236,1360,21,2026-02-02,present,0,7,
15857,236,1361,21,2026-02-04,late,9,7,
15858,236,1362,21,2026-02-06,present,0,7,
15859,236,1363,21,2026-02-09,present,0,7,
15860,236,1364,21,2026-02-11,present,0,7,
15861,236,1365,21,2026-02-13,present,0,7,
15862,236,1366,21,2026-02-16,present,0,7,
15863,236,1367,21,2026-02-18,present,0,7,
15864,236,1368,21,2026-02-20,absent_unexcused,0,7,Sababsiz
15865,236,1369,21,2026-02-23,present,0,7,
15866,236,1370,21,2026-02-25,present,0,7,
15867,236,1371,21,2026-02-27,present,0,7,
15868,236,1372,21,2026-03-02,present,0,7,
15869,236,1373,21,2026-03-04,present,0,7,
15870,236,1374,21,2026-03-06,present,0,7,
15871,236,1375,21,2026-03-09,present,0,7,
15872,236,1376,21,2026-03-11,present,0,7,
15873,236,1377,21,2026-03-13,present,0,7,
15874,236,1378,21,2026-03-16,present,0,7,
15875,236,1379,21,2026-03-18,present,0,7,
15876,236,1380,21,2026-03-25,present,0,7,
15877,236,1381,21,2026-03-27,present,0,7,
15878,236,1382,21,2026-03-30,present,0,7,
15879,236,1383,21,2026-04-01,present,0,7,
15880,236,1384,21,2026-04-03,present,0,7,
15881,236,1385,21,2026-04-06,present,0,7,
15882,236,1386,21,2026-04-08,present,0,7,
15883,236,1387,21,2026-04-10,present,0,7,
15884,236,1388,21,2026-04-13,present,0,7,
15885,236,1389,21,2026-04-15,present,0,7,
15886,236,1390,21,2026-04-17,present,0,7,
15887,236,1391,21,2026-04-20,present,0,7,
15888,236,1392,21,2026-04-22,absent_unexcused,0,7,Sababsiz
15889,236,1393,21,2026-04-24,present,0,7,
15890,236,1394,21,2026-04-27,present,0,7,
15891,236,1395,21,2026-04-29,present,0,7,
15892,236,1396,21,2026-05-01,present,0,7,
15893,236,1397,21,2026-05-04,present,0,7,
15894,236,1398,21,2026-05-06,present,0,7,
15895,236,1399,21,2026-05-08,present,0,7,
15896,236,1400,21,2026-05-11,present,0,7,
15897,236,1401,21,2026-05-13,present,0,7,
15898,236,1402,21,2026-05-15,present,0,7,
15899,236,1403,21,2026-05-18,present,0,7,
15900,236,1404,21,2026-05-20,present,0,7,
15901,236,1405,21,2026-05-22,present,0,7,
15902,236,1406,21,2026-05-25,present,0,7,
15903,236,1407,21,2026-05-27,present,0,7,
15904,236,1408,21,2026-05-29,present,0,7,
15905,236,1409,21,2026-06-01,present,0,7,
15906,236,1410,21,2026-06-03,present,0,7,
15907,236,1411,21,2026-06-05,absent_excused,0,7,Ota-ona xabar berdi
15908,236,1412,21,2026-06-08,present,0,7,
15909,236,1413,21,2026-06-10,present,0,7,
15910,236,1414,21,2026-06-12,present,0,7,
15911,236,1415,21,2026-06-15,present,0,7,
15912,236,1416,21,2026-06-17,present,0,7,
15913,236,1417,21,2026-06-19,present,0,7,
15914,236,1418,21,2026-06-22,late,7,7,
15915,236,1419,21,2026-06-24,present,0,7,
15916,236,1420,21,2026-06-26,present,0,7,
15917,236,1421,21,2026-06-29,present,0,7,
15918,236,1422,21,2026-07-01,absent_unexcused,0,7,Sababsiz
15919,236,1423,21,2026-07-03,late,8,7,
15920,236,1424,21,2026-07-06,present,0,7,
15921,236,1425,21,2026-07-08,present,0,7,
15922,236,1426,21,2026-07-10,present,0,7,
15923,236,1427,21,2026-07-13,present,0,7,
15924,236,1428,21,2026-07-15,present,0,7,
15925,236,1429,21,2026-07-17,present,0,7,
15926,236,1430,21,2026-07-20,late,11,7,
15927,236,1431,21,2026-07-22,present,0,7,
15928,236,1432,21,2026-07-24,late,17,7,
15929,236,1433,21,2026-07-27,present,0,7,
15930,236,1434,21,2026-07-29,present,0,7,
15931,236,1435,21,2026-07-31,present,0,7,
15932,237,1360,21,2026-02-02,present,0,7,
15933,237,1361,21,2026-02-04,late,20,7,
15934,237,1362,21,2026-02-06,present,0,7,
15935,237,1363,21,2026-02-09,present,0,7,
15936,237,1364,21,2026-02-11,present,0,7,
15937,237,1365,21,2026-02-13,late,18,7,
15938,237,1366,21,2026-02-16,present,0,7,
15939,237,1367,21,2026-02-18,present,0,7,
15940,237,1368,21,2026-02-20,absent_unexcused,0,7,Sababsiz
15941,237,1369,21,2026-02-23,present,0,7,
15942,237,1370,21,2026-02-25,present,0,7,
15943,237,1371,21,2026-02-27,present,0,7,
15944,237,1372,21,2026-03-02,present,0,7,
15945,237,1373,21,2026-03-04,present,0,7,
15946,237,1374,21,2026-03-06,absent_unexcused,0,7,Sababsiz
15947,237,1375,21,2026-03-09,present,0,7,
15948,237,1376,21,2026-03-11,late,16,7,
15949,237,1377,21,2026-03-13,present,0,7,
15950,237,1378,21,2026-03-16,present,0,7,
15951,237,1379,21,2026-03-18,present,0,7,
15952,237,1380,21,2026-03-25,present,0,7,
15953,237,1381,21,2026-03-27,present,0,7,
15954,237,1382,21,2026-03-30,present,0,7,
15955,237,1383,21,2026-04-01,late,21,7,
15956,237,1384,21,2026-04-03,present,0,7,
15957,237,1385,21,2026-04-06,absent_excused,0,7,Ota-ona xabar berdi
15958,237,1386,21,2026-04-08,present,0,7,
15959,237,1387,21,2026-04-10,late,11,7,
15960,237,1388,21,2026-04-13,present,0,7,
15961,237,1389,21,2026-04-15,present,0,7,
15962,237,1390,21,2026-04-17,present,0,7,
15963,237,1391,21,2026-04-20,present,0,7,
15964,237,1392,21,2026-04-22,late,10,7,
15965,237,1393,21,2026-04-24,present,0,7,
15966,237,1394,21,2026-04-27,absent_unexcused,0,7,Sababsiz
15967,237,1395,21,2026-04-29,present,0,7,
15968,237,1396,21,2026-05-01,present,0,7,
15969,237,1397,21,2026-05-04,present,0,7,
15970,237,1398,21,2026-05-06,present,0,7,
15971,237,1399,21,2026-05-08,present,0,7,
15972,237,1400,21,2026-05-11,present,0,7,
15973,237,1401,21,2026-05-13,present,0,7,
15974,237,1402,21,2026-05-15,present,0,7,
15975,237,1403,21,2026-05-18,present,0,7,
15976,237,1404,21,2026-05-20,present,0,7,
15977,237,1405,21,2026-05-22,present,0,7,
15978,237,1406,21,2026-05-25,present,0,7,
15979,237,1407,21,2026-05-27,present,0,7,
15980,237,1408,21,2026-05-29,present,0,7,
15981,237,1409,21,2026-06-01,present,0,7,
15982,237,1410,21,2026-06-03,absent_excused,0,7,Ota-ona xabar berdi
15983,237,1411,21,2026-06-05,present,0,7,
15984,237,1412,21,2026-06-08,present,0,7,
15985,237,1413,21,2026-06-10,late,18,7,
15986,237,1414,21,2026-06-12,present,0,7,
15987,237,1415,21,2026-06-15,present,0,7,
15988,237,1416,21,2026-06-17,present,0,7,
15989,237,1417,21,2026-06-19,present,0,7,
15990,237,1418,21,2026-06-22,present,0,7,
15991,237,1419,21,2026-06-24,late,24,7,
15992,237,1420,21,2026-06-26,present,0,7,
15993,237,1421,21,2026-06-29,present,0,7,
15994,237,1422,21,2026-07-01,present,0,7,
15995,237,1423,21,2026-07-03,present,0,7,
15996,237,1424,21,2026-07-06,present,0,7,
15997,237,1425,21,2026-07-08,present,0,7,
15998,237,1426,21,2026-07-10,present,0,7,
15999,237,1427,21,2026-07-13,present,0,7,
16000,237,1428,21,2026-07-15,late,16,7,
16001,237,1429,21,2026-07-17,present,0,7,
16002,237,1430,21,2026-07-20,present,0,7,
16003,237,1431,21,2026-07-22,present,0,7,
16004,237,1432,21,2026-07-24,present,0,7,
16005,237,1433,21,2026-07-27,late,6,7,
16006,237,1434,21,2026-07-29,present,0,7,
16007,237,1435,21,2026-07-31,present,0,7,
16008,238,1360,21,2026-02-02,present,0,7,
16009,238,1361,21,2026-02-04,present,0,7,
16010,238,1362,21,2026-02-06,absent_unexcused,0,7,Sababsiz
16011,238,1363,21,2026-02-09,late,8,7,
16012,238,1364,21,2026-02-11,late,10,7,
16013,238,1365,21,2026-02-13,present,0,7,
16014,238,1366,21,2026-02-16,absent_unexcused,0,7,Sababsiz
16015,238,1367,21,2026-02-18,absent_unexcused,0,7,Sababsiz
16016,238,1368,21,2026-02-20,present,0,7,
16017,238,1369,21,2026-02-23,present,0,7,
16018,238,1370,21,2026-02-25,absent_unexcused,0,7,Sababsiz
16019,238,1371,21,2026-02-27,absent_unexcused,0,7,Sababsiz
16020,238,1372,21,2026-03-02,present,0,7,
16021,238,1373,21,2026-03-04,present,0,7,
16022,238,1374,21,2026-03-06,absent_unexcused,0,7,Sababsiz
16023,238,1375,21,2026-03-09,absent_unexcused,0,7,Sababsiz
16024,238,1376,21,2026-03-11,absent_excused,0,7,Ota-ona xabar berdi
16025,238,1377,21,2026-03-13,absent_unexcused,0,7,Sababsiz
16026,238,1378,21,2026-03-16,present,0,7,
16027,238,1379,21,2026-03-18,late,9,7,
16028,238,1380,21,2026-03-25,late,12,7,
16029,238,1381,21,2026-03-27,present,0,7,
16030,238,1382,21,2026-03-30,present,0,7,
16031,238,1383,21,2026-04-01,absent_excused,0,7,Ota-ona xabar berdi
16032,238,1384,21,2026-04-03,absent_excused,0,7,Ota-ona xabar berdi
16033,238,1385,21,2026-04-06,present,0,7,
16034,238,1386,21,2026-04-08,present,0,7,
16035,238,1387,21,2026-04-10,late,15,7,
16036,238,1388,21,2026-04-13,absent_unexcused,0,7,Sababsiz
16037,238,1389,21,2026-04-15,absent_excused,0,7,Ota-ona xabar berdi
16038,238,1390,21,2026-04-17,present,0,7,
16039,238,1391,21,2026-04-20,present,0,7,
16040,238,1392,21,2026-04-22,present,0,7,
16041,238,1393,21,2026-04-24,present,0,7,
16042,238,1394,21,2026-04-27,present,0,7,
16043,238,1395,21,2026-04-29,absent_unexcused,0,7,Sababsiz
16044,238,1396,21,2026-05-01,absent_unexcused,0,7,Sababsiz
16045,238,1397,21,2026-05-04,present,0,7,
16046,238,1398,21,2026-05-06,absent_excused,0,7,Ota-ona xabar berdi
16047,238,1399,21,2026-05-08,present,0,7,
16048,238,1400,21,2026-05-11,present,0,7,
16049,238,1401,21,2026-05-13,present,0,7,
16050,238,1402,21,2026-05-15,present,0,7,
16051,238,1403,21,2026-05-18,absent_unexcused,0,7,Sababsiz
16052,238,1404,21,2026-05-20,absent_unexcused,0,7,Sababsiz
16053,238,1405,21,2026-05-22,present,0,7,
16054,238,1406,21,2026-05-25,late,24,7,
16055,238,1407,21,2026-05-27,late,24,7,
16056,238,1408,21,2026-05-29,absent_unexcused,0,7,Sababsiz
16057,238,1409,21,2026-06-01,present,0,7,
16058,238,1410,21,2026-06-03,late,20,7,
16059,238,1411,21,2026-06-05,absent_excused,0,7,Ota-ona xabar berdi
16060,238,1412,21,2026-06-08,late,21,7,
16061,238,1413,21,2026-06-10,present,0,7,
16062,238,1414,21,2026-06-12,absent_excused,0,7,Ota-ona xabar berdi
16063,238,1415,21,2026-06-15,absent_unexcused,0,7,Sababsiz
16064,238,1416,21,2026-06-17,late,13,7,
16065,238,1417,21,2026-06-19,late,25,7,
16066,238,1418,21,2026-06-22,absent_unexcused,0,7,Sababsiz
16067,238,1419,21,2026-06-24,late,21,7,
16068,238,1420,21,2026-06-26,absent_unexcused,0,7,Sababsiz
16069,238,1421,21,2026-06-29,absent_unexcused,0,7,Sababsiz
16070,238,1422,21,2026-07-01,present,0,7,
16071,238,1423,21,2026-07-03,absent_excused,0,7,Ota-ona xabar berdi
16072,238,1424,21,2026-07-06,present,0,7,
16073,238,1425,21,2026-07-08,absent_unexcused,0,7,Sababsiz
16074,238,1426,21,2026-07-10,absent_unexcused,0,7,Sababsiz
16075,238,1427,21,2026-07-13,absent_excused,0,7,Ota-ona xabar berdi
16076,238,1428,21,2026-07-15,absent_excused,0,7,Ota-ona xabar berdi
16077,238,1429,21,2026-07-17,present,0,7,
16078,238,1430,21,2026-07-20,present,0,7,
16079,238,1431,21,2026-07-22,present,0,7,
16080,238,1432,21,2026-07-24,present,0,7,
16081,238,1433,21,2026-07-27,present,0,7,
16082,238,1434,21,2026-07-29,absent_unexcused,0,7,Sababsiz
16083,238,1435,21,2026-07-31,present,0,7,
16084,239,1360,21,2026-02-02,present,0,7,
16085,239,1361,21,2026-02-04,present,0,7,
16086,239,1362,21,2026-02-06,present,0,7,
16087,239,1363,21,2026-02-09,present,0,7,
16088,239,1364,21,2026-02-11,present,0,7,
16089,239,1365,21,2026-02-13,present,0,7,
16090,239,1366,21,2026-02-16,present,0,7,
16091,239,1367,21,2026-02-18,present,0,7,
16092,239,1368,21,2026-02-20,present,0,7,
16093,239,1369,21,2026-02-23,present,0,7,
16094,239,1370,21,2026-02-25,late,20,7,
16095,239,1371,21,2026-02-27,late,25,7,
16096,239,1372,21,2026-03-02,present,0,7,
16097,239,1373,21,2026-03-04,present,0,7,
16098,239,1374,21,2026-03-06,present,0,7,
16099,239,1375,21,2026-03-09,present,0,7,
16100,239,1376,21,2026-03-11,present,0,7,
16101,239,1377,21,2026-03-13,absent_unexcused,0,7,Sababsiz
16102,239,1378,21,2026-03-16,present,0,7,
16103,239,1379,21,2026-03-18,present,0,7,
16104,239,1380,21,2026-03-25,present,0,7,
16105,239,1381,21,2026-03-27,present,0,7,
16106,239,1382,21,2026-03-30,present,0,7,
16107,239,1383,21,2026-04-01,present,0,7,
16108,239,1384,21,2026-04-03,present,0,7,
16109,239,1385,21,2026-04-06,absent_unexcused,0,7,Sababsiz
16110,239,1386,21,2026-04-08,present,0,7,
16111,239,1387,21,2026-04-10,present,0,7,
16112,239,1388,21,2026-04-13,present,0,7,
16113,239,1389,21,2026-04-15,present,0,7,
16114,239,1390,21,2026-04-17,present,0,7,
16115,239,1391,21,2026-04-20,absent_excused,0,7,Ota-ona xabar berdi
16116,239,1392,21,2026-04-22,present,0,7,
16117,239,1393,21,2026-04-24,present,0,7,
16118,239,1394,21,2026-04-27,present,0,7,
16119,239,1395,21,2026-04-29,present,0,7,
16120,239,1396,21,2026-05-01,present,0,7,
16121,239,1397,21,2026-05-04,absent_excused,0,7,Ota-ona xabar berdi
16122,239,1398,21,2026-05-06,present,0,7,
16123,239,1399,21,2026-05-08,late,10,7,
16124,239,1400,21,2026-05-11,late,8,7,
16125,239,1401,21,2026-05-13,present,0,7,
16126,239,1402,21,2026-05-15,present,0,7,
16127,239,1403,21,2026-05-18,present,0,7,
16128,239,1404,21,2026-05-20,present,0,7,
16129,239,1405,21,2026-05-22,present,0,7,
16130,239,1406,21,2026-05-25,present,0,7,
16131,239,1407,21,2026-05-27,present,0,7,
16132,239,1408,21,2026-05-29,late,21,7,
16133,239,1409,21,2026-06-01,present,0,7,
16134,239,1410,21,2026-06-03,present,0,7,
16135,239,1411,21,2026-06-05,present,0,7,
16136,239,1412,21,2026-06-08,present,0,7,
16137,239,1413,21,2026-06-10,present,0,7,
16138,239,1414,21,2026-06-12,present,0,7,
16139,239,1415,21,2026-06-15,present,0,7,
16140,239,1416,21,2026-06-17,present,0,7,
16141,239,1417,21,2026-06-19,absent_unexcused,0,7,Sababsiz
16142,239,1418,21,2026-06-22,late,13,7,
16143,239,1419,21,2026-06-24,present,0,7,
16144,239,1420,21,2026-06-26,present,0,7,
16145,239,1421,21,2026-06-29,present,0,7,
16146,239,1422,21,2026-07-01,present,0,7,
16147,239,1423,21,2026-07-03,present,0,7,
16148,239,1424,21,2026-07-06,present,0,7,
16149,239,1425,21,2026-07-08,present,0,7,
16150,239,1426,21,2026-07-10,present,0,7,
16151,239,1427,21,2026-07-13,present,0,7,
16152,239,1428,21,2026-07-15,present,0,7,
16153,239,1429,21,2026-07-17,present,0,7,
16154,239,1430,21,2026-07-20,present,0,7,
16155,239,1431,21,2026-07-22,present,0,7,
16156,239,1432,21,2026-07-24,present,0,7,
16157,239,1433,21,2026-07-27,absent_unexcused,0,7,Sababsiz
16158,239,1434,21,2026-07-29,present,0,7,
16159,239,1435,21,2026-07-31,present,0,7,
16160,240,1360,21,2026-02-02,present,0,7,
16161,240,1361,21,2026-02-04,absent_excused,0,7,Ota-ona xabar berdi
16162,240,1362,21,2026-02-06,present,0,7,
16163,240,1363,21,2026-02-09,absent_excused,0,7,Ota-ona xabar berdi
16164,240,1364,21,2026-02-11,present,0,7,
16165,240,1365,21,2026-02-13,absent_unexcused,0,7,Sababsiz
16166,240,1366,21,2026-02-16,present,0,7,
16167,240,1367,21,2026-02-18,present,0,7,
16168,240,1368,21,2026-02-20,present,0,7,
16169,240,1369,21,2026-02-23,present,0,7,
16170,240,1370,21,2026-02-25,present,0,7,
16171,240,1371,21,2026-02-27,absent_excused,0,7,Ota-ona xabar berdi
16172,240,1372,21,2026-03-02,absent_unexcused,0,7,Sababsiz
16173,240,1373,21,2026-03-04,present,0,7,
16174,240,1374,21,2026-03-06,present,0,7,
16175,240,1375,21,2026-03-09,present,0,7,
16176,240,1376,21,2026-03-11,late,6,7,
16177,240,1377,21,2026-03-13,late,21,7,
16178,240,1378,21,2026-03-16,present,0,7,
16179,240,1379,21,2026-03-18,present,0,7,
16180,240,1380,21,2026-03-25,present,0,7,
16181,240,1381,21,2026-03-27,present,0,7,
16182,240,1382,21,2026-03-30,present,0,7,
16183,240,1383,21,2026-04-01,absent_unexcused,0,7,Sababsiz
16184,240,1384,21,2026-04-03,present,0,7,
16185,240,1385,21,2026-04-06,present,0,7,
16186,240,1386,21,2026-04-08,late,13,7,
16187,240,1387,21,2026-04-10,absent_unexcused,0,7,Sababsiz
16188,240,1388,21,2026-04-13,present,0,7,
16189,240,1389,21,2026-04-15,absent_unexcused,0,7,Sababsiz
16190,240,1390,21,2026-04-17,present,0,7,
16191,240,1391,21,2026-04-20,present,0,7,
16192,240,1392,21,2026-04-22,present,0,7,
16193,240,1393,21,2026-04-24,present,0,7,
16194,240,1394,21,2026-04-27,late,5,7,
16195,240,1395,21,2026-04-29,late,18,7,
16196,240,1396,21,2026-05-01,absent_unexcused,0,7,Sababsiz
16197,240,1397,21,2026-05-04,present,0,7,
16198,240,1398,21,2026-05-06,present,0,7,
16199,240,1399,21,2026-05-08,present,0,7,
16200,240,1400,21,2026-05-11,late,17,7,
16201,240,1401,21,2026-05-13,late,24,7,
16202,240,1402,21,2026-05-15,absent_unexcused,0,7,Sababsiz
16203,240,1403,21,2026-05-18,present,0,7,
16204,240,1404,21,2026-05-20,present,0,7,
16205,240,1405,21,2026-05-22,present,0,7,
16206,240,1406,21,2026-05-25,present,0,7,
16207,240,1407,21,2026-05-27,late,23,7,
16208,240,1408,21,2026-05-29,present,0,7,
16209,240,1409,21,2026-06-01,present,0,7,
16210,240,1410,21,2026-06-03,absent_unexcused,0,7,Sababsiz
16211,240,1411,21,2026-06-05,absent_excused,0,7,Ota-ona xabar berdi
16212,240,1412,21,2026-06-08,absent_unexcused,0,7,Sababsiz
16213,240,1413,21,2026-06-10,present,0,7,
16214,240,1414,21,2026-06-12,present,0,7,
16215,240,1415,21,2026-06-15,present,0,7,
16216,240,1416,21,2026-06-17,absent_unexcused,0,7,Sababsiz
16217,240,1417,21,2026-06-19,present,0,7,
16218,240,1418,21,2026-06-22,absent_unexcused,0,7,Sababsiz
16219,240,1419,21,2026-06-24,present,0,7,
16220,240,1420,21,2026-06-26,present,0,7,
16221,240,1421,21,2026-06-29,present,0,7,
16222,240,1422,21,2026-07-01,present,0,7,
16223,240,1423,21,2026-07-03,present,0,7,
16224,240,1424,21,2026-07-06,present,0,7,
16225,240,1425,21,2026-07-08,absent_excused,0,7,Ota-ona xabar berdi
16226,240,1426,21,2026-07-10,present,0,7,
16227,240,1427,21,2026-07-13,late,20,7,
16228,240,1428,21,2026-07-15,present,0,7,
16229,240,1429,21,2026-07-17,late,24,7,
16230,240,1430,21,2026-07-20,absent_unexcused,0,7,Sababsiz
16231,240,1431,21,2026-07-22,absent_excused,0,7,Ota-ona xabar berdi
16232,240,1432,21,2026-07-24,present,0,7,
16233,240,1433,21,2026-07-27,present,0,7,
16234,240,1434,21,2026-07-29,present,0,7,
16235,240,1435,21,2026-07-31,present,0,7,
16236,241,1436,22,2026-02-03,present,0,1,
16237,241,1437,22,2026-02-05,present,0,1,
16238,241,1438,22,2026-02-07,present,0,1,
16239,241,1439,22,2026-02-10,present,0,1,
16240,241,1440,22,2026-02-12,present,0,1,
16241,241,1441,22,2026-02-14,present,0,1,
16242,241,1442,22,2026-02-17,present,0,1,
16243,241,1443,22,2026-02-19,present,0,1,
16244,241,1444,22,2026-02-21,present,0,1,
16245,241,1445,22,2026-02-24,late,6,1,
16246,241,1446,22,2026-02-26,present,0,1,
16247,241,1447,22,2026-02-28,late,9,1,
16248,241,1448,22,2026-03-03,present,0,1,
16249,241,1449,22,2026-03-05,present,0,1,
16250,241,1450,22,2026-03-07,present,0,1,
16251,241,1451,22,2026-03-10,absent_excused,0,1,Ota-ona xabar berdi
16252,241,1452,22,2026-03-12,present,0,1,
16253,241,1453,22,2026-03-14,present,0,1,
16254,241,1454,22,2026-03-17,present,0,1,
16255,241,1455,22,2026-03-19,absent_excused,0,1,Ota-ona xabar berdi
16256,241,1456,22,2026-03-24,present,0,1,
16257,241,1457,22,2026-03-26,present,0,1,
16258,241,1458,22,2026-03-28,present,0,1,
16259,241,1459,22,2026-03-31,present,0,1,
16260,241,1460,22,2026-04-02,present,0,1,
16261,241,1461,22,2026-04-04,present,0,1,
16262,241,1462,22,2026-04-07,present,0,1,
16263,241,1463,22,2026-04-09,present,0,1,
16264,241,1464,22,2026-04-11,present,0,1,
16265,241,1465,22,2026-04-14,present,0,1,
16266,241,1466,22,2026-04-16,present,0,1,
16267,241,1467,22,2026-04-18,present,0,1,
16268,241,1468,22,2026-04-21,present,0,1,
16269,241,1469,22,2026-04-23,present,0,1,
16270,241,1470,22,2026-04-25,absent_excused,0,1,Ota-ona xabar berdi
16271,241,1471,22,2026-04-28,present,0,1,
16272,241,1472,22,2026-04-30,present,0,1,
16273,241,1473,22,2026-05-02,present,0,1,
16274,241,1474,22,2026-05-05,late,20,1,
16275,241,1475,22,2026-05-07,absent_unexcused,0,1,Sababsiz
16276,241,1476,22,2026-05-12,present,0,1,
16277,241,1477,22,2026-05-14,present,0,1,
16278,241,1478,22,2026-05-16,present,0,1,
16279,241,1479,22,2026-05-19,present,0,1,
16280,241,1480,22,2026-05-21,present,0,1,
16281,241,1481,22,2026-05-23,present,0,1,
16282,241,1482,22,2026-05-26,present,0,1,
16283,241,1483,22,2026-05-28,present,0,1,
16284,241,1484,22,2026-05-30,present,0,1,
16285,241,1485,22,2026-06-02,present,0,1,
16286,241,1486,22,2026-06-04,present,0,1,
16287,241,1487,22,2026-06-06,present,0,1,
16288,241,1488,22,2026-06-09,late,11,1,
16289,241,1489,22,2026-06-11,present,0,1,
16290,241,1490,22,2026-06-13,present,0,1,
16291,241,1491,22,2026-06-16,present,0,1,
16292,241,1492,22,2026-06-18,present,0,1,
16293,241,1493,22,2026-06-20,present,0,1,
16294,241,1494,22,2026-06-23,absent_excused,0,1,Ota-ona xabar berdi
16295,241,1495,22,2026-06-25,present,0,1,
16296,241,1496,22,2026-06-27,present,0,1,
16297,241,1497,22,2026-06-30,present,0,1,
16298,241,1498,22,2026-07-02,absent_excused,0,1,Ota-ona xabar berdi
16299,241,1499,22,2026-07-04,present,0,1,
16300,241,1500,22,2026-07-07,absent_unexcused,0,1,Sababsiz
16301,241,1501,22,2026-07-09,present,0,1,
16302,241,1502,22,2026-07-11,present,0,1,
16303,241,1503,22,2026-07-14,present,0,1,
16304,241,1504,22,2026-07-16,present,0,1,
16305,241,1505,22,2026-07-18,absent_unexcused,0,1,Sababsiz
16306,241,1506,22,2026-07-21,present,0,1,
16307,241,1507,22,2026-07-23,present,0,1,
16308,241,1508,22,2026-07-25,present,0,1,
16309,241,1509,22,2026-07-28,present,0,1,
16310,241,1510,22,2026-07-30,present,0,1,
16311,242,1436,22,2026-02-03,present,0,1,
16312,242,1437,22,2026-02-05,present,0,1,
16313,242,1438,22,2026-02-07,present,0,1,
16314,242,1439,22,2026-02-10,late,5,1,
16315,242,1440,22,2026-02-12,present,0,1,
16316,242,1441,22,2026-02-14,present,0,1,
16317,242,1442,22,2026-02-17,late,25,1,
16318,242,1443,22,2026-02-19,present,0,1,
16319,242,1444,22,2026-02-21,present,0,1,
16320,242,1445,22,2026-02-24,present,0,1,
16321,242,1446,22,2026-02-26,present,0,1,
16322,242,1447,22,2026-02-28,present,0,1,
16323,242,1448,22,2026-03-03,present,0,1,
16324,242,1449,22,2026-03-05,absent_unexcused,0,1,Sababsiz
16325,242,1450,22,2026-03-07,present,0,1,
16326,242,1451,22,2026-03-10,present,0,1,
16327,242,1452,22,2026-03-12,present,0,1,
16328,242,1453,22,2026-03-14,present,0,1,
16329,242,1454,22,2026-03-17,present,0,1,
16330,242,1455,22,2026-03-19,present,0,1,
16331,242,1456,22,2026-03-24,present,0,1,
16332,242,1457,22,2026-03-26,late,5,1,
16333,242,1458,22,2026-03-28,present,0,1,
16334,242,1459,22,2026-03-31,absent_unexcused,0,1,Sababsiz
16335,242,1460,22,2026-04-02,present,0,1,
16336,242,1461,22,2026-04-04,present,0,1,
16337,242,1462,22,2026-04-07,present,0,1,
16338,242,1463,22,2026-04-09,present,0,1,
16339,242,1464,22,2026-04-11,late,21,1,
16340,242,1465,22,2026-04-14,present,0,1,
16341,242,1466,22,2026-04-16,late,15,1,
16342,242,1467,22,2026-04-18,present,0,1,
16343,242,1468,22,2026-04-21,present,0,1,
16344,242,1469,22,2026-04-23,present,0,1,
16345,242,1470,22,2026-04-25,present,0,1,
16346,242,1471,22,2026-04-28,present,0,1,
16347,242,1472,22,2026-04-30,present,0,1,
16348,242,1473,22,2026-05-02,present,0,1,
16349,242,1474,22,2026-05-05,present,0,1,
16350,242,1475,22,2026-05-07,present,0,1,
16351,242,1476,22,2026-05-12,late,5,1,
16352,242,1477,22,2026-05-14,present,0,1,
16353,242,1478,22,2026-05-16,present,0,1,
16354,242,1479,22,2026-05-19,present,0,1,
16355,242,1480,22,2026-05-21,present,0,1,
16356,242,1481,22,2026-05-23,present,0,1,
16357,242,1482,22,2026-05-26,present,0,1,
16358,242,1483,22,2026-05-28,present,0,1,
16359,242,1484,22,2026-05-30,present,0,1,
16360,242,1485,22,2026-06-02,present,0,1,
16361,242,1486,22,2026-06-04,present,0,1,
16362,242,1487,22,2026-06-06,present,0,1,
16363,242,1488,22,2026-06-09,present,0,1,
16364,242,1489,22,2026-06-11,present,0,1,
16365,242,1490,22,2026-06-13,present,0,1,
16366,242,1491,22,2026-06-16,present,0,1,
16367,242,1492,22,2026-06-18,present,0,1,
16368,242,1493,22,2026-06-20,present,0,1,
16369,242,1494,22,2026-06-23,present,0,1,
16370,242,1495,22,2026-06-25,present,0,1,
16371,242,1496,22,2026-06-27,present,0,1,
16372,242,1497,22,2026-06-30,present,0,1,
16373,242,1498,22,2026-07-02,present,0,1,
16374,242,1499,22,2026-07-04,present,0,1,
16375,242,1500,22,2026-07-07,present,0,1,
16376,242,1501,22,2026-07-09,absent_excused,0,1,Ota-ona xabar berdi
16377,242,1502,22,2026-07-11,present,0,1,
16378,242,1503,22,2026-07-14,present,0,1,
16379,242,1504,22,2026-07-16,present,0,1,
16380,242,1505,22,2026-07-18,present,0,1,
16381,242,1506,22,2026-07-21,present,0,1,
16382,242,1507,22,2026-07-23,present,0,1,
16383,242,1508,22,2026-07-25,present,0,1,
16384,242,1509,22,2026-07-28,present,0,1,
16385,242,1510,22,2026-07-30,present,0,1,
16386,243,1436,22,2026-02-03,absent_unexcused,0,1,Sababsiz
16387,243,1437,22,2026-02-05,present,0,1,
16388,243,1438,22,2026-02-07,present,0,1,
16389,243,1439,22,2026-02-10,present,0,1,
16390,243,1440,22,2026-02-12,absent_excused,0,1,Ota-ona xabar berdi
16391,243,1441,22,2026-02-14,present,0,1,
16392,243,1442,22,2026-02-17,absent_excused,0,1,Ota-ona xabar berdi
16393,243,1443,22,2026-02-19,present,0,1,
16394,243,1444,22,2026-02-21,present,0,1,
16395,243,1445,22,2026-02-24,present,0,1,
16396,243,1446,22,2026-02-26,present,0,1,
16397,243,1447,22,2026-02-28,absent_excused,0,1,Ota-ona xabar berdi
16398,243,1448,22,2026-03-03,late,15,1,
16399,243,1449,22,2026-03-05,present,0,1,
16400,243,1450,22,2026-03-07,absent_unexcused,0,1,Sababsiz
16401,243,1451,22,2026-03-10,present,0,1,
16402,243,1452,22,2026-03-12,present,0,1,
16403,243,1453,22,2026-03-14,late,14,1,
16404,243,1454,22,2026-03-17,late,16,1,
16405,243,1455,22,2026-03-19,present,0,1,
16406,243,1456,22,2026-03-24,present,0,1,
16407,243,1457,22,2026-03-26,present,0,1,
16408,243,1458,22,2026-03-28,late,25,1,
16409,243,1459,22,2026-03-31,absent_excused,0,1,Ota-ona xabar berdi
16410,243,1460,22,2026-04-02,present,0,1,
16411,243,1461,22,2026-04-04,absent_unexcused,0,1,Sababsiz
16412,243,1462,22,2026-04-07,absent_unexcused,0,1,Sababsiz
16413,243,1463,22,2026-04-09,present,0,1,
16414,243,1464,22,2026-04-11,present,0,1,
16415,243,1465,22,2026-04-14,present,0,1,
16416,243,1466,22,2026-04-16,present,0,1,
16417,243,1467,22,2026-04-18,present,0,1,
16418,243,1468,22,2026-04-21,present,0,1,
16419,243,1469,22,2026-04-23,absent_excused,0,1,Ota-ona xabar berdi
16420,243,1470,22,2026-04-25,present,0,1,
16421,243,1471,22,2026-04-28,late,21,1,
16422,243,1472,22,2026-04-30,late,13,1,
16423,243,1473,22,2026-05-02,present,0,1,
16424,243,1474,22,2026-05-05,absent_excused,0,1,Ota-ona xabar berdi
16425,243,1475,22,2026-05-07,present,0,1,
16426,243,1476,22,2026-05-12,late,9,1,
16427,243,1477,22,2026-05-14,present,0,1,
16428,243,1478,22,2026-05-16,absent_unexcused,0,1,Sababsiz
16429,243,1479,22,2026-05-19,present,0,1,
16430,243,1480,22,2026-05-21,absent_excused,0,1,Ota-ona xabar berdi
16431,243,1481,22,2026-05-23,late,15,1,
16432,243,1482,22,2026-05-26,absent_excused,0,1,Ota-ona xabar berdi
16433,243,1483,22,2026-05-28,late,24,1,
16434,243,1484,22,2026-05-30,present,0,1,
16435,243,1485,22,2026-06-02,present,0,1,
16436,243,1486,22,2026-06-04,present,0,1,
16437,243,1487,22,2026-06-06,present,0,1,
16438,243,1488,22,2026-06-09,present,0,1,
16439,243,1489,22,2026-06-11,present,0,1,
16440,243,1490,22,2026-06-13,present,0,1,
16441,243,1491,22,2026-06-16,present,0,1,
16442,243,1492,22,2026-06-18,present,0,1,
16443,243,1493,22,2026-06-20,present,0,1,
16444,243,1494,22,2026-06-23,present,0,1,
16445,243,1495,22,2026-06-25,present,0,1,
16446,243,1496,22,2026-06-27,present,0,1,
16447,243,1497,22,2026-06-30,present,0,1,
16448,243,1498,22,2026-07-02,present,0,1,
16449,243,1499,22,2026-07-04,present,0,1,
16450,243,1500,22,2026-07-07,present,0,1,
16451,243,1501,22,2026-07-09,present,0,1,
16452,243,1502,22,2026-07-11,absent_excused,0,1,Ota-ona xabar berdi
16453,243,1503,22,2026-07-14,present,0,1,
16454,243,1504,22,2026-07-16,present,0,1,
16455,243,1505,22,2026-07-18,late,24,1,
16456,243,1506,22,2026-07-21,present,0,1,
16457,243,1507,22,2026-07-23,present,0,1,
16458,243,1508,22,2026-07-25,absent_excused,0,1,Ota-ona xabar berdi
16459,243,1509,22,2026-07-28,present,0,1,
16460,243,1510,22,2026-07-30,present,0,1,
16461,244,1436,22,2026-02-03,present,0,1,
16462,244,1437,22,2026-02-05,late,13,1,
16463,244,1438,22,2026-02-07,present,0,1,
16464,244,1439,22,2026-02-10,present,0,1,
16465,244,1440,22,2026-02-12,present,0,1,
16466,244,1441,22,2026-02-14,present,0,1,
16467,244,1442,22,2026-02-17,absent_excused,0,1,Ota-ona xabar berdi
16468,244,1443,22,2026-02-19,present,0,1,
16469,244,1444,22,2026-02-21,present,0,1,
16470,244,1445,22,2026-02-24,present,0,1,
16471,244,1446,22,2026-02-26,late,25,1,
16472,244,1447,22,2026-02-28,present,0,1,
16473,244,1448,22,2026-03-03,present,0,1,
16474,244,1449,22,2026-03-05,present,0,1,
16475,244,1450,22,2026-03-07,present,0,1,
16476,244,1451,22,2026-03-10,absent_excused,0,1,Ota-ona xabar berdi
16477,244,1452,22,2026-03-12,present,0,1,
16478,244,1453,22,2026-03-14,absent_excused,0,1,Ota-ona xabar berdi
16479,244,1454,22,2026-03-17,present,0,1,
16480,244,1455,22,2026-03-19,present,0,1,
16481,244,1456,22,2026-03-24,present,0,1,
16482,244,1457,22,2026-03-26,present,0,1,
16483,244,1458,22,2026-03-28,present,0,1,
16484,244,1459,22,2026-03-31,absent_unexcused,0,1,Sababsiz
16485,244,1460,22,2026-04-02,present,0,1,
16486,244,1461,22,2026-04-04,late,19,1,
16487,244,1462,22,2026-04-07,present,0,1,
16488,244,1463,22,2026-04-09,present,0,1,
16489,244,1464,22,2026-04-11,late,15,1,
16490,244,1465,22,2026-04-14,present,0,1,
16491,244,1466,22,2026-04-16,absent_excused,0,1,Ota-ona xabar berdi
16492,244,1467,22,2026-04-18,present,0,1,
16493,244,1468,22,2026-04-21,present,0,1,
16494,244,1469,22,2026-04-23,present,0,1,
16495,244,1470,22,2026-04-25,present,0,1,
16496,244,1471,22,2026-04-28,present,0,1,
16497,244,1472,22,2026-04-30,present,0,1,
16498,244,1473,22,2026-05-02,present,0,1,
16499,244,1474,22,2026-05-05,late,24,1,
16500,244,1475,22,2026-05-07,present,0,1,
16501,244,1476,22,2026-05-12,present,0,1,
16502,244,1477,22,2026-05-14,present,0,1,
16503,244,1478,22,2026-05-16,present,0,1,
16504,244,1479,22,2026-05-19,present,0,1,
16505,244,1480,22,2026-05-21,late,9,1,
16506,244,1481,22,2026-05-23,absent_excused,0,1,Ota-ona xabar berdi
16507,244,1482,22,2026-05-26,present,0,1,
16508,244,1483,22,2026-05-28,present,0,1,
16509,244,1484,22,2026-05-30,absent_excused,0,1,Ota-ona xabar berdi
16510,244,1485,22,2026-06-02,present,0,1,
16511,244,1486,22,2026-06-04,present,0,1,
16512,244,1487,22,2026-06-06,present,0,1,
16513,244,1488,22,2026-06-09,present,0,1,
16514,244,1489,22,2026-06-11,present,0,1,
16515,244,1490,22,2026-06-13,present,0,1,
16516,244,1491,22,2026-06-16,present,0,1,
16517,244,1492,22,2026-06-18,present,0,1,
16518,244,1493,22,2026-06-20,present,0,1,
16519,244,1494,22,2026-06-23,absent_excused,0,1,Ota-ona xabar berdi
16520,244,1495,22,2026-06-25,present,0,1,
16521,244,1496,22,2026-06-27,present,0,1,
16522,244,1497,22,2026-06-30,absent_unexcused,0,1,Sababsiz
16523,244,1498,22,2026-07-02,present,0,1,
16524,244,1499,22,2026-07-04,late,17,1,
16525,244,1500,22,2026-07-07,present,0,1,
16526,244,1501,22,2026-07-09,late,9,1,
16527,244,1502,22,2026-07-11,present,0,1,
16528,244,1503,22,2026-07-14,late,10,1,
16529,244,1504,22,2026-07-16,present,0,1,
16530,244,1505,22,2026-07-18,absent_excused,0,1,Ota-ona xabar berdi
16531,244,1506,22,2026-07-21,present,0,1,
16532,244,1507,22,2026-07-23,present,0,1,
16533,244,1508,22,2026-07-25,present,0,1,
16534,244,1509,22,2026-07-28,absent_excused,0,1,Ota-ona xabar berdi
16535,244,1510,22,2026-07-30,present,0,1,
16536,245,1436,22,2026-02-03,present,0,1,
16537,245,1437,22,2026-02-05,present,0,1,
16538,245,1438,22,2026-02-07,present,0,1,
16539,245,1439,22,2026-02-10,present,0,1,
16540,245,1440,22,2026-02-12,present,0,1,
16541,245,1441,22,2026-02-14,present,0,1,
16542,245,1442,22,2026-02-17,present,0,1,
16543,245,1443,22,2026-02-19,present,0,1,
16544,245,1444,22,2026-02-21,present,0,1,
16545,245,1445,22,2026-02-24,present,0,1,
16546,245,1446,22,2026-02-26,present,0,1,
16547,245,1447,22,2026-02-28,present,0,1,
16548,245,1448,22,2026-03-03,present,0,1,
16549,245,1449,22,2026-03-05,present,0,1,
16550,245,1450,22,2026-03-07,present,0,1,
16551,245,1451,22,2026-03-10,present,0,1,
16552,245,1452,22,2026-03-12,present,0,1,
16553,245,1453,22,2026-03-14,late,7,1,
16554,245,1454,22,2026-03-17,present,0,1,
16555,245,1455,22,2026-03-19,present,0,1,
16556,245,1456,22,2026-03-24,absent_excused,0,1,Ota-ona xabar berdi
16557,245,1457,22,2026-03-26,late,10,1,
16558,245,1458,22,2026-03-28,present,0,1,
16559,245,1459,22,2026-03-31,present,0,1,
16560,245,1460,22,2026-04-02,present,0,1,
16561,245,1461,22,2026-04-04,present,0,1,
16562,245,1462,22,2026-04-07,present,0,1,
16563,245,1463,22,2026-04-09,present,0,1,
16564,245,1464,22,2026-04-11,present,0,1,
16565,245,1465,22,2026-04-14,present,0,1,
16566,245,1466,22,2026-04-16,present,0,1,
16567,245,1467,22,2026-04-18,present,0,1,
16568,245,1468,22,2026-04-21,present,0,1,
16569,245,1469,22,2026-04-23,present,0,1,
16570,245,1470,22,2026-04-25,present,0,1,
16571,245,1471,22,2026-04-28,present,0,1,
16572,245,1472,22,2026-04-30,present,0,1,
16573,245,1473,22,2026-05-02,present,0,1,
16574,245,1474,22,2026-05-05,present,0,1,
16575,245,1475,22,2026-05-07,present,0,1,
16576,245,1476,22,2026-05-12,present,0,1,
16577,245,1477,22,2026-05-14,present,0,1,
16578,245,1478,22,2026-05-16,present,0,1,
16579,245,1479,22,2026-05-19,present,0,1,
16580,245,1480,22,2026-05-21,present,0,1,
16581,245,1481,22,2026-05-23,present,0,1,
16582,245,1482,22,2026-05-26,present,0,1,
16583,245,1483,22,2026-05-28,present,0,1,
16584,245,1484,22,2026-05-30,present,0,1,
16585,245,1485,22,2026-06-02,present,0,1,
16586,245,1486,22,2026-06-04,present,0,1,
16587,245,1487,22,2026-06-06,present,0,1,
16588,245,1488,22,2026-06-09,present,0,1,
16589,245,1489,22,2026-06-11,present,0,1,
16590,245,1490,22,2026-06-13,present,0,1,
16591,245,1491,22,2026-06-16,present,0,1,
16592,245,1492,22,2026-06-18,late,12,1,
16593,245,1493,22,2026-06-20,present,0,1,
16594,245,1494,22,2026-06-23,present,0,1,
16595,245,1495,22,2026-06-25,present,0,1,
16596,245,1496,22,2026-06-27,present,0,1,
16597,245,1497,22,2026-06-30,present,0,1,
16598,245,1498,22,2026-07-02,present,0,1,
16599,245,1499,22,2026-07-04,present,0,1,
16600,245,1500,22,2026-07-07,present,0,1,
16601,245,1501,22,2026-07-09,present,0,1,
16602,245,1502,22,2026-07-11,present,0,1,
16603,245,1503,22,2026-07-14,present,0,1,
16604,245,1504,22,2026-07-16,present,0,1,
16605,245,1505,22,2026-07-18,present,0,1,
16606,245,1506,22,2026-07-21,present,0,1,
16607,245,1507,22,2026-07-23,present,0,1,
16608,245,1508,22,2026-07-25,present,0,1,
16609,245,1509,22,2026-07-28,present,0,1,
16610,245,1510,22,2026-07-30,present,0,1,
16611,246,1436,22,2026-02-03,present,0,1,
16612,246,1437,22,2026-02-05,present,0,1,
16613,246,1438,22,2026-02-07,present,0,1,
16614,246,1439,22,2026-02-10,present,0,1,
16615,246,1440,22,2026-02-12,present,0,1,
16616,246,1441,22,2026-02-14,late,23,1,
16617,246,1442,22,2026-02-17,present,0,1,
16618,246,1443,22,2026-02-19,late,23,1,
16619,246,1444,22,2026-02-21,absent_unexcused,0,1,Sababsiz
16620,246,1445,22,2026-02-24,present,0,1,
16621,246,1446,22,2026-02-26,present,0,1,
16622,246,1447,22,2026-02-28,present,0,1,
16623,246,1448,22,2026-03-03,late,5,1,
16624,246,1449,22,2026-03-05,present,0,1,
16625,246,1450,22,2026-03-07,present,0,1,
16626,246,1451,22,2026-03-10,present,0,1,
16627,246,1452,22,2026-03-12,absent_excused,0,1,Ota-ona xabar berdi
16628,246,1453,22,2026-03-14,present,0,1,
16629,246,1454,22,2026-03-17,present,0,1,
16630,246,1455,22,2026-03-19,present,0,1,
16631,246,1456,22,2026-03-24,absent_excused,0,1,Ota-ona xabar berdi
16632,246,1457,22,2026-03-26,present,0,1,
16633,246,1458,22,2026-03-28,absent_excused,0,1,Ota-ona xabar berdi
16634,246,1459,22,2026-03-31,present,0,1,
16635,246,1460,22,2026-04-02,present,0,1,
16636,246,1461,22,2026-04-04,present,0,1,
16637,246,1462,22,2026-04-07,late,9,1,
16638,246,1463,22,2026-04-09,late,16,1,
16639,246,1464,22,2026-04-11,late,22,1,
16640,246,1465,22,2026-04-14,present,0,1,
16641,246,1466,22,2026-04-16,present,0,1,
16642,246,1467,22,2026-04-18,present,0,1,
16643,246,1468,22,2026-04-21,present,0,1,
16644,246,1469,22,2026-04-23,present,0,1,
16645,246,1470,22,2026-04-25,present,0,1,
16646,246,1471,22,2026-04-28,present,0,1,
16647,246,1472,22,2026-04-30,present,0,1,
16648,246,1473,22,2026-05-02,present,0,1,
16649,246,1474,22,2026-05-05,present,0,1,
16650,246,1475,22,2026-05-07,present,0,1,
16651,246,1476,22,2026-05-12,absent_excused,0,1,Ota-ona xabar berdi
16652,246,1477,22,2026-05-14,present,0,1,
16653,246,1478,22,2026-05-16,present,0,1,
16654,246,1479,22,2026-05-19,present,0,1,
16655,246,1480,22,2026-05-21,present,0,1,
16656,246,1481,22,2026-05-23,absent_unexcused,0,1,Sababsiz
16657,246,1482,22,2026-05-26,late,22,1,
16658,246,1483,22,2026-05-28,present,0,1,
16659,246,1484,22,2026-05-30,present,0,1,
16660,246,1485,22,2026-06-02,present,0,1,
16661,246,1486,22,2026-06-04,present,0,1,
16662,246,1487,22,2026-06-06,present,0,1,
16663,246,1488,22,2026-06-09,present,0,1,
16664,246,1489,22,2026-06-11,present,0,1,
16665,246,1490,22,2026-06-13,present,0,1,
16666,246,1491,22,2026-06-16,present,0,1,
16667,246,1492,22,2026-06-18,absent_unexcused,0,1,Sababsiz
16668,246,1493,22,2026-06-20,late,6,1,
16669,246,1494,22,2026-06-23,present,0,1,
16670,246,1495,22,2026-06-25,present,0,1,
16671,246,1496,22,2026-06-27,present,0,1,
16672,246,1497,22,2026-06-30,present,0,1,
16673,246,1498,22,2026-07-02,absent_unexcused,0,1,Sababsiz
16674,246,1499,22,2026-07-04,present,0,1,
16675,246,1500,22,2026-07-07,present,0,1,
16676,246,1501,22,2026-07-09,present,0,1,
16677,246,1502,22,2026-07-11,present,0,1,
16678,246,1503,22,2026-07-14,late,24,1,
16679,246,1504,22,2026-07-16,present,0,1,
16680,246,1505,22,2026-07-18,present,0,1,
16681,246,1506,22,2026-07-21,present,0,1,
16682,246,1507,22,2026-07-23,present,0,1,
16683,246,1508,22,2026-07-25,late,24,1,
16684,246,1509,22,2026-07-28,present,0,1,
16685,246,1510,22,2026-07-30,absent_unexcused,0,1,Sababsiz
16686,247,1436,22,2026-02-03,present,0,1,
16687,247,1437,22,2026-02-05,present,0,1,
16688,247,1438,22,2026-02-07,present,0,1,
16689,247,1439,22,2026-02-10,present,0,1,
16690,247,1440,22,2026-02-12,present,0,1,
16691,247,1441,22,2026-02-14,absent_unexcused,0,1,Sababsiz
16692,247,1442,22,2026-02-17,present,0,1,
16693,247,1443,22,2026-02-19,present,0,1,
16694,247,1444,22,2026-02-21,present,0,1,
16695,247,1445,22,2026-02-24,absent_unexcused,0,1,Sababsiz
16696,247,1446,22,2026-02-26,present,0,1,
16697,247,1447,22,2026-02-28,late,14,1,
16698,247,1448,22,2026-03-03,present,0,1,
16699,247,1449,22,2026-03-05,present,0,1,
16700,247,1450,22,2026-03-07,present,0,1,
16701,247,1451,22,2026-03-10,present,0,1,
16702,247,1452,22,2026-03-12,present,0,1,
16703,247,1453,22,2026-03-14,present,0,1,
16704,247,1454,22,2026-03-17,present,0,1,
16705,247,1455,22,2026-03-19,present,0,1,
16706,247,1456,22,2026-03-24,present,0,1,
16707,247,1457,22,2026-03-26,late,15,1,
16708,247,1458,22,2026-03-28,late,17,1,
16709,247,1459,22,2026-03-31,present,0,1,
16710,247,1460,22,2026-04-02,present,0,1,
16711,247,1461,22,2026-04-04,present,0,1,
16712,247,1462,22,2026-04-07,present,0,1,
16713,247,1463,22,2026-04-09,present,0,1,
16714,247,1464,22,2026-04-11,present,0,1,
16715,247,1465,22,2026-04-14,present,0,1,
16716,247,1466,22,2026-04-16,present,0,1,
16717,247,1467,22,2026-04-18,present,0,1,
16718,247,1468,22,2026-04-21,present,0,1,
16719,247,1469,22,2026-04-23,late,5,1,
16720,247,1470,22,2026-04-25,present,0,1,
16721,247,1471,22,2026-04-28,present,0,1,
16722,247,1472,22,2026-04-30,present,0,1,
16723,247,1473,22,2026-05-02,present,0,1,
16724,247,1474,22,2026-05-05,absent_unexcused,0,1,Sababsiz
16725,247,1475,22,2026-05-07,present,0,1,
16726,247,1476,22,2026-05-12,present,0,1,
16727,247,1477,22,2026-05-14,present,0,1,
16728,247,1478,22,2026-05-16,present,0,1,
16729,247,1479,22,2026-05-19,present,0,1,
16730,247,1480,22,2026-05-21,present,0,1,
16731,247,1481,22,2026-05-23,present,0,1,
16732,247,1482,22,2026-05-26,present,0,1,
16733,247,1483,22,2026-05-28,present,0,1,
16734,247,1484,22,2026-05-30,present,0,1,
16735,247,1485,22,2026-06-02,present,0,1,
16736,247,1486,22,2026-06-04,present,0,1,
16737,247,1487,22,2026-06-06,absent_unexcused,0,1,Sababsiz
16738,247,1488,22,2026-06-09,present,0,1,
16739,247,1489,22,2026-06-11,late,10,1,
16740,247,1490,22,2026-06-13,present,0,1,
16741,247,1491,22,2026-06-16,absent_unexcused,0,1,Sababsiz
16742,247,1492,22,2026-06-18,late,19,1,
16743,247,1493,22,2026-06-20,present,0,1,
16744,247,1494,22,2026-06-23,present,0,1,
16745,247,1495,22,2026-06-25,present,0,1,
16746,247,1496,22,2026-06-27,present,0,1,
16747,247,1497,22,2026-06-30,late,6,1,
16748,247,1498,22,2026-07-02,present,0,1,
16749,247,1499,22,2026-07-04,present,0,1,
16750,247,1500,22,2026-07-07,present,0,1,
16751,247,1501,22,2026-07-09,present,0,1,
16752,247,1502,22,2026-07-11,present,0,1,
16753,247,1503,22,2026-07-14,present,0,1,
16754,247,1504,22,2026-07-16,present,0,1,
16755,247,1505,22,2026-07-18,present,0,1,
16756,247,1506,22,2026-07-21,present,0,1,
16757,247,1507,22,2026-07-23,present,0,1,
16758,247,1508,22,2026-07-25,present,0,1,
16759,247,1509,22,2026-07-28,present,0,1,
16760,247,1510,22,2026-07-30,present,0,1,
16761,248,1436,22,2026-02-03,late,6,1,
16762,248,1437,22,2026-02-05,present,0,1,
16763,248,1438,22,2026-02-07,present,0,1,
16764,248,1439,22,2026-02-10,present,0,1,
16765,248,1440,22,2026-02-12,present,0,1,
16766,248,1441,22,2026-02-14,late,8,1,
16767,248,1442,22,2026-02-17,absent_unexcused,0,1,Sababsiz
16768,248,1443,22,2026-02-19,present,0,1,
16769,248,1444,22,2026-02-21,present,0,1,
16770,248,1445,22,2026-02-24,absent_excused,0,1,Ota-ona xabar berdi
16771,248,1446,22,2026-02-26,present,0,1,
16772,248,1447,22,2026-02-28,present,0,1,
16773,248,1448,22,2026-03-03,late,5,1,
16774,248,1449,22,2026-03-05,present,0,1,
16775,248,1450,22,2026-03-07,present,0,1,
16776,248,1451,22,2026-03-10,present,0,1,
16777,248,1452,22,2026-03-12,absent_excused,0,1,Ota-ona xabar berdi
16778,248,1453,22,2026-03-14,present,0,1,
16779,248,1454,22,2026-03-17,present,0,1,
16780,248,1455,22,2026-03-19,present,0,1,
16781,248,1456,22,2026-03-24,present,0,1,
16782,248,1457,22,2026-03-26,present,0,1,
16783,248,1458,22,2026-03-28,present,0,1,
16784,248,1459,22,2026-03-31,present,0,1,
16785,248,1460,22,2026-04-02,present,0,1,
16786,248,1461,22,2026-04-04,present,0,1,
16787,248,1462,22,2026-04-07,present,0,1,
16788,248,1463,22,2026-04-09,present,0,1,
16789,248,1464,22,2026-04-11,present,0,1,
16790,248,1465,22,2026-04-14,present,0,1,
16791,248,1466,22,2026-04-16,present,0,1,
16792,248,1467,22,2026-04-18,present,0,1,
16793,248,1468,22,2026-04-21,absent_unexcused,0,1,Sababsiz
16794,248,1469,22,2026-04-23,present,0,1,
16795,248,1470,22,2026-04-25,present,0,1,
16796,248,1471,22,2026-04-28,present,0,1,
16797,248,1472,22,2026-04-30,present,0,1,
16798,248,1473,22,2026-05-02,present,0,1,
16799,248,1474,22,2026-05-05,present,0,1,
16800,248,1475,22,2026-05-07,present,0,1,
16801,248,1476,22,2026-05-12,present,0,1,
16802,248,1477,22,2026-05-14,present,0,1,
16803,248,1478,22,2026-05-16,present,0,1,
16804,248,1479,22,2026-05-19,present,0,1,
16805,248,1480,22,2026-05-21,present,0,1,
16806,248,1481,22,2026-05-23,present,0,1,
16807,248,1482,22,2026-05-26,present,0,1,
16808,248,1483,22,2026-05-28,present,0,1,
16809,248,1484,22,2026-05-30,present,0,1,
16810,248,1485,22,2026-06-02,present,0,1,
16811,248,1486,22,2026-06-04,present,0,1,
16812,248,1487,22,2026-06-06,present,0,1,
16813,248,1488,22,2026-06-09,present,0,1,
16814,248,1489,22,2026-06-11,present,0,1,
16815,248,1490,22,2026-06-13,present,0,1,
16816,248,1491,22,2026-06-16,present,0,1,
16817,248,1492,22,2026-06-18,present,0,1,
16818,248,1493,22,2026-06-20,present,0,1,
16819,248,1494,22,2026-06-23,present,0,1,
16820,248,1495,22,2026-06-25,present,0,1,
16821,248,1496,22,2026-06-27,present,0,1,
16822,248,1497,22,2026-06-30,present,0,1,
16823,248,1498,22,2026-07-02,present,0,1,
16824,248,1499,22,2026-07-04,present,0,1,
16825,248,1500,22,2026-07-07,present,0,1,
16826,248,1501,22,2026-07-09,present,0,1,
16827,248,1502,22,2026-07-11,present,0,1,
16828,248,1503,22,2026-07-14,present,0,1,
16829,248,1504,22,2026-07-16,present,0,1,
16830,248,1505,22,2026-07-18,present,0,1,
16831,248,1506,22,2026-07-21,present,0,1,
16832,248,1507,22,2026-07-23,present,0,1,
16833,248,1508,22,2026-07-25,present,0,1,
16834,248,1509,22,2026-07-28,late,5,1,
16835,248,1510,22,2026-07-30,present,0,1,
16836,249,1436,22,2026-02-03,present,0,1,
16837,249,1437,22,2026-02-05,present,0,1,
16838,249,1438,22,2026-02-07,absent_excused,0,1,Ota-ona xabar berdi
16839,249,1439,22,2026-02-10,present,0,1,
16840,249,1440,22,2026-02-12,late,15,1,
16841,249,1441,22,2026-02-14,absent_excused,0,1,Ota-ona xabar berdi
16842,249,1442,22,2026-02-17,present,0,1,
16843,249,1443,22,2026-02-19,present,0,1,
16844,249,1444,22,2026-02-21,present,0,1,
16845,249,1445,22,2026-02-24,late,23,1,
16846,249,1446,22,2026-02-26,present,0,1,
16847,249,1447,22,2026-02-28,present,0,1,
16848,249,1448,22,2026-03-03,absent_excused,0,1,Ota-ona xabar berdi
16849,249,1449,22,2026-03-05,present,0,1,
16850,249,1450,22,2026-03-07,present,0,1,
16851,249,1451,22,2026-03-10,absent_unexcused,0,1,Sababsiz
16852,249,1452,22,2026-03-12,absent_unexcused,0,1,Sababsiz
16853,249,1453,22,2026-03-14,present,0,1,
16854,249,1454,22,2026-03-17,late,9,1,
16855,249,1455,22,2026-03-19,present,0,1,
16856,249,1456,22,2026-03-24,absent_unexcused,0,1,Sababsiz
16857,249,1457,22,2026-03-26,absent_unexcused,0,1,Sababsiz
16858,249,1458,22,2026-03-28,present,0,1,
16859,249,1459,22,2026-03-31,absent_unexcused,0,1,Sababsiz
16860,249,1460,22,2026-04-02,late,17,1,
16861,249,1461,22,2026-04-04,present,0,1,
16862,249,1462,22,2026-04-07,absent_excused,0,1,Ota-ona xabar berdi
16863,249,1463,22,2026-04-09,present,0,1,
16864,249,1464,22,2026-04-11,present,0,1,
16865,249,1465,22,2026-04-14,present,0,1,
16866,249,1466,22,2026-04-16,present,0,1,
16867,249,1467,22,2026-04-18,present,0,1,
16868,249,1468,22,2026-04-21,present,0,1,
16869,249,1469,22,2026-04-23,present,0,1,
16870,249,1470,22,2026-04-25,present,0,1,
16871,249,1471,22,2026-04-28,present,0,1,
16872,249,1472,22,2026-04-30,late,18,1,
16873,249,1473,22,2026-05-02,present,0,1,
16874,249,1474,22,2026-05-05,present,0,1,
16875,249,1475,22,2026-05-07,absent_excused,0,1,Ota-ona xabar berdi
16876,249,1476,22,2026-05-12,present,0,1,
16877,249,1477,22,2026-05-14,present,0,1,
16878,249,1478,22,2026-05-16,present,0,1,
16879,249,1479,22,2026-05-19,present,0,1,
16880,249,1480,22,2026-05-21,present,0,1,
16881,249,1481,22,2026-05-23,present,0,1,
16882,249,1482,22,2026-05-26,present,0,1,
16883,249,1483,22,2026-05-28,present,0,1,
16884,249,1484,22,2026-05-30,absent_unexcused,0,1,Sababsiz
16885,249,1485,22,2026-06-02,absent_unexcused,0,1,Sababsiz
16886,249,1486,22,2026-06-04,present,0,1,
16887,249,1487,22,2026-06-06,present,0,1,
16888,249,1488,22,2026-06-09,present,0,1,
16889,249,1489,22,2026-06-11,absent_unexcused,0,1,Sababsiz
16890,249,1490,22,2026-06-13,present,0,1,
16891,249,1491,22,2026-06-16,present,0,1,
16892,249,1492,22,2026-06-18,present,0,1,
16893,249,1493,22,2026-06-20,present,0,1,
16894,249,1494,22,2026-06-23,present,0,1,
16895,249,1495,22,2026-06-25,present,0,1,
16896,249,1496,22,2026-06-27,late,5,1,
16897,249,1497,22,2026-06-30,present,0,1,
16898,249,1498,22,2026-07-02,late,21,1,
16899,249,1499,22,2026-07-04,present,0,1,
16900,249,1500,22,2026-07-07,present,0,1,
16901,249,1501,22,2026-07-09,present,0,1,
16902,249,1502,22,2026-07-11,present,0,1,
16903,249,1503,22,2026-07-14,present,0,1,
16904,249,1504,22,2026-07-16,present,0,1,
16905,249,1505,22,2026-07-18,present,0,1,
16906,249,1506,22,2026-07-21,present,0,1,
16907,249,1507,22,2026-07-23,present,0,1,
16908,249,1508,22,2026-07-25,late,25,1,
16909,249,1509,22,2026-07-28,present,0,1,
16910,249,1510,22,2026-07-30,present,0,1,
16911,250,1511,23,2026-02-16,present,0,14,
16912,250,1512,23,2026-02-18,present,0,14,
16913,250,1513,23,2026-02-20,present,0,14,
16914,250,1514,23,2026-02-23,present,0,14,
16915,250,1515,23,2026-02-25,absent_unexcused,0,14,Sababsiz
16916,250,1516,23,2026-02-27,present,0,14,
16917,250,1517,23,2026-03-02,present,0,14,
16918,250,1518,23,2026-03-04,present,0,14,
16919,250,1519,23,2026-03-06,present,0,14,
16920,250,1520,23,2026-03-09,present,0,14,
16921,250,1521,23,2026-03-11,present,0,14,
16922,250,1522,23,2026-03-13,present,0,14,
16923,250,1523,23,2026-03-16,present,0,14,
16924,250,1524,23,2026-03-18,present,0,14,
16925,250,1525,23,2026-03-25,present,0,14,
16926,250,1526,23,2026-03-27,absent_excused,0,14,Ota-ona xabar berdi
16927,250,1527,23,2026-03-30,present,0,14,
16928,250,1528,23,2026-04-01,present,0,14,
16929,250,1529,23,2026-04-03,present,0,14,
16930,250,1530,23,2026-04-06,present,0,14,
16931,250,1531,23,2026-04-08,present,0,14,
16932,250,1532,23,2026-04-10,present,0,14,
16933,250,1533,23,2026-04-13,absent_excused,0,14,Ota-ona xabar berdi
16934,250,1534,23,2026-04-15,present,0,14,
16935,250,1535,23,2026-04-17,present,0,14,
16936,250,1536,23,2026-04-20,present,0,14,
16937,250,1537,23,2026-04-22,present,0,14,
16938,250,1538,23,2026-04-24,present,0,14,
16939,250,1539,23,2026-04-27,present,0,14,
16940,250,1540,23,2026-04-29,present,0,14,
16941,250,1541,23,2026-05-01,present,0,14,
16942,250,1542,23,2026-05-04,present,0,14,
16943,250,1543,23,2026-05-06,present,0,14,
16944,250,1544,23,2026-05-08,present,0,14,
16945,250,1545,23,2026-05-11,late,16,14,
16946,250,1546,23,2026-05-13,present,0,14,
16947,250,1547,23,2026-05-15,present,0,14,
16948,250,1548,23,2026-05-18,present,0,14,
16949,250,1549,23,2026-05-20,absent_excused,0,14,Ota-ona xabar berdi
16950,250,1550,23,2026-05-22,present,0,14,
16951,250,1551,23,2026-05-25,present,0,14,
16952,250,1552,23,2026-05-27,absent_excused,0,14,Ota-ona xabar berdi
16953,250,1553,23,2026-05-29,present,0,14,
16954,250,1554,23,2026-06-01,present,0,14,
16955,250,1555,23,2026-06-03,present,0,14,
16956,250,1556,23,2026-06-05,present,0,14,
16957,250,1557,23,2026-06-08,present,0,14,
16958,250,1558,23,2026-06-10,present,0,14,
16959,250,1559,23,2026-06-12,present,0,14,
16960,250,1560,23,2026-06-15,present,0,14,
16961,250,1561,23,2026-06-17,present,0,14,
16962,250,1562,23,2026-06-19,present,0,14,
16963,250,1563,23,2026-06-22,present,0,14,
16964,250,1564,23,2026-06-24,present,0,14,
16965,250,1565,23,2026-06-26,present,0,14,
16966,250,1566,23,2026-06-29,present,0,14,
16967,250,1567,23,2026-07-01,present,0,14,
16968,250,1568,23,2026-07-03,present,0,14,
16969,250,1569,23,2026-07-06,absent_unexcused,0,14,Sababsiz
16970,250,1570,23,2026-07-08,present,0,14,
16971,250,1571,23,2026-07-10,present,0,14,
16972,250,1572,23,2026-07-13,late,15,14,
16973,250,1573,23,2026-07-15,absent_excused,0,14,Ota-ona xabar berdi
16974,250,1574,23,2026-07-17,present,0,14,
16975,250,1575,23,2026-07-20,present,0,14,
16976,250,1576,23,2026-07-22,late,23,14,
16977,250,1577,23,2026-07-24,absent_excused,0,14,Ota-ona xabar berdi
16978,250,1578,23,2026-07-27,present,0,14,
16979,250,1579,23,2026-07-29,absent_unexcused,0,14,Sababsiz
16980,250,1580,23,2026-07-31,present,0,14,
16981,251,1511,23,2026-02-16,absent_unexcused,0,14,Sababsiz
16982,251,1512,23,2026-02-18,present,0,14,
16983,251,1513,23,2026-02-20,present,0,14,
16984,251,1514,23,2026-02-23,present,0,14,
16985,251,1515,23,2026-02-25,present,0,14,
16986,251,1516,23,2026-02-27,present,0,14,
16987,251,1517,23,2026-03-02,present,0,14,
16988,251,1518,23,2026-03-04,late,25,14,
16989,251,1519,23,2026-03-06,present,0,14,
16990,251,1520,23,2026-03-09,present,0,14,
16991,251,1521,23,2026-03-11,absent_unexcused,0,14,Sababsiz
16992,251,1522,23,2026-03-13,late,23,14,
16993,251,1523,23,2026-03-16,present,0,14,
16994,251,1524,23,2026-03-18,present,0,14,
16995,251,1525,23,2026-03-25,present,0,14,
16996,251,1526,23,2026-03-27,present,0,14,
16997,251,1527,23,2026-03-30,present,0,14,
16998,251,1528,23,2026-04-01,present,0,14,
16999,251,1529,23,2026-04-03,absent_unexcused,0,14,Sababsiz
17000,251,1530,23,2026-04-06,present,0,14,
17001,251,1531,23,2026-04-08,absent_unexcused,0,14,Sababsiz
17002,251,1532,23,2026-04-10,present,0,14,
17003,251,1533,23,2026-04-13,present,0,14,
17004,251,1534,23,2026-04-15,present,0,14,
17005,251,1535,23,2026-04-17,present,0,14,
17006,251,1536,23,2026-04-20,present,0,14,
17007,251,1537,23,2026-04-22,present,0,14,
17008,251,1538,23,2026-04-24,present,0,14,
17009,251,1539,23,2026-04-27,absent_excused,0,14,Ota-ona xabar berdi
17010,251,1540,23,2026-04-29,present,0,14,
17011,251,1541,23,2026-05-01,present,0,14,
17012,251,1542,23,2026-05-04,present,0,14,
17013,251,1543,23,2026-05-06,present,0,14,
17014,251,1544,23,2026-05-08,present,0,14,
17015,251,1545,23,2026-05-11,present,0,14,
17016,251,1546,23,2026-05-13,present,0,14,
17017,251,1547,23,2026-05-15,late,17,14,
17018,251,1548,23,2026-05-18,absent_excused,0,14,Ota-ona xabar berdi
17019,251,1549,23,2026-05-20,present,0,14,
17020,251,1550,23,2026-05-22,present,0,14,
17021,251,1551,23,2026-05-25,present,0,14,
17022,251,1552,23,2026-05-27,present,0,14,
17023,251,1553,23,2026-05-29,late,11,14,
17024,251,1554,23,2026-06-01,present,0,14,
17025,251,1555,23,2026-06-03,present,0,14,
17026,251,1556,23,2026-06-05,present,0,14,
17027,251,1557,23,2026-06-08,present,0,14,
17028,251,1558,23,2026-06-10,late,7,14,
17029,251,1559,23,2026-06-12,present,0,14,
17030,251,1560,23,2026-06-15,present,0,14,
17031,251,1561,23,2026-06-17,present,0,14,
17032,251,1562,23,2026-06-19,present,0,14,
17033,251,1563,23,2026-06-22,absent_unexcused,0,14,Sababsiz
17034,251,1564,23,2026-06-24,present,0,14,
17035,251,1565,23,2026-06-26,present,0,14,
17036,251,1566,23,2026-06-29,present,0,14,
17037,251,1567,23,2026-07-01,present,0,14,
17038,251,1568,23,2026-07-03,present,0,14,
17039,251,1569,23,2026-07-06,present,0,14,
17040,251,1570,23,2026-07-08,present,0,14,
17041,251,1571,23,2026-07-10,present,0,14,
17042,251,1572,23,2026-07-13,present,0,14,
17043,251,1573,23,2026-07-15,present,0,14,
17044,251,1574,23,2026-07-17,late,17,14,
17045,251,1575,23,2026-07-20,present,0,14,
17046,251,1576,23,2026-07-22,present,0,14,
17047,251,1577,23,2026-07-24,present,0,14,
17048,251,1578,23,2026-07-27,present,0,14,
17049,251,1579,23,2026-07-29,present,0,14,
17050,251,1580,23,2026-07-31,present,0,14,
17051,252,1511,23,2026-02-16,present,0,14,
17052,252,1512,23,2026-02-18,present,0,14,
17053,252,1513,23,2026-02-20,present,0,14,
17054,252,1514,23,2026-02-23,present,0,14,
17055,252,1515,23,2026-02-25,present,0,14,
17056,252,1516,23,2026-02-27,present,0,14,
17057,252,1517,23,2026-03-02,present,0,14,
17058,252,1518,23,2026-03-04,present,0,14,
17059,252,1519,23,2026-03-06,present,0,14,
17060,252,1520,23,2026-03-09,present,0,14,
17061,252,1521,23,2026-03-11,present,0,14,
17062,252,1522,23,2026-03-13,present,0,14,
17063,252,1523,23,2026-03-16,present,0,14,
17064,252,1524,23,2026-03-18,present,0,14,
17065,252,1525,23,2026-03-25,present,0,14,
17066,252,1526,23,2026-03-27,present,0,14,
17067,252,1527,23,2026-03-30,absent_excused,0,14,Ota-ona xabar berdi
17068,252,1528,23,2026-04-01,late,6,14,
17069,252,1529,23,2026-04-03,present,0,14,
17070,252,1530,23,2026-04-06,late,12,14,
17071,252,1531,23,2026-04-08,present,0,14,
17072,252,1532,23,2026-04-10,present,0,14,
17073,252,1533,23,2026-04-13,present,0,14,
17074,252,1534,23,2026-04-15,absent_excused,0,14,Ota-ona xabar berdi
17075,252,1535,23,2026-04-17,present,0,14,
17076,252,1536,23,2026-04-20,present,0,14,
17077,252,1537,23,2026-04-22,present,0,14,
17078,252,1538,23,2026-04-24,absent_unexcused,0,14,Sababsiz
17079,252,1539,23,2026-04-27,present,0,14,
17080,252,1540,23,2026-04-29,present,0,14,
17081,252,1541,23,2026-05-01,present,0,14,
17082,252,1542,23,2026-05-04,present,0,14,
17083,252,1543,23,2026-05-06,present,0,14,
17084,252,1544,23,2026-05-08,absent_unexcused,0,14,Sababsiz
17085,252,1545,23,2026-05-11,present,0,14,
17086,252,1546,23,2026-05-13,present,0,14,
17087,252,1547,23,2026-05-15,present,0,14,
17088,252,1548,23,2026-05-18,present,0,14,
17089,252,1549,23,2026-05-20,absent_unexcused,0,14,Sababsiz
17090,252,1550,23,2026-05-22,present,0,14,
17091,252,1551,23,2026-05-25,late,13,14,
17092,252,1552,23,2026-05-27,present,0,14,
17093,252,1553,23,2026-05-29,late,22,14,
17094,252,1554,23,2026-06-01,absent_excused,0,14,Ota-ona xabar berdi
17095,252,1555,23,2026-06-03,present,0,14,
17096,252,1556,23,2026-06-05,present,0,14,
17097,252,1557,23,2026-06-08,present,0,14,
17098,252,1558,23,2026-06-10,late,5,14,
17099,252,1559,23,2026-06-12,late,25,14,
17100,252,1560,23,2026-06-15,present,0,14,
17101,252,1561,23,2026-06-17,present,0,14,
17102,252,1562,23,2026-06-19,present,0,14,
17103,252,1563,23,2026-06-22,present,0,14,
17104,252,1564,23,2026-06-24,absent_unexcused,0,14,Sababsiz
17105,252,1565,23,2026-06-26,present,0,14,
17106,252,1566,23,2026-06-29,present,0,14,
17107,252,1567,23,2026-07-01,present,0,14,
17108,252,1568,23,2026-07-03,late,17,14,
17109,252,1569,23,2026-07-06,present,0,14,
17110,252,1570,23,2026-07-08,absent_excused,0,14,Ota-ona xabar berdi
17111,252,1571,23,2026-07-10,present,0,14,
17112,252,1572,23,2026-07-13,absent_unexcused,0,14,Sababsiz
17113,252,1573,23,2026-07-15,present,0,14,
17114,252,1574,23,2026-07-17,absent_unexcused,0,14,Sababsiz
17115,252,1575,23,2026-07-20,present,0,14,
17116,252,1576,23,2026-07-22,absent_unexcused,0,14,Sababsiz
17117,252,1577,23,2026-07-24,present,0,14,
17118,252,1578,23,2026-07-27,late,19,14,
17119,252,1579,23,2026-07-29,present,0,14,
17120,252,1580,23,2026-07-31,present,0,14,
17121,253,1511,23,2026-02-16,present,0,14,
17122,253,1512,23,2026-02-18,late,21,14,
17123,253,1513,23,2026-02-20,present,0,14,
17124,253,1514,23,2026-02-23,present,0,14,
17125,253,1515,23,2026-02-25,present,0,14,
17126,253,1516,23,2026-02-27,present,0,14,
17127,253,1517,23,2026-03-02,present,0,14,
17128,253,1518,23,2026-03-04,present,0,14,
17129,253,1519,23,2026-03-06,present,0,14,
17130,253,1520,23,2026-03-09,present,0,14,
17131,253,1521,23,2026-03-11,present,0,14,
17132,253,1522,23,2026-03-13,absent_unexcused,0,14,Sababsiz
17133,253,1523,23,2026-03-16,present,0,14,
17134,253,1524,23,2026-03-18,late,19,14,
17135,253,1525,23,2026-03-25,present,0,14,
17136,253,1526,23,2026-03-27,late,22,14,
17137,253,1527,23,2026-03-30,present,0,14,
17138,253,1528,23,2026-04-01,present,0,14,
17139,253,1529,23,2026-04-03,present,0,14,
17140,253,1530,23,2026-04-06,present,0,14,
17141,253,1531,23,2026-04-08,present,0,14,
17142,253,1532,23,2026-04-10,present,0,14,
17143,253,1533,23,2026-04-13,present,0,14,
17144,253,1534,23,2026-04-15,present,0,14,
17145,253,1535,23,2026-04-17,present,0,14,
17146,253,1536,23,2026-04-20,present,0,14,
17147,253,1537,23,2026-04-22,present,0,14,
17148,253,1538,23,2026-04-24,present,0,14,
17149,253,1539,23,2026-04-27,present,0,14,
17150,253,1540,23,2026-04-29,present,0,14,
17151,253,1541,23,2026-05-01,present,0,14,
17152,253,1542,23,2026-05-04,present,0,14,
17153,253,1543,23,2026-05-06,present,0,14,
17154,253,1544,23,2026-05-08,present,0,14,
17155,253,1545,23,2026-05-11,present,0,14,
17156,253,1546,23,2026-05-13,present,0,14,
17157,253,1547,23,2026-05-15,present,0,14,
17158,253,1548,23,2026-05-18,present,0,14,
17159,253,1549,23,2026-05-20,present,0,14,
17160,253,1550,23,2026-05-22,late,15,14,
17161,253,1551,23,2026-05-25,present,0,14,
17162,253,1552,23,2026-05-27,present,0,14,
17163,253,1553,23,2026-05-29,present,0,14,
17164,253,1554,23,2026-06-01,present,0,14,
17165,253,1555,23,2026-06-03,late,12,14,
17166,253,1556,23,2026-06-05,present,0,14,
17167,253,1557,23,2026-06-08,present,0,14,
17168,253,1558,23,2026-06-10,present,0,14,
17169,253,1559,23,2026-06-12,present,0,14,
17170,253,1560,23,2026-06-15,present,0,14,
17171,253,1561,23,2026-06-17,present,0,14,
17172,253,1562,23,2026-06-19,absent_excused,0,14,Ota-ona xabar berdi
17173,253,1563,23,2026-06-22,present,0,14,
17174,253,1564,23,2026-06-24,present,0,14,
17175,253,1565,23,2026-06-26,present,0,14,
17176,253,1566,23,2026-06-29,present,0,14,
17177,253,1567,23,2026-07-01,present,0,14,
17178,253,1568,23,2026-07-03,present,0,14,
17179,253,1569,23,2026-07-06,present,0,14,
17180,253,1570,23,2026-07-08,present,0,14,
17181,253,1571,23,2026-07-10,present,0,14,
17182,253,1572,23,2026-07-13,present,0,14,
17183,253,1573,23,2026-07-15,present,0,14,
17184,253,1574,23,2026-07-17,present,0,14,
17185,253,1575,23,2026-07-20,late,5,14,
17186,253,1576,23,2026-07-22,present,0,14,
17187,253,1577,23,2026-07-24,present,0,14,
17188,253,1578,23,2026-07-27,present,0,14,
17189,253,1579,23,2026-07-29,present,0,14,
17190,253,1580,23,2026-07-31,present,0,14,
17191,254,1511,23,2026-02-16,present,0,14,
17192,254,1512,23,2026-02-18,present,0,14,
17193,254,1513,23,2026-02-20,present,0,14,
17194,254,1514,23,2026-02-23,late,12,14,
17195,254,1515,23,2026-02-25,present,0,14,
17196,254,1516,23,2026-02-27,present,0,14,
17197,254,1517,23,2026-03-02,present,0,14,
17198,254,1518,23,2026-03-04,absent_excused,0,14,Ota-ona xabar berdi
17199,254,1519,23,2026-03-06,present,0,14,
17200,254,1520,23,2026-03-09,present,0,14,
17201,254,1521,23,2026-03-11,present,0,14,
17202,254,1522,23,2026-03-13,present,0,14,
17203,254,1523,23,2026-03-16,present,0,14,
17204,254,1524,23,2026-03-18,present,0,14,
17205,254,1525,23,2026-03-25,present,0,14,
17206,254,1526,23,2026-03-27,absent_excused,0,14,Ota-ona xabar berdi
17207,254,1527,23,2026-03-30,present,0,14,
17208,254,1528,23,2026-04-01,present,0,14,
17209,254,1529,23,2026-04-03,present,0,14,
17210,254,1530,23,2026-04-06,absent_excused,0,14,Ota-ona xabar berdi
17211,254,1531,23,2026-04-08,present,0,14,
17212,254,1532,23,2026-04-10,present,0,14,
17213,254,1533,23,2026-04-13,present,0,14,
17214,254,1534,23,2026-04-15,present,0,14,
17215,254,1535,23,2026-04-17,present,0,14,
17216,254,1536,23,2026-04-20,late,10,14,
17217,254,1537,23,2026-04-22,present,0,14,
17218,254,1538,23,2026-04-24,present,0,14,
17219,254,1539,23,2026-04-27,present,0,14,
17220,254,1540,23,2026-04-29,present,0,14,
17221,254,1541,23,2026-05-01,present,0,14,
17222,254,1542,23,2026-05-04,present,0,14,
17223,254,1543,23,2026-05-06,present,0,14,
17224,254,1544,23,2026-05-08,present,0,14,
17225,254,1545,23,2026-05-11,present,0,14,
17226,254,1546,23,2026-05-13,late,21,14,
17227,254,1547,23,2026-05-15,present,0,14,
17228,254,1548,23,2026-05-18,present,0,14,
17229,254,1549,23,2026-05-20,present,0,14,
17230,254,1550,23,2026-05-22,present,0,14,
17231,254,1551,23,2026-05-25,late,5,14,
17232,254,1552,23,2026-05-27,present,0,14,
17233,254,1553,23,2026-05-29,present,0,14,
17234,254,1554,23,2026-06-01,absent_excused,0,14,Ota-ona xabar berdi
17235,254,1555,23,2026-06-03,present,0,14,
17236,254,1556,23,2026-06-05,present,0,14,
17237,254,1557,23,2026-06-08,present,0,14,
17238,254,1558,23,2026-06-10,present,0,14,
17239,254,1559,23,2026-06-12,present,0,14,
17240,254,1560,23,2026-06-15,present,0,14,
17241,254,1561,23,2026-06-17,present,0,14,
17242,254,1562,23,2026-06-19,present,0,14,
17243,254,1563,23,2026-06-22,present,0,14,
17244,254,1564,23,2026-06-24,late,9,14,
17245,254,1565,23,2026-06-26,present,0,14,
17246,254,1566,23,2026-06-29,present,0,14,
17247,254,1567,23,2026-07-01,present,0,14,
17248,254,1568,23,2026-07-03,present,0,14,
17249,254,1569,23,2026-07-06,present,0,14,
17250,254,1570,23,2026-07-08,present,0,14,
17251,254,1571,23,2026-07-10,present,0,14,
17252,254,1572,23,2026-07-13,present,0,14,
17253,254,1573,23,2026-07-15,present,0,14,
17254,254,1574,23,2026-07-17,present,0,14,
17255,254,1575,23,2026-07-20,present,0,14,
17256,254,1576,23,2026-07-22,present,0,14,
17257,254,1577,23,2026-07-24,present,0,14,
17258,254,1578,23,2026-07-27,present,0,14,
17259,254,1579,23,2026-07-29,present,0,14,
17260,254,1580,23,2026-07-31,present,0,14,
17261,255,1511,23,2026-02-16,present,0,14,
17262,255,1512,23,2026-02-18,present,0,14,
17263,255,1513,23,2026-02-20,absent_excused,0,14,Ota-ona xabar berdi
17264,255,1514,23,2026-02-23,present,0,14,
17265,255,1515,23,2026-02-25,present,0,14,
17266,255,1516,23,2026-02-27,present,0,14,
17267,255,1517,23,2026-03-02,present,0,14,
17268,255,1518,23,2026-03-04,present,0,14,
17269,255,1519,23,2026-03-06,present,0,14,
17270,255,1520,23,2026-03-09,present,0,14,
17271,255,1521,23,2026-03-11,present,0,14,
17272,255,1522,23,2026-03-13,present,0,14,
17273,255,1523,23,2026-03-16,late,12,14,
17274,255,1524,23,2026-03-18,present,0,14,
17275,255,1525,23,2026-03-25,present,0,14,
17276,255,1526,23,2026-03-27,present,0,14,
17277,255,1527,23,2026-03-30,present,0,14,
17278,255,1528,23,2026-04-01,present,0,14,
17279,255,1529,23,2026-04-03,present,0,14,
17280,255,1530,23,2026-04-06,present,0,14,
17281,255,1531,23,2026-04-08,present,0,14,
17282,255,1532,23,2026-04-10,present,0,14,
17283,255,1533,23,2026-04-13,present,0,14,
17284,255,1534,23,2026-04-15,present,0,14,
17285,255,1535,23,2026-04-17,present,0,14,
17286,255,1536,23,2026-04-20,present,0,14,
17287,255,1537,23,2026-04-22,present,0,14,
17288,255,1538,23,2026-04-24,present,0,14,
17289,255,1539,23,2026-04-27,present,0,14,
17290,255,1540,23,2026-04-29,present,0,14,
17291,255,1541,23,2026-05-01,present,0,14,
17292,255,1542,23,2026-05-04,present,0,14,
17293,255,1543,23,2026-05-06,present,0,14,
17294,255,1544,23,2026-05-08,present,0,14,
17295,255,1545,23,2026-05-11,present,0,14,
17296,255,1546,23,2026-05-13,present,0,14,
17297,255,1547,23,2026-05-15,present,0,14,
17298,255,1548,23,2026-05-18,present,0,14,
17299,255,1549,23,2026-05-20,present,0,14,
17300,255,1550,23,2026-05-22,present,0,14,
17301,255,1551,23,2026-05-25,present,0,14,
17302,255,1552,23,2026-05-27,present,0,14,
17303,255,1553,23,2026-05-29,late,21,14,
17304,255,1554,23,2026-06-01,present,0,14,
17305,255,1555,23,2026-06-03,late,9,14,
17306,255,1556,23,2026-06-05,present,0,14,
17307,255,1557,23,2026-06-08,present,0,14,
17308,255,1558,23,2026-06-10,present,0,14,
17309,255,1559,23,2026-06-12,present,0,14,
17310,255,1560,23,2026-06-15,present,0,14,
17311,255,1561,23,2026-06-17,present,0,14,
17312,255,1562,23,2026-06-19,present,0,14,
17313,255,1563,23,2026-06-22,present,0,14,
17314,255,1564,23,2026-06-24,present,0,14,
17315,255,1565,23,2026-06-26,present,0,14,
17316,255,1566,23,2026-06-29,present,0,14,
17317,255,1567,23,2026-07-01,present,0,14,
17318,255,1568,23,2026-07-03,present,0,14,
17319,255,1569,23,2026-07-06,present,0,14,
17320,255,1570,23,2026-07-08,present,0,14,
17321,255,1571,23,2026-07-10,present,0,14,
17322,255,1572,23,2026-07-13,present,0,14,
17323,255,1573,23,2026-07-15,present,0,14,
17324,255,1574,23,2026-07-17,present,0,14,
17325,255,1575,23,2026-07-20,present,0,14,
17326,255,1576,23,2026-07-22,present,0,14,
17327,255,1577,23,2026-07-24,present,0,14,
17328,255,1578,23,2026-07-27,absent_excused,0,14,Ota-ona xabar berdi
17329,255,1579,23,2026-07-29,present,0,14,
17330,255,1580,23,2026-07-31,present,0,14,
17331,256,1511,23,2026-02-16,present,0,14,
17332,256,1512,23,2026-02-18,present,0,14,
17333,256,1513,23,2026-02-20,present,0,14,
17334,256,1514,23,2026-02-23,absent_unexcused,0,14,Sababsiz
17335,256,1515,23,2026-02-25,present,0,14,
17336,256,1516,23,2026-02-27,absent_unexcused,0,14,Sababsiz
17337,256,1517,23,2026-03-02,present,0,14,
17338,256,1518,23,2026-03-04,present,0,14,
17339,256,1519,23,2026-03-06,present,0,14,
17340,256,1520,23,2026-03-09,present,0,14,
17341,256,1521,23,2026-03-11,present,0,14,
17342,256,1522,23,2026-03-13,present,0,14,
17343,256,1523,23,2026-03-16,present,0,14,
17344,256,1524,23,2026-03-18,present,0,14,
17345,256,1525,23,2026-03-25,present,0,14,
17346,256,1526,23,2026-03-27,present,0,14,
17347,256,1527,23,2026-03-30,present,0,14,
17348,256,1528,23,2026-04-01,present,0,14,
17349,256,1529,23,2026-04-03,absent_unexcused,0,14,Sababsiz
17350,256,1530,23,2026-04-06,present,0,14,
17351,256,1531,23,2026-04-08,present,0,14,
17352,256,1532,23,2026-04-10,present,0,14,
17353,256,1533,23,2026-04-13,present,0,14,
17354,256,1534,23,2026-04-15,present,0,14,
17355,256,1535,23,2026-04-17,present,0,14,
17356,256,1536,23,2026-04-20,present,0,14,
17357,256,1537,23,2026-04-22,present,0,14,
17358,256,1538,23,2026-04-24,present,0,14,
17359,256,1539,23,2026-04-27,present,0,14,
17360,256,1540,23,2026-04-29,present,0,14,
17361,256,1541,23,2026-05-01,absent_unexcused,0,14,Sababsiz
17362,256,1542,23,2026-05-04,present,0,14,
17363,256,1543,23,2026-05-06,absent_unexcused,0,14,Sababsiz
17364,256,1544,23,2026-05-08,present,0,14,
17365,256,1545,23,2026-05-11,present,0,14,
17366,256,1546,23,2026-05-13,present,0,14,
17367,256,1547,23,2026-05-15,present,0,14,
17368,256,1548,23,2026-05-18,present,0,14,
17369,256,1549,23,2026-05-20,present,0,14,
17370,256,1550,23,2026-05-22,present,0,14,
17371,256,1551,23,2026-05-25,present,0,14,
17372,256,1552,23,2026-05-27,present,0,14,
17373,256,1553,23,2026-05-29,present,0,14,
17374,256,1554,23,2026-06-01,present,0,14,
17375,256,1555,23,2026-06-03,present,0,14,
17376,256,1556,23,2026-06-05,present,0,14,
17377,256,1557,23,2026-06-08,absent_unexcused,0,14,Sababsiz
17378,256,1558,23,2026-06-10,present,0,14,
17379,256,1559,23,2026-06-12,absent_unexcused,0,14,Sababsiz
17380,256,1560,23,2026-06-15,present,0,14,
17381,256,1561,23,2026-06-17,present,0,14,
17382,256,1562,23,2026-06-19,present,0,14,
17383,256,1563,23,2026-06-22,present,0,14,
17384,256,1564,23,2026-06-24,present,0,14,
17385,256,1565,23,2026-06-26,present,0,14,
17386,256,1566,23,2026-06-29,late,20,14,
17387,256,1567,23,2026-07-01,present,0,14,
17388,256,1568,23,2026-07-03,present,0,14,
17389,256,1569,23,2026-07-06,present,0,14,
17390,256,1570,23,2026-07-08,present,0,14,
17391,256,1571,23,2026-07-10,present,0,14,
17392,256,1572,23,2026-07-13,present,0,14,
17393,256,1573,23,2026-07-15,present,0,14,
17394,256,1574,23,2026-07-17,present,0,14,
17395,256,1575,23,2026-07-20,present,0,14,
17396,256,1576,23,2026-07-22,absent_unexcused,0,14,Sababsiz
17397,256,1577,23,2026-07-24,present,0,14,
17398,256,1578,23,2026-07-27,present,0,14,
17399,256,1579,23,2026-07-29,present,0,14,
17400,256,1580,23,2026-07-31,present,0,14,
17401,257,1511,23,2026-02-16,late,16,14,
17402,257,1512,23,2026-02-18,present,0,14,
17403,257,1513,23,2026-02-20,present,0,14,
17404,257,1514,23,2026-02-23,present,0,14,
17405,257,1515,23,2026-02-25,present,0,14,
17406,257,1516,23,2026-02-27,late,19,14,
17407,257,1517,23,2026-03-02,absent_unexcused,0,14,Sababsiz
17408,257,1518,23,2026-03-04,late,17,14,
17409,257,1519,23,2026-03-06,present,0,14,
17410,257,1520,23,2026-03-09,present,0,14,
17411,257,1521,23,2026-03-11,absent_excused,0,14,Ota-ona xabar berdi
17412,257,1522,23,2026-03-13,present,0,14,
17413,257,1523,23,2026-03-16,absent_unexcused,0,14,Sababsiz
17414,257,1524,23,2026-03-18,present,0,14,
17415,257,1525,23,2026-03-25,present,0,14,
17416,257,1526,23,2026-03-27,late,17,14,
17417,257,1527,23,2026-03-30,present,0,14,
17418,257,1528,23,2026-04-01,present,0,14,
17419,257,1529,23,2026-04-03,late,20,14,
17420,257,1530,23,2026-04-06,present,0,14,
17421,257,1531,23,2026-04-08,present,0,14,
17422,257,1532,23,2026-04-10,present,0,14,
17423,257,1533,23,2026-04-13,present,0,14,
17424,257,1534,23,2026-04-15,present,0,14,
17425,257,1535,23,2026-04-17,present,0,14,
17426,257,1536,23,2026-04-20,present,0,14,
17427,257,1537,23,2026-04-22,present,0,14,
17428,257,1538,23,2026-04-24,present,0,14,
17429,257,1539,23,2026-04-27,present,0,14,
17430,257,1540,23,2026-04-29,present,0,14,
17431,257,1541,23,2026-05-01,present,0,14,
17432,257,1542,23,2026-05-04,present,0,14,
17433,257,1543,23,2026-05-06,present,0,14,
17434,257,1544,23,2026-05-08,present,0,14,
17435,257,1545,23,2026-05-11,present,0,14,
17436,257,1546,23,2026-05-13,present,0,14,
17437,257,1547,23,2026-05-15,late,23,14,
17438,257,1548,23,2026-05-18,present,0,14,
17439,257,1549,23,2026-05-20,absent_excused,0,14,Ota-ona xabar berdi
17440,257,1550,23,2026-05-22,present,0,14,
17441,257,1551,23,2026-05-25,present,0,14,
17442,257,1552,23,2026-05-27,present,0,14,
17443,257,1553,23,2026-05-29,present,0,14,
17444,257,1554,23,2026-06-01,late,24,14,
17445,257,1555,23,2026-06-03,present,0,14,
17446,257,1556,23,2026-06-05,present,0,14,
17447,257,1557,23,2026-06-08,present,0,14,
17448,257,1558,23,2026-06-10,present,0,14,
17449,257,1559,23,2026-06-12,present,0,14,
17450,257,1560,23,2026-06-15,present,0,14,
17451,257,1561,23,2026-06-17,present,0,14,
17452,257,1562,23,2026-06-19,present,0,14,
17453,257,1563,23,2026-06-22,present,0,14,
17454,257,1564,23,2026-06-24,present,0,14,
17455,257,1565,23,2026-06-26,absent_excused,0,14,Ota-ona xabar berdi
17456,257,1566,23,2026-06-29,late,17,14,
17457,257,1567,23,2026-07-01,present,0,14,
17458,257,1568,23,2026-07-03,present,0,14,
17459,257,1569,23,2026-07-06,present,0,14,
17460,257,1570,23,2026-07-08,present,0,14,
17461,257,1571,23,2026-07-10,present,0,14,
17462,257,1572,23,2026-07-13,present,0,14,
17463,257,1573,23,2026-07-15,present,0,14,
17464,257,1574,23,2026-07-17,late,18,14,
17465,257,1575,23,2026-07-20,present,0,14,
17466,257,1576,23,2026-07-22,present,0,14,
17467,257,1577,23,2026-07-24,present,0,14,
17468,257,1578,23,2026-07-27,absent_unexcused,0,14,Sababsiz
17469,257,1579,23,2026-07-29,present,0,14,
17470,257,1580,23,2026-07-31,present,0,14,
17471,258,1511,23,2026-02-16,present,0,14,
17472,258,1512,23,2026-02-18,present,0,14,
17473,258,1513,23,2026-02-20,late,5,14,
17474,258,1514,23,2026-02-23,present,0,14,
17475,258,1515,23,2026-02-25,present,0,14,
17476,258,1516,23,2026-02-27,present,0,14,
17477,258,1517,23,2026-03-02,present,0,14,
17478,258,1518,23,2026-03-04,present,0,14,
17479,258,1519,23,2026-03-06,late,7,14,
17480,258,1520,23,2026-03-09,present,0,14,
17481,258,1521,23,2026-03-11,present,0,14,
17482,258,1522,23,2026-03-13,present,0,14,
17483,258,1523,23,2026-03-16,present,0,14,
17484,258,1524,23,2026-03-18,present,0,14,
17485,258,1525,23,2026-03-25,absent_unexcused,0,14,Sababsiz
17486,258,1526,23,2026-03-27,present,0,14,
17487,258,1527,23,2026-03-30,present,0,14,
17488,258,1528,23,2026-04-01,present,0,14,
17489,258,1529,23,2026-04-03,present,0,14,
17490,258,1530,23,2026-04-06,present,0,14,
17491,258,1531,23,2026-04-08,present,0,14,
17492,258,1532,23,2026-04-10,present,0,14,
17493,258,1533,23,2026-04-13,present,0,14,
17494,258,1534,23,2026-04-15,present,0,14,
17495,258,1535,23,2026-04-17,present,0,14,
17496,258,1536,23,2026-04-20,present,0,14,
17497,258,1537,23,2026-04-22,present,0,14,
17498,258,1538,23,2026-04-24,absent_unexcused,0,14,Sababsiz
17499,258,1539,23,2026-04-27,present,0,14,
17500,258,1540,23,2026-04-29,present,0,14,
17501,258,1541,23,2026-05-01,present,0,14,
17502,258,1542,23,2026-05-04,present,0,14,
17503,258,1543,23,2026-05-06,present,0,14,
17504,258,1544,23,2026-05-08,present,0,14,
17505,258,1545,23,2026-05-11,late,25,14,
17506,258,1546,23,2026-05-13,present,0,14,
17507,258,1547,23,2026-05-15,present,0,14,
17508,258,1548,23,2026-05-18,late,17,14,
17509,258,1549,23,2026-05-20,absent_excused,0,14,Ota-ona xabar berdi
17510,258,1550,23,2026-05-22,absent_unexcused,0,14,Sababsiz
17511,258,1551,23,2026-05-25,present,0,14,
17512,258,1552,23,2026-05-27,late,11,14,
17513,258,1553,23,2026-05-29,present,0,14,
17514,258,1554,23,2026-06-01,absent_excused,0,14,Ota-ona xabar berdi
17515,258,1555,23,2026-06-03,late,17,14,
17516,258,1556,23,2026-06-05,present,0,14,
17517,258,1557,23,2026-06-08,present,0,14,
17518,258,1558,23,2026-06-10,present,0,14,
17519,258,1559,23,2026-06-12,present,0,14,
17520,258,1560,23,2026-06-15,present,0,14,
17521,258,1561,23,2026-06-17,present,0,14,
17522,258,1562,23,2026-06-19,present,0,14,
17523,258,1563,23,2026-06-22,present,0,14,
17524,258,1564,23,2026-06-24,present,0,14,
17525,258,1565,23,2026-06-26,present,0,14,
17526,258,1566,23,2026-06-29,present,0,14,
17527,258,1567,23,2026-07-01,present,0,14,
17528,258,1568,23,2026-07-03,present,0,14,
17529,258,1569,23,2026-07-06,present,0,14,
17530,258,1570,23,2026-07-08,present,0,14,
17531,258,1571,23,2026-07-10,present,0,14,
17532,258,1572,23,2026-07-13,present,0,14,
17533,258,1573,23,2026-07-15,present,0,14,
17534,258,1574,23,2026-07-17,absent_unexcused,0,14,Sababsiz
17535,258,1575,23,2026-07-20,present,0,14,
17536,258,1576,23,2026-07-22,absent_excused,0,14,Ota-ona xabar berdi
17537,258,1577,23,2026-07-24,present,0,14,
17538,258,1578,23,2026-07-27,present,0,14,
17539,258,1579,23,2026-07-29,late,6,14,
17540,258,1580,23,2026-07-31,present,0,14,
17541,259,1511,23,2026-02-16,present,0,14,
17542,259,1512,23,2026-02-18,present,0,14,
17543,259,1513,23,2026-02-20,present,0,14,
17544,259,1514,23,2026-02-23,present,0,14,
17545,259,1515,23,2026-02-25,present,0,14,
17546,259,1516,23,2026-02-27,present,0,14,
17547,259,1517,23,2026-03-02,present,0,14,
17548,259,1518,23,2026-03-04,present,0,14,
17549,259,1519,23,2026-03-06,present,0,14,
17550,259,1520,23,2026-03-09,present,0,14,
17551,259,1521,23,2026-03-11,present,0,14,
17552,259,1522,23,2026-03-13,present,0,14,
17553,259,1523,23,2026-03-16,present,0,14,
17554,259,1524,23,2026-03-18,present,0,14,
17555,259,1525,23,2026-03-25,present,0,14,
17556,259,1526,23,2026-03-27,present,0,14,
17557,259,1527,23,2026-03-30,present,0,14,
17558,259,1528,23,2026-04-01,present,0,14,
17559,259,1529,23,2026-04-03,present,0,14,
17560,259,1530,23,2026-04-06,present,0,14,
17561,259,1531,23,2026-04-08,present,0,14,
17562,259,1532,23,2026-04-10,present,0,14,
17563,259,1533,23,2026-04-13,present,0,14,
17564,259,1534,23,2026-04-15,present,0,14,
17565,259,1535,23,2026-04-17,present,0,14,
17566,259,1536,23,2026-04-20,present,0,14,
17567,259,1537,23,2026-04-22,absent_unexcused,0,14,Sababsiz
17568,259,1538,23,2026-04-24,present,0,14,
17569,259,1539,23,2026-04-27,present,0,14,
17570,259,1540,23,2026-04-29,present,0,14,
17571,259,1541,23,2026-05-01,present,0,14,
17572,259,1542,23,2026-05-04,late,7,14,
17573,259,1543,23,2026-05-06,present,0,14,
17574,259,1544,23,2026-05-08,present,0,14,
17575,259,1545,23,2026-05-11,present,0,14,
17576,259,1546,23,2026-05-13,present,0,14,
17577,259,1547,23,2026-05-15,present,0,14,
17578,259,1548,23,2026-05-18,present,0,14,
17579,259,1549,23,2026-05-20,present,0,14,
17580,259,1550,23,2026-05-22,present,0,14,
17581,259,1551,23,2026-05-25,present,0,14,
17582,259,1552,23,2026-05-27,present,0,14,
17583,259,1553,23,2026-05-29,present,0,14,
17584,259,1554,23,2026-06-01,present,0,14,
17585,259,1555,23,2026-06-03,present,0,14,
17586,259,1556,23,2026-06-05,present,0,14,
17587,259,1557,23,2026-06-08,present,0,14,
17588,259,1558,23,2026-06-10,absent_excused,0,14,Ota-ona xabar berdi
17589,259,1559,23,2026-06-12,present,0,14,
17590,259,1560,23,2026-06-15,present,0,14,
17591,259,1561,23,2026-06-17,present,0,14,
17592,259,1562,23,2026-06-19,present,0,14,
17593,259,1563,23,2026-06-22,present,0,14,
17594,259,1564,23,2026-06-24,present,0,14,
17595,259,1565,23,2026-06-26,present,0,14,
17596,259,1566,23,2026-06-29,present,0,14,
17597,259,1567,23,2026-07-01,present,0,14,
17598,259,1568,23,2026-07-03,present,0,14,
17599,259,1569,23,2026-07-06,present,0,14,
17600,259,1570,23,2026-07-08,present,0,14,
17601,259,1571,23,2026-07-10,present,0,14,
17602,259,1572,23,2026-07-13,present,0,14,
17603,259,1573,23,2026-07-15,present,0,14,
17604,259,1574,23,2026-07-17,present,0,14,
17605,259,1575,23,2026-07-20,present,0,14,
17606,259,1576,23,2026-07-22,present,0,14,
17607,259,1577,23,2026-07-24,present,0,14,
17608,259,1578,23,2026-07-27,present,0,14,
17609,259,1579,23,2026-07-29,present,0,14,
17610,259,1580,23,2026-07-31,present,0,14,
17611,260,1581,24,2026-02-03,present,0,3,
17612,260,1582,24,2026-02-05,present,0,3,
17613,260,1583,24,2026-02-10,present,0,3,
17614,260,1584,24,2026-02-12,present,0,3,
17615,260,1585,24,2026-02-17,present,0,3,
17616,260,1586,24,2026-02-19,late,5,3,
17617,260,1587,24,2026-02-24,present,0,3,
17618,260,1588,24,2026-02-26,present,0,3,
17619,260,1589,24,2026-03-03,present,0,3,
17620,260,1590,24,2026-03-05,present,0,3,
17621,260,1591,24,2026-03-10,present,0,3,
17622,260,1592,24,2026-03-12,present,0,3,
17623,260,1593,24,2026-03-17,present,0,3,
17624,260,1594,24,2026-03-19,absent_excused,0,3,Ota-ona xabar berdi
17625,260,1595,24,2026-03-24,present,0,3,
17626,260,1596,24,2026-03-26,present,0,3,
17627,260,1597,24,2026-03-31,present,0,3,
17628,260,1598,24,2026-04-02,present,0,3,
17629,260,1599,24,2026-04-07,present,0,3,
17630,260,1600,24,2026-04-09,present,0,3,
17631,260,1601,24,2026-04-14,present,0,3,
17632,260,1602,24,2026-04-16,present,0,3,
17633,260,1603,24,2026-04-21,present,0,3,
17634,260,1604,24,2026-04-23,present,0,3,
17635,260,1605,24,2026-04-28,present,0,3,
17636,260,1606,24,2026-04-30,present,0,3,
17637,260,1607,24,2026-05-05,present,0,3,
17638,260,1608,24,2026-05-07,present,0,3,
17639,260,1609,24,2026-05-12,present,0,3,
17640,260,1610,24,2026-05-14,present,0,3,
17641,260,1611,24,2026-05-19,present,0,3,
17642,260,1612,24,2026-05-21,present,0,3,
17643,260,1613,24,2026-05-26,present,0,3,
17644,260,1614,24,2026-05-28,late,12,3,
17645,260,1615,24,2026-06-02,present,0,3,
17646,260,1616,24,2026-06-04,present,0,3,
17647,260,1617,24,2026-06-09,present,0,3,
17648,260,1618,24,2026-06-11,present,0,3,
17649,260,1619,24,2026-06-16,present,0,3,
17650,260,1620,24,2026-06-18,present,0,3,
17651,260,1621,24,2026-06-23,present,0,3,
17652,260,1622,24,2026-06-25,present,0,3,
17653,260,1623,24,2026-06-30,present,0,3,
17654,260,1624,24,2026-07-02,present,0,3,
17655,260,1625,24,2026-07-07,present,0,3,
17656,260,1626,24,2026-07-09,present,0,3,
17657,260,1627,24,2026-07-14,present,0,3,
17658,260,1628,24,2026-07-16,present,0,3,
17659,260,1629,24,2026-07-21,absent_unexcused,0,3,Sababsiz
17660,260,1630,24,2026-07-23,present,0,3,
17661,260,1631,24,2026-07-28,late,7,3,
17662,260,1632,24,2026-07-30,present,0,3,
17663,261,1581,24,2026-02-03,present,0,3,
17664,261,1582,24,2026-02-05,present,0,3,
17665,261,1583,24,2026-02-10,absent_excused,0,3,Ota-ona xabar berdi
17666,261,1584,24,2026-02-12,present,0,3,
17667,261,1585,24,2026-02-17,present,0,3,
17668,261,1586,24,2026-02-19,present,0,3,
17669,261,1587,24,2026-02-24,present,0,3,
17670,261,1588,24,2026-02-26,present,0,3,
17671,261,1589,24,2026-03-03,present,0,3,
17672,261,1590,24,2026-03-05,present,0,3,
17673,261,1591,24,2026-03-10,present,0,3,
17674,261,1592,24,2026-03-12,present,0,3,
17675,261,1593,24,2026-03-17,present,0,3,
17676,261,1594,24,2026-03-19,absent_unexcused,0,3,Sababsiz
17677,261,1595,24,2026-03-24,present,0,3,
17678,261,1596,24,2026-03-26,late,11,3,
17679,261,1597,24,2026-03-31,present,0,3,
17680,261,1598,24,2026-04-02,present,0,3,
17681,261,1599,24,2026-04-07,present,0,3,
17682,261,1600,24,2026-04-09,present,0,3,
17683,261,1601,24,2026-04-14,present,0,3,
17684,261,1602,24,2026-04-16,present,0,3,
17685,261,1603,24,2026-04-21,present,0,3,
17686,261,1604,24,2026-04-23,present,0,3,
17687,261,1605,24,2026-04-28,present,0,3,
17688,261,1606,24,2026-04-30,present,0,3,
17689,261,1607,24,2026-05-05,present,0,3,
17690,261,1608,24,2026-05-07,present,0,3,
17691,261,1609,24,2026-05-12,present,0,3,
17692,261,1610,24,2026-05-14,present,0,3,
17693,261,1611,24,2026-05-19,present,0,3,
17694,261,1612,24,2026-05-21,present,0,3,
17695,261,1613,24,2026-05-26,present,0,3,
17696,261,1614,24,2026-05-28,present,0,3,
17697,261,1615,24,2026-06-02,late,16,3,
17698,261,1616,24,2026-06-04,present,0,3,
17699,261,1617,24,2026-06-09,present,0,3,
17700,261,1618,24,2026-06-11,present,0,3,
17701,261,1619,24,2026-06-16,present,0,3,
17702,261,1620,24,2026-06-18,late,8,3,
17703,261,1621,24,2026-06-23,present,0,3,
17704,261,1622,24,2026-06-25,present,0,3,
17705,261,1623,24,2026-06-30,present,0,3,
17706,261,1624,24,2026-07-02,late,20,3,
17707,261,1625,24,2026-07-07,present,0,3,
17708,261,1626,24,2026-07-09,present,0,3,
17709,261,1627,24,2026-07-14,present,0,3,
17710,261,1628,24,2026-07-16,absent_unexcused,0,3,Sababsiz
17711,261,1629,24,2026-07-21,present,0,3,
17712,261,1630,24,2026-07-23,present,0,3,
17713,261,1631,24,2026-07-28,present,0,3,
17714,261,1632,24,2026-07-30,present,0,3,
17715,262,1581,24,2026-02-03,absent_unexcused,0,3,Sababsiz
17716,262,1582,24,2026-02-05,absent_excused,0,3,Ota-ona xabar berdi
17717,262,1583,24,2026-02-10,late,7,3,
17718,262,1584,24,2026-02-12,present,0,3,
17719,262,1585,24,2026-02-17,absent_unexcused,0,3,Sababsiz
17720,262,1586,24,2026-02-19,present,0,3,
17721,262,1587,24,2026-02-24,present,0,3,
17722,262,1588,24,2026-02-26,absent_excused,0,3,Ota-ona xabar berdi
17723,262,1589,24,2026-03-03,present,0,3,
17724,262,1590,24,2026-03-05,present,0,3,
17725,262,1591,24,2026-03-10,present,0,3,
17726,262,1592,24,2026-03-12,late,25,3,
17727,262,1593,24,2026-03-17,absent_excused,0,3,Ota-ona xabar berdi
17728,262,1594,24,2026-03-19,absent_unexcused,0,3,Sababsiz
17729,262,1595,24,2026-03-24,absent_unexcused,0,3,Sababsiz
17730,262,1596,24,2026-03-26,absent_unexcused,0,3,Sababsiz
17731,262,1597,24,2026-03-31,present,0,3,
17732,262,1598,24,2026-04-02,present,0,3,
17733,262,1599,24,2026-04-07,present,0,3,
17734,262,1600,24,2026-04-09,present,0,3,
17735,262,1601,24,2026-04-14,late,24,3,
17736,262,1602,24,2026-04-16,present,0,3,
17737,262,1603,24,2026-04-21,absent_excused,0,3,Ota-ona xabar berdi
17738,262,1604,24,2026-04-23,present,0,3,
17739,262,1605,24,2026-04-28,present,0,3,
17740,262,1606,24,2026-04-30,present,0,3,
17741,262,1607,24,2026-05-05,absent_unexcused,0,3,Sababsiz
17742,262,1608,24,2026-05-07,present,0,3,
17743,262,1609,24,2026-05-12,absent_unexcused,0,3,Sababsiz
17744,262,1610,24,2026-05-14,present,0,3,
17745,262,1611,24,2026-05-19,present,0,3,
17746,262,1612,24,2026-05-21,absent_excused,0,3,Ota-ona xabar berdi
17747,262,1613,24,2026-05-26,absent_unexcused,0,3,Sababsiz
17748,262,1614,24,2026-05-28,present,0,3,
17749,262,1615,24,2026-06-02,absent_unexcused,0,3,Sababsiz
17750,262,1616,24,2026-06-04,present,0,3,
17751,262,1617,24,2026-06-09,absent_unexcused,0,3,Sababsiz
17752,262,1618,24,2026-06-11,late,25,3,
17753,262,1619,24,2026-06-16,present,0,3,
17754,262,1620,24,2026-06-18,late,24,3,
17755,262,1621,24,2026-06-23,absent_unexcused,0,3,Sababsiz
17756,262,1622,24,2026-06-25,present,0,3,
17757,262,1623,24,2026-06-30,absent_unexcused,0,3,Sababsiz
17758,262,1624,24,2026-07-02,present,0,3,
17759,262,1625,24,2026-07-07,present,0,3,
17760,262,1626,24,2026-07-09,absent_unexcused,0,3,Sababsiz
17761,262,1627,24,2026-07-14,absent_excused,0,3,Ota-ona xabar berdi
17762,262,1628,24,2026-07-16,absent_excused,0,3,Ota-ona xabar berdi
17763,262,1629,24,2026-07-21,absent_unexcused,0,3,Sababsiz
17764,262,1630,24,2026-07-23,present,0,3,
17765,262,1631,24,2026-07-28,present,0,3,
17766,262,1632,24,2026-07-30,present,0,3,
17767,263,1581,24,2026-02-03,present,0,3,
17768,263,1582,24,2026-02-05,present,0,3,
17769,263,1583,24,2026-02-10,absent_excused,0,3,Ota-ona xabar berdi
17770,263,1584,24,2026-02-12,present,0,3,
17771,263,1585,24,2026-02-17,present,0,3,
17772,263,1586,24,2026-02-19,present,0,3,
17773,263,1587,24,2026-02-24,present,0,3,
17774,263,1588,24,2026-02-26,present,0,3,
17775,263,1589,24,2026-03-03,present,0,3,
17776,263,1590,24,2026-03-05,present,0,3,
17777,263,1591,24,2026-03-10,present,0,3,
17778,263,1592,24,2026-03-12,present,0,3,
17779,263,1593,24,2026-03-17,present,0,3,
17780,263,1594,24,2026-03-19,absent_excused,0,3,Ota-ona xabar berdi
17781,263,1595,24,2026-03-24,present,0,3,
17782,263,1596,24,2026-03-26,present,0,3,
17783,263,1597,24,2026-03-31,present,0,3,
17784,263,1598,24,2026-04-02,present,0,3,
17785,263,1599,24,2026-04-07,present,0,3,
17786,263,1600,24,2026-04-09,present,0,3,
17787,263,1601,24,2026-04-14,present,0,3,
17788,263,1602,24,2026-04-16,present,0,3,
17789,263,1603,24,2026-04-21,present,0,3,
17790,263,1604,24,2026-04-23,present,0,3,
17791,263,1605,24,2026-04-28,present,0,3,
17792,263,1606,24,2026-04-30,present,0,3,
17793,263,1607,24,2026-05-05,present,0,3,
17794,263,1608,24,2026-05-07,present,0,3,
17795,263,1609,24,2026-05-12,present,0,3,
17796,263,1610,24,2026-05-14,present,0,3,
17797,263,1611,24,2026-05-19,present,0,3,
17798,263,1612,24,2026-05-21,present,0,3,
17799,263,1613,24,2026-05-26,present,0,3,
17800,263,1614,24,2026-05-28,present,0,3,
17801,263,1615,24,2026-06-02,present,0,3,
17802,263,1616,24,2026-06-04,present,0,3,
17803,263,1617,24,2026-06-09,present,0,3,
17804,263,1618,24,2026-06-11,present,0,3,
17805,263,1619,24,2026-06-16,present,0,3,
17806,263,1620,24,2026-06-18,present,0,3,
17807,263,1621,24,2026-06-23,present,0,3,
17808,263,1622,24,2026-06-25,present,0,3,
17809,263,1623,24,2026-06-30,present,0,3,
17810,263,1624,24,2026-07-02,present,0,3,
17811,263,1625,24,2026-07-07,present,0,3,
17812,263,1626,24,2026-07-09,present,0,3,
17813,263,1627,24,2026-07-14,present,0,3,
17814,263,1628,24,2026-07-16,present,0,3,
17815,263,1629,24,2026-07-21,present,0,3,
17816,263,1630,24,2026-07-23,present,0,3,
17817,263,1631,24,2026-07-28,present,0,3,
17818,263,1632,24,2026-07-30,present,0,3,
17819,264,1581,24,2026-02-03,absent_unexcused,0,3,Sababsiz
17820,264,1582,24,2026-02-05,present,0,3,
17821,264,1583,24,2026-02-10,late,9,3,
17822,264,1584,24,2026-02-12,present,0,3,
17823,264,1585,24,2026-02-17,late,22,3,
17824,264,1586,24,2026-02-19,present,0,3,
17825,264,1587,24,2026-02-24,late,5,3,
17826,264,1588,24,2026-02-26,present,0,3,
17827,264,1589,24,2026-03-03,present,0,3,
17828,264,1590,24,2026-03-05,present,0,3,
17829,264,1591,24,2026-03-10,present,0,3,
17830,264,1592,24,2026-03-12,present,0,3,
17831,264,1593,24,2026-03-17,absent_excused,0,3,Ota-ona xabar berdi
17832,264,1594,24,2026-03-19,present,0,3,
17833,264,1595,24,2026-03-24,present,0,3,
17834,264,1596,24,2026-03-26,present,0,3,
17835,264,1597,24,2026-03-31,present,0,3,
17836,264,1598,24,2026-04-02,present,0,3,
17837,264,1599,24,2026-04-07,present,0,3,
17838,264,1600,24,2026-04-09,present,0,3,
17839,264,1601,24,2026-04-14,absent_excused,0,3,Ota-ona xabar berdi
17840,264,1602,24,2026-04-16,present,0,3,
17841,264,1603,24,2026-04-21,present,0,3,
17842,264,1604,24,2026-04-23,present,0,3,
17843,264,1605,24,2026-04-28,present,0,3,
17844,264,1606,24,2026-04-30,present,0,3,
17845,264,1607,24,2026-05-05,present,0,3,
17846,264,1608,24,2026-05-07,present,0,3,
17847,264,1609,24,2026-05-12,absent_unexcused,0,3,Sababsiz
17848,264,1610,24,2026-05-14,late,25,3,
17849,264,1611,24,2026-05-19,present,0,3,
17850,264,1612,24,2026-05-21,absent_excused,0,3,Ota-ona xabar berdi
17851,264,1613,24,2026-05-26,present,0,3,
17852,264,1614,24,2026-05-28,present,0,3,
17853,264,1615,24,2026-06-02,absent_unexcused,0,3,Sababsiz
17854,264,1616,24,2026-06-04,present,0,3,
17855,264,1617,24,2026-06-09,present,0,3,
17856,264,1618,24,2026-06-11,present,0,3,
17857,264,1619,24,2026-06-16,present,0,3,
17858,264,1620,24,2026-06-18,late,20,3,
17859,264,1621,24,2026-06-23,absent_excused,0,3,Ota-ona xabar berdi
17860,264,1622,24,2026-06-25,present,0,3,
17861,264,1623,24,2026-06-30,present,0,3,
17862,264,1624,24,2026-07-02,present,0,3,
17863,264,1625,24,2026-07-07,absent_unexcused,0,3,Sababsiz
17864,264,1626,24,2026-07-09,late,15,3,
17865,264,1627,24,2026-07-14,absent_excused,0,3,Ota-ona xabar berdi
17866,264,1628,24,2026-07-16,present,0,3,
17867,264,1629,24,2026-07-21,present,0,3,
17868,264,1630,24,2026-07-23,present,0,3,
17869,264,1631,24,2026-07-28,present,0,3,
17870,264,1632,24,2026-07-30,absent_unexcused,0,3,Sababsiz
17871,265,1581,24,2026-02-03,present,0,3,
17872,265,1582,24,2026-02-05,present,0,3,
17873,265,1583,24,2026-02-10,late,13,3,
17874,265,1584,24,2026-02-12,present,0,3,
17875,265,1585,24,2026-02-17,present,0,3,
17876,265,1586,24,2026-02-19,present,0,3,
17877,265,1587,24,2026-02-24,present,0,3,
17878,265,1588,24,2026-02-26,late,7,3,
17879,265,1589,24,2026-03-03,present,0,3,
17880,265,1590,24,2026-03-05,present,0,3,
17881,265,1591,24,2026-03-10,late,12,3,
17882,265,1592,24,2026-03-12,absent_unexcused,0,3,Sababsiz
17883,265,1593,24,2026-03-17,present,0,3,
17884,265,1594,24,2026-03-19,present,0,3,
17885,265,1595,24,2026-03-24,present,0,3,
17886,265,1596,24,2026-03-26,present,0,3,
17887,265,1597,24,2026-03-31,present,0,3,
17888,265,1598,24,2026-04-02,present,0,3,
17889,265,1599,24,2026-04-07,present,0,3,
17890,265,1600,24,2026-04-09,present,0,3,
17891,265,1601,24,2026-04-14,present,0,3,
17892,265,1602,24,2026-04-16,absent_excused,0,3,Ota-ona xabar berdi
17893,265,1603,24,2026-04-21,present,0,3,
17894,265,1604,24,2026-04-23,late,6,3,
17895,265,1605,24,2026-04-28,present,0,3,
17896,265,1606,24,2026-04-30,absent_unexcused,0,3,Sababsiz
17897,265,1607,24,2026-05-05,present,0,3,
17898,265,1608,24,2026-05-07,present,0,3,
17899,265,1609,24,2026-05-12,present,0,3,
17900,265,1610,24,2026-05-14,present,0,3,
17901,265,1611,24,2026-05-19,absent_excused,0,3,Ota-ona xabar berdi
17902,265,1612,24,2026-05-21,absent_excused,0,3,Ota-ona xabar berdi
17903,265,1613,24,2026-05-26,present,0,3,
17904,265,1614,24,2026-05-28,present,0,3,
17905,265,1615,24,2026-06-02,present,0,3,
17906,265,1616,24,2026-06-04,late,7,3,
17907,265,1617,24,2026-06-09,present,0,3,
17908,265,1618,24,2026-06-11,present,0,3,
17909,265,1619,24,2026-06-16,present,0,3,
17910,265,1620,24,2026-06-18,present,0,3,
17911,265,1621,24,2026-06-23,present,0,3,
17912,265,1622,24,2026-06-25,present,0,3,
17913,265,1623,24,2026-06-30,present,0,3,
17914,265,1624,24,2026-07-02,present,0,3,
17915,265,1625,24,2026-07-07,present,0,3,
17916,265,1626,24,2026-07-09,absent_unexcused,0,3,Sababsiz
17917,265,1627,24,2026-07-14,present,0,3,
17918,265,1628,24,2026-07-16,present,0,3,
17919,265,1629,24,2026-07-21,present,0,3,
17920,265,1630,24,2026-07-23,present,0,3,
17921,265,1631,24,2026-07-28,late,17,3,
17922,265,1632,24,2026-07-30,present,0,3,
17923,266,1581,24,2026-02-03,absent_excused,0,3,Ota-ona xabar berdi
17924,266,1582,24,2026-02-05,present,0,3,
17925,266,1583,24,2026-02-10,present,0,3,
17926,266,1584,24,2026-02-12,late,16,3,
17927,266,1585,24,2026-02-17,present,0,3,
17928,266,1586,24,2026-02-19,present,0,3,
17929,266,1587,24,2026-02-24,present,0,3,
17930,266,1588,24,2026-02-26,present,0,3,
17931,266,1589,24,2026-03-03,present,0,3,
17932,266,1590,24,2026-03-05,absent_unexcused,0,3,Sababsiz
17933,266,1591,24,2026-03-10,present,0,3,
17934,266,1592,24,2026-03-12,present,0,3,
17935,266,1593,24,2026-03-17,present,0,3,
17936,266,1594,24,2026-03-19,late,25,3,
17937,266,1595,24,2026-03-24,present,0,3,
17938,266,1596,24,2026-03-26,late,8,3,
17939,266,1597,24,2026-03-31,present,0,3,
17940,266,1598,24,2026-04-02,absent_excused,0,3,Ota-ona xabar berdi
17941,266,1599,24,2026-04-07,present,0,3,
17942,266,1600,24,2026-04-09,late,16,3,
17943,266,1601,24,2026-04-14,present,0,3,
17944,266,1602,24,2026-04-16,present,0,3,
17945,266,1603,24,2026-04-21,present,0,3,
17946,266,1604,24,2026-04-23,present,0,3,
17947,266,1605,24,2026-04-28,present,0,3,
17948,266,1606,24,2026-04-30,present,0,3,
17949,266,1607,24,2026-05-05,absent_unexcused,0,3,Sababsiz
17950,266,1608,24,2026-05-07,present,0,3,
17951,266,1609,24,2026-05-12,present,0,3,
17952,266,1610,24,2026-05-14,present,0,3,
17953,266,1611,24,2026-05-19,present,0,3,
17954,266,1612,24,2026-05-21,present,0,3,
17955,266,1613,24,2026-05-26,present,0,3,
17956,266,1614,24,2026-05-28,present,0,3,
17957,266,1615,24,2026-06-02,present,0,3,
17958,266,1616,24,2026-06-04,present,0,3,
17959,266,1617,24,2026-06-09,absent_unexcused,0,3,Sababsiz
17960,266,1618,24,2026-06-11,present,0,3,
17961,266,1619,24,2026-06-16,absent_excused,0,3,Ota-ona xabar berdi
17962,266,1620,24,2026-06-18,present,0,3,
17963,266,1621,24,2026-06-23,late,18,3,
17964,266,1622,24,2026-06-25,present,0,3,
17965,266,1623,24,2026-06-30,present,0,3,
17966,266,1624,24,2026-07-02,present,0,3,
17967,266,1625,24,2026-07-07,present,0,3,
17968,266,1626,24,2026-07-09,present,0,3,
17969,266,1627,24,2026-07-14,present,0,3,
17970,266,1628,24,2026-07-16,present,0,3,
17971,266,1629,24,2026-07-21,late,16,3,
17972,266,1630,24,2026-07-23,present,0,3,
17973,266,1631,24,2026-07-28,present,0,3,
17974,266,1632,24,2026-07-30,absent_excused,0,3,Ota-ona xabar berdi
17975,267,1581,24,2026-02-03,present,0,3,
17976,267,1582,24,2026-02-05,present,0,3,
17977,267,1583,24,2026-02-10,present,0,3,
17978,267,1584,24,2026-02-12,present,0,3,
17979,267,1585,24,2026-02-17,present,0,3,
17980,267,1586,24,2026-02-19,present,0,3,
17981,267,1587,24,2026-02-24,present,0,3,
17982,267,1588,24,2026-02-26,present,0,3,
17983,267,1589,24,2026-03-03,present,0,3,
17984,267,1590,24,2026-03-05,absent_excused,0,3,Ota-ona xabar berdi
17985,267,1591,24,2026-03-10,present,0,3,
17986,267,1592,24,2026-03-12,present,0,3,
17987,267,1593,24,2026-03-17,present,0,3,
17988,267,1594,24,2026-03-19,absent_excused,0,3,Ota-ona xabar berdi
17989,267,1595,24,2026-03-24,present,0,3,
17990,267,1596,24,2026-03-26,present,0,3,
17991,267,1597,24,2026-03-31,present,0,3,
17992,267,1598,24,2026-04-02,present,0,3,
17993,267,1599,24,2026-04-07,present,0,3,
17994,267,1600,24,2026-04-09,present,0,3,
17995,267,1601,24,2026-04-14,late,14,3,
17996,267,1602,24,2026-04-16,present,0,3,
17997,267,1603,24,2026-04-21,present,0,3,
17998,267,1604,24,2026-04-23,absent_excused,0,3,Ota-ona xabar berdi
17999,267,1605,24,2026-04-28,present,0,3,
18000,267,1606,24,2026-04-30,present,0,3,
18001,267,1607,24,2026-05-05,present,0,3,
18002,267,1608,24,2026-05-07,present,0,3,
18003,267,1609,24,2026-05-12,late,7,3,
18004,267,1610,24,2026-05-14,late,15,3,
18005,267,1611,24,2026-05-19,present,0,3,
18006,267,1612,24,2026-05-21,present,0,3,
18007,267,1613,24,2026-05-26,present,0,3,
18008,267,1614,24,2026-05-28,present,0,3,
18009,267,1615,24,2026-06-02,absent_unexcused,0,3,Sababsiz
18010,267,1616,24,2026-06-04,present,0,3,
18011,267,1617,24,2026-06-09,present,0,3,
18012,267,1618,24,2026-06-11,present,0,3,
18013,267,1619,24,2026-06-16,present,0,3,
18014,267,1620,24,2026-06-18,present,0,3,
18015,267,1621,24,2026-06-23,absent_excused,0,3,Ota-ona xabar berdi
18016,267,1622,24,2026-06-25,present,0,3,
18017,267,1623,24,2026-06-30,present,0,3,
18018,267,1624,24,2026-07-02,present,0,3,
18019,267,1625,24,2026-07-07,present,0,3,
18020,267,1626,24,2026-07-09,present,0,3,
18021,267,1627,24,2026-07-14,present,0,3,
18022,267,1628,24,2026-07-16,present,0,3,
18023,267,1629,24,2026-07-21,present,0,3,
18024,267,1630,24,2026-07-23,present,0,3,
18025,267,1631,24,2026-07-28,present,0,3,
18026,267,1632,24,2026-07-30,present,0,3,
18027,268,1633,25,2026-02-03,absent_unexcused,0,1,Sababsiz
18028,268,1634,25,2026-02-05,absent_excused,0,1,Ota-ona xabar berdi
18029,268,1635,25,2026-02-10,present,0,1,
18030,268,1636,25,2026-02-12,absent_excused,0,1,Ota-ona xabar berdi
18031,268,1637,25,2026-02-17,late,8,1,
18032,268,1638,25,2026-02-19,present,0,1,
18033,268,1639,25,2026-02-24,absent_unexcused,0,1,Sababsiz
18034,268,1640,25,2026-02-26,present,0,1,
18035,268,1641,25,2026-03-03,absent_excused,0,1,Ota-ona xabar berdi
18036,268,1642,25,2026-03-05,absent_unexcused,0,1,Sababsiz
18037,268,1643,25,2026-03-10,late,15,1,
18038,268,1644,25,2026-03-12,absent_unexcused,0,1,Sababsiz
18039,268,1645,25,2026-03-17,absent_unexcused,0,1,Sababsiz
18040,268,1646,25,2026-03-19,absent_unexcused,0,1,Sababsiz
18041,268,1647,25,2026-03-24,absent_excused,0,1,Ota-ona xabar berdi
18042,268,1648,25,2026-03-26,present,0,1,
18043,268,1649,25,2026-03-31,present,0,1,
18044,268,1650,25,2026-04-02,present,0,1,
18045,268,1651,25,2026-04-07,late,25,1,
18046,268,1652,25,2026-04-09,absent_excused,0,1,Ota-ona xabar berdi
18047,268,1653,25,2026-04-14,present,0,1,
18048,268,1654,25,2026-04-16,late,11,1,
18049,268,1655,25,2026-04-21,absent_excused,0,1,Ota-ona xabar berdi
18050,268,1656,25,2026-04-23,absent_unexcused,0,1,Sababsiz
18051,268,1657,25,2026-04-28,present,0,1,
18052,268,1658,25,2026-04-30,present,0,1,
18053,268,1659,25,2026-05-05,present,0,1,
18054,268,1660,25,2026-05-07,present,0,1,
18055,268,1661,25,2026-05-12,late,20,1,
18056,268,1662,25,2026-05-14,present,0,1,
18057,268,1663,25,2026-05-19,present,0,1,
18058,268,1664,25,2026-05-21,absent_unexcused,0,1,Sababsiz
18059,268,1665,25,2026-05-26,present,0,1,
18060,268,1666,25,2026-05-28,present,0,1,
18061,268,1667,25,2026-06-02,present,0,1,
18062,268,1668,25,2026-06-04,absent_unexcused,0,1,Sababsiz
18063,268,1669,25,2026-06-09,present,0,1,
18064,268,1670,25,2026-06-11,present,0,1,
18065,268,1671,25,2026-06-16,absent_excused,0,1,Ota-ona xabar berdi
18066,268,1672,25,2026-06-18,present,0,1,
18067,268,1673,25,2026-06-23,late,7,1,
18068,268,1674,25,2026-06-25,present,0,1,
18069,268,1675,25,2026-06-30,absent_excused,0,1,Ota-ona xabar berdi
18070,268,1676,25,2026-07-02,absent_unexcused,0,1,Sababsiz
18071,268,1677,25,2026-07-07,absent_excused,0,1,Ota-ona xabar berdi
18072,268,1678,25,2026-07-09,present,0,1,
18073,268,1679,25,2026-07-14,late,13,1,
18074,268,1680,25,2026-07-16,present,0,1,
18075,268,1681,25,2026-07-21,late,18,1,
18076,268,1682,25,2026-07-23,present,0,1,
18077,268,1683,25,2026-07-28,present,0,1,
18078,268,1684,25,2026-07-30,absent_unexcused,0,1,Sababsiz
18079,269,1633,25,2026-02-03,absent_excused,0,1,Ota-ona xabar berdi
18080,269,1634,25,2026-02-05,absent_excused,0,1,Ota-ona xabar berdi
18081,269,1635,25,2026-02-10,present,0,1,
18082,269,1636,25,2026-02-12,absent_unexcused,0,1,Sababsiz
18083,269,1637,25,2026-02-17,present,0,1,
18084,269,1638,25,2026-02-19,late,12,1,
18085,269,1639,25,2026-02-24,absent_unexcused,0,1,Sababsiz
18086,269,1640,25,2026-02-26,present,0,1,
18087,269,1641,25,2026-03-03,absent_unexcused,0,1,Sababsiz
18088,269,1642,25,2026-03-05,absent_unexcused,0,1,Sababsiz
18089,269,1643,25,2026-03-10,present,0,1,
18090,269,1644,25,2026-03-12,absent_excused,0,1,Ota-ona xabar berdi
18091,269,1645,25,2026-03-17,absent_excused,0,1,Ota-ona xabar berdi
18092,269,1646,25,2026-03-19,present,0,1,
18093,269,1647,25,2026-03-24,absent_excused,0,1,Ota-ona xabar berdi
18094,269,1648,25,2026-03-26,present,0,1,
18095,269,1649,25,2026-03-31,present,0,1,
18096,269,1650,25,2026-04-02,present,0,1,
18097,269,1651,25,2026-04-07,present,0,1,
18098,269,1652,25,2026-04-09,absent_unexcused,0,1,Sababsiz
18099,269,1653,25,2026-04-14,present,0,1,
18100,269,1654,25,2026-04-16,present,0,1,
18101,269,1655,25,2026-04-21,late,10,1,
18102,269,1656,25,2026-04-23,late,14,1,
18103,269,1657,25,2026-04-28,present,0,1,
18104,269,1658,25,2026-04-30,absent_excused,0,1,Ota-ona xabar berdi
18105,269,1659,25,2026-05-05,absent_excused,0,1,Ota-ona xabar berdi
18106,269,1660,25,2026-05-07,absent_unexcused,0,1,Sababsiz
18107,269,1661,25,2026-05-12,absent_excused,0,1,Ota-ona xabar berdi
18108,269,1662,25,2026-05-14,absent_unexcused,0,1,Sababsiz
18109,269,1663,25,2026-05-19,late,17,1,
18110,269,1664,25,2026-05-21,late,22,1,
18111,269,1665,25,2026-05-26,late,16,1,
18112,269,1666,25,2026-05-28,late,24,1,
18113,269,1667,25,2026-06-02,present,0,1,
18114,269,1668,25,2026-06-04,present,0,1,
18115,269,1669,25,2026-06-09,absent_excused,0,1,Ota-ona xabar berdi
18116,269,1670,25,2026-06-11,present,0,1,
18117,269,1671,25,2026-06-16,absent_unexcused,0,1,Sababsiz
18118,269,1672,25,2026-06-18,present,0,1,
18119,269,1673,25,2026-06-23,present,0,1,
18120,269,1674,25,2026-06-25,absent_unexcused,0,1,Sababsiz
18121,269,1675,25,2026-06-30,present,0,1,
18122,269,1676,25,2026-07-02,present,0,1,
18123,269,1677,25,2026-07-07,present,0,1,
18124,269,1678,25,2026-07-09,late,6,1,
18125,269,1679,25,2026-07-14,present,0,1,
18126,269,1680,25,2026-07-16,present,0,1,
18127,269,1681,25,2026-07-21,late,14,1,
18128,269,1682,25,2026-07-23,present,0,1,
18129,269,1683,25,2026-07-28,absent_excused,0,1,Ota-ona xabar berdi
18130,269,1684,25,2026-07-30,present,0,1,
18131,270,1633,25,2026-02-03,present,0,1,
18132,270,1634,25,2026-02-05,present,0,1,
18133,270,1635,25,2026-02-10,late,7,1,
18134,270,1636,25,2026-02-12,present,0,1,
18135,270,1637,25,2026-02-17,present,0,1,
18136,270,1638,25,2026-02-19,present,0,1,
18137,270,1639,25,2026-02-24,present,0,1,
18138,270,1640,25,2026-02-26,present,0,1,
18139,270,1641,25,2026-03-03,absent_excused,0,1,Ota-ona xabar berdi
18140,270,1642,25,2026-03-05,present,0,1,
18141,270,1643,25,2026-03-10,absent_excused,0,1,Ota-ona xabar berdi
18142,270,1644,25,2026-03-12,present,0,1,
18143,270,1645,25,2026-03-17,present,0,1,
18144,270,1646,25,2026-03-19,present,0,1,
18145,270,1647,25,2026-03-24,present,0,1,
18146,270,1648,25,2026-03-26,present,0,1,
18147,270,1649,25,2026-03-31,present,0,1,
18148,270,1650,25,2026-04-02,present,0,1,
18149,270,1651,25,2026-04-07,present,0,1,
18150,270,1652,25,2026-04-09,present,0,1,
18151,270,1653,25,2026-04-14,late,11,1,
18152,270,1654,25,2026-04-16,present,0,1,
18153,270,1655,25,2026-04-21,late,22,1,
18154,270,1656,25,2026-04-23,present,0,1,
18155,270,1657,25,2026-04-28,present,0,1,
18156,270,1658,25,2026-04-30,present,0,1,
18157,270,1659,25,2026-05-05,present,0,1,
18158,270,1660,25,2026-05-07,present,0,1,
18159,270,1661,25,2026-05-12,present,0,1,
18160,270,1662,25,2026-05-14,present,0,1,
18161,270,1663,25,2026-05-19,late,24,1,
18162,270,1664,25,2026-05-21,present,0,1,
18163,270,1665,25,2026-05-26,late,25,1,
18164,270,1666,25,2026-05-28,present,0,1,
18165,270,1667,25,2026-06-02,present,0,1,
18166,270,1668,25,2026-06-04,present,0,1,
18167,270,1669,25,2026-06-09,present,0,1,
18168,270,1670,25,2026-06-11,present,0,1,
18169,270,1671,25,2026-06-16,present,0,1,
18170,270,1672,25,2026-06-18,present,0,1,
18171,270,1673,25,2026-06-23,absent_unexcused,0,1,Sababsiz
18172,270,1674,25,2026-06-25,late,18,1,
18173,270,1675,25,2026-06-30,present,0,1,
18174,270,1676,25,2026-07-02,present,0,1,
18175,270,1677,25,2026-07-07,absent_unexcused,0,1,Sababsiz
18176,270,1678,25,2026-07-09,present,0,1,
18177,270,1679,25,2026-07-14,absent_unexcused,0,1,Sababsiz
18178,270,1680,25,2026-07-16,present,0,1,
18179,270,1681,25,2026-07-21,present,0,1,
18180,270,1682,25,2026-07-23,present,0,1,
18181,270,1683,25,2026-07-28,present,0,1,
18182,270,1684,25,2026-07-30,present,0,1,
18183,271,1633,25,2026-02-03,present,0,1,
18184,271,1634,25,2026-02-05,present,0,1,
18185,271,1635,25,2026-02-10,present,0,1,
18186,271,1636,25,2026-02-12,present,0,1,
18187,271,1637,25,2026-02-17,present,0,1,
18188,271,1638,25,2026-02-19,present,0,1,
18189,271,1639,25,2026-02-24,present,0,1,
18190,271,1640,25,2026-02-26,present,0,1,
18191,271,1641,25,2026-03-03,present,0,1,
18192,271,1642,25,2026-03-05,present,0,1,
18193,271,1643,25,2026-03-10,present,0,1,
18194,271,1644,25,2026-03-12,present,0,1,
18195,271,1645,25,2026-03-17,present,0,1,
18196,271,1646,25,2026-03-19,present,0,1,
18197,271,1647,25,2026-03-24,present,0,1,
18198,271,1648,25,2026-03-26,present,0,1,
18199,271,1649,25,2026-03-31,present,0,1,
18200,271,1650,25,2026-04-02,present,0,1,
18201,271,1651,25,2026-04-07,present,0,1,
18202,271,1652,25,2026-04-09,present,0,1,
18203,271,1653,25,2026-04-14,present,0,1,
18204,271,1654,25,2026-04-16,present,0,1,
18205,271,1655,25,2026-04-21,present,0,1,
18206,271,1656,25,2026-04-23,present,0,1,
18207,271,1657,25,2026-04-28,present,0,1,
18208,271,1658,25,2026-04-30,present,0,1,
18209,271,1659,25,2026-05-05,present,0,1,
18210,271,1660,25,2026-05-07,present,0,1,
18211,271,1661,25,2026-05-12,present,0,1,
18212,271,1662,25,2026-05-14,present,0,1,
18213,271,1663,25,2026-05-19,present,0,1,
18214,271,1664,25,2026-05-21,present,0,1,
18215,271,1665,25,2026-05-26,present,0,1,
18216,271,1666,25,2026-05-28,present,0,1,
18217,271,1667,25,2026-06-02,present,0,1,
18218,271,1668,25,2026-06-04,present,0,1,
18219,271,1669,25,2026-06-09,present,0,1,
18220,271,1670,25,2026-06-11,present,0,1,
18221,271,1671,25,2026-06-16,present,0,1,
18222,271,1672,25,2026-06-18,present,0,1,
18223,271,1673,25,2026-06-23,present,0,1,
18224,271,1674,25,2026-06-25,present,0,1,
18225,271,1675,25,2026-06-30,present,0,1,
18226,271,1676,25,2026-07-02,present,0,1,
18227,271,1677,25,2026-07-07,late,22,1,
18228,271,1678,25,2026-07-09,present,0,1,
18229,271,1679,25,2026-07-14,late,6,1,
18230,271,1680,25,2026-07-16,present,0,1,
18231,271,1681,25,2026-07-21,present,0,1,
18232,271,1682,25,2026-07-23,present,0,1,
18233,271,1683,25,2026-07-28,present,0,1,
18234,271,1684,25,2026-07-30,present,0,1,
18235,272,1633,25,2026-02-03,present,0,1,
18236,272,1634,25,2026-02-05,present,0,1,
18237,272,1635,25,2026-02-10,present,0,1,
18238,272,1636,25,2026-02-12,present,0,1,
18239,272,1637,25,2026-02-17,present,0,1,
18240,272,1638,25,2026-02-19,present,0,1,
18241,272,1639,25,2026-02-24,present,0,1,
18242,272,1640,25,2026-02-26,present,0,1,
18243,272,1641,25,2026-03-03,present,0,1,
18244,272,1642,25,2026-03-05,present,0,1,
18245,272,1643,25,2026-03-10,present,0,1,
18246,272,1644,25,2026-03-12,present,0,1,
18247,272,1645,25,2026-03-17,present,0,1,
18248,272,1646,25,2026-03-19,present,0,1,
18249,272,1647,25,2026-03-24,present,0,1,
18250,272,1648,25,2026-03-26,present,0,1,
18251,272,1649,25,2026-03-31,present,0,1,
18252,272,1650,25,2026-04-02,present,0,1,
18253,272,1651,25,2026-04-07,present,0,1,
18254,272,1652,25,2026-04-09,present,0,1,
18255,272,1653,25,2026-04-14,present,0,1,
18256,272,1654,25,2026-04-16,present,0,1,
18257,272,1655,25,2026-04-21,present,0,1,
18258,272,1656,25,2026-04-23,present,0,1,
18259,272,1657,25,2026-04-28,present,0,1,
18260,272,1658,25,2026-04-30,present,0,1,
18261,272,1659,25,2026-05-05,present,0,1,
18262,272,1660,25,2026-05-07,present,0,1,
18263,272,1661,25,2026-05-12,present,0,1,
18264,272,1662,25,2026-05-14,present,0,1,
18265,272,1663,25,2026-05-19,present,0,1,
18266,272,1664,25,2026-05-21,present,0,1,
18267,272,1665,25,2026-05-26,present,0,1,
18268,272,1666,25,2026-05-28,present,0,1,
18269,272,1667,25,2026-06-02,present,0,1,
18270,272,1668,25,2026-06-04,late,15,1,
18271,272,1669,25,2026-06-09,present,0,1,
18272,272,1670,25,2026-06-11,present,0,1,
18273,272,1671,25,2026-06-16,present,0,1,
18274,272,1672,25,2026-06-18,present,0,1,
18275,272,1673,25,2026-06-23,present,0,1,
18276,272,1674,25,2026-06-25,present,0,1,
18277,272,1675,25,2026-06-30,absent_unexcused,0,1,Sababsiz
18278,272,1676,25,2026-07-02,present,0,1,
18279,272,1677,25,2026-07-07,present,0,1,
18280,272,1678,25,2026-07-09,present,0,1,
18281,272,1679,25,2026-07-14,absent_unexcused,0,1,Sababsiz
18282,272,1680,25,2026-07-16,present,0,1,
18283,272,1681,25,2026-07-21,present,0,1,
18284,272,1682,25,2026-07-23,absent_excused,0,1,Ota-ona xabar berdi
18285,272,1683,25,2026-07-28,present,0,1,
18286,272,1684,25,2026-07-30,present,0,1,
18287,273,1633,25,2026-02-03,absent_unexcused,0,1,Sababsiz
18288,273,1634,25,2026-02-05,present,0,1,
18289,273,1635,25,2026-02-10,present,0,1,
18290,273,1636,25,2026-02-12,present,0,1,
18291,273,1637,25,2026-02-17,absent_unexcused,0,1,Sababsiz
18292,273,1638,25,2026-02-19,present,0,1,
18293,273,1639,25,2026-02-24,present,0,1,
18294,273,1640,25,2026-02-26,present,0,1,
18295,273,1641,25,2026-03-03,present,0,1,
18296,273,1642,25,2026-03-05,present,0,1,
18297,273,1643,25,2026-03-10,late,14,1,
18298,273,1644,25,2026-03-12,present,0,1,
18299,273,1645,25,2026-03-17,present,0,1,
18300,273,1646,25,2026-03-19,late,10,1,
18301,273,1647,25,2026-03-24,present,0,1,
18302,273,1648,25,2026-03-26,present,0,1,
18303,273,1649,25,2026-03-31,present,0,1,
18304,273,1650,25,2026-04-02,present,0,1,
18305,273,1651,25,2026-04-07,present,0,1,
18306,273,1652,25,2026-04-09,present,0,1,
18307,273,1653,25,2026-04-14,present,0,1,
18308,273,1654,25,2026-04-16,present,0,1,
18309,273,1655,25,2026-04-21,late,5,1,
18310,273,1656,25,2026-04-23,present,0,1,
18311,273,1657,25,2026-04-28,late,13,1,
18312,273,1658,25,2026-04-30,present,0,1,
18313,273,1659,25,2026-05-05,present,0,1,
18314,273,1660,25,2026-05-07,present,0,1,
18315,273,1661,25,2026-05-12,present,0,1,
18316,273,1662,25,2026-05-14,present,0,1,
18317,273,1663,25,2026-05-19,absent_unexcused,0,1,Sababsiz
18318,273,1664,25,2026-05-21,absent_unexcused,0,1,Sababsiz
18319,273,1665,25,2026-05-26,present,0,1,
18320,273,1666,25,2026-05-28,present,0,1,
18321,273,1667,25,2026-06-02,present,0,1,
18322,273,1668,25,2026-06-04,present,0,1,
18323,273,1669,25,2026-06-09,present,0,1,
18324,273,1670,25,2026-06-11,present,0,1,
18325,273,1671,25,2026-06-16,present,0,1,
18326,273,1672,25,2026-06-18,present,0,1,
18327,273,1673,25,2026-06-23,present,0,1,
18328,273,1674,25,2026-06-25,present,0,1,
18329,273,1675,25,2026-06-30,present,0,1,
18330,273,1676,25,2026-07-02,present,0,1,
18331,273,1677,25,2026-07-07,present,0,1,
18332,273,1678,25,2026-07-09,present,0,1,
18333,273,1679,25,2026-07-14,present,0,1,
18334,273,1680,25,2026-07-16,present,0,1,
18335,273,1681,25,2026-07-21,present,0,1,
18336,273,1682,25,2026-07-23,present,0,1,
18337,273,1683,25,2026-07-28,late,18,1,
18338,273,1684,25,2026-07-30,present,0,1,
18339,274,1633,25,2026-02-03,absent_unexcused,0,1,Sababsiz
18340,274,1634,25,2026-02-05,present,0,1,
18341,274,1635,25,2026-02-10,present,0,1,
18342,274,1636,25,2026-02-12,present,0,1,
18343,274,1637,25,2026-02-17,late,23,1,
18344,274,1638,25,2026-02-19,present,0,1,
18345,274,1639,25,2026-02-24,present,0,1,
18346,274,1640,25,2026-02-26,present,0,1,
18347,274,1641,25,2026-03-03,present,0,1,
18348,274,1642,25,2026-03-05,present,0,1,
18349,274,1643,25,2026-03-10,present,0,1,
18350,274,1644,25,2026-03-12,present,0,1,
18351,274,1645,25,2026-03-17,present,0,1,
18352,274,1646,25,2026-03-19,absent_unexcused,0,1,Sababsiz
18353,274,1647,25,2026-03-24,present,0,1,
18354,274,1648,25,2026-03-26,late,10,1,
18355,274,1649,25,2026-03-31,present,0,1,
18356,274,1650,25,2026-04-02,present,0,1,
18357,274,1651,25,2026-04-07,present,0,1,
18358,274,1652,25,2026-04-09,present,0,1,
18359,274,1653,25,2026-04-14,present,0,1,
18360,274,1654,25,2026-04-16,present,0,1,
18361,274,1655,25,2026-04-21,present,0,1,
18362,274,1656,25,2026-04-23,present,0,1,
18363,274,1657,25,2026-04-28,present,0,1,
18364,274,1658,25,2026-04-30,present,0,1,
18365,274,1659,25,2026-05-05,present,0,1,
18366,274,1660,25,2026-05-07,present,0,1,
18367,274,1661,25,2026-05-12,present,0,1,
18368,274,1662,25,2026-05-14,present,0,1,
18369,274,1663,25,2026-05-19,present,0,1,
18370,274,1664,25,2026-05-21,late,22,1,
18371,274,1665,25,2026-05-26,present,0,1,
18372,274,1666,25,2026-05-28,present,0,1,
18373,274,1667,25,2026-06-02,present,0,1,
18374,274,1668,25,2026-06-04,present,0,1,
18375,274,1669,25,2026-06-09,present,0,1,
18376,274,1670,25,2026-06-11,present,0,1,
18377,274,1671,25,2026-06-16,absent_unexcused,0,1,Sababsiz
18378,274,1672,25,2026-06-18,present,0,1,
18379,274,1673,25,2026-06-23,present,0,1,
18380,274,1674,25,2026-06-25,present,0,1,
18381,274,1675,25,2026-06-30,present,0,1,
18382,274,1676,25,2026-07-02,late,6,1,
18383,274,1677,25,2026-07-07,present,0,1,
18384,274,1678,25,2026-07-09,present,0,1,
18385,274,1679,25,2026-07-14,present,0,1,
18386,274,1680,25,2026-07-16,present,0,1,
18387,274,1681,25,2026-07-21,present,0,1,
18388,274,1682,25,2026-07-23,present,0,1,
18389,274,1683,25,2026-07-28,present,0,1,
18390,274,1684,25,2026-07-30,present,0,1,
18391,275,1633,25,2026-02-03,present,0,1,
18392,275,1634,25,2026-02-05,present,0,1,
18393,275,1635,25,2026-02-10,present,0,1,
18394,275,1636,25,2026-02-12,present,0,1,
18395,275,1637,25,2026-02-17,present,0,1,
18396,275,1638,25,2026-02-19,present,0,1,
18397,275,1639,25,2026-02-24,late,14,1,
18398,275,1640,25,2026-02-26,present,0,1,
18399,275,1641,25,2026-03-03,present,0,1,
18400,275,1642,25,2026-03-05,present,0,1,
18401,275,1643,25,2026-03-10,present,0,1,
18402,275,1644,25,2026-03-12,present,0,1,
18403,275,1645,25,2026-03-17,present,0,1,
18404,275,1646,25,2026-03-19,present,0,1,
18405,275,1647,25,2026-03-24,present,0,1,
18406,275,1648,25,2026-03-26,present,0,1,
18407,275,1649,25,2026-03-31,present,0,1,
18408,275,1650,25,2026-04-02,present,0,1,
18409,275,1651,25,2026-04-07,absent_unexcused,0,1,Sababsiz
18410,275,1652,25,2026-04-09,present,0,1,
18411,275,1653,25,2026-04-14,present,0,1,
18412,275,1654,25,2026-04-16,present,0,1,
18413,275,1655,25,2026-04-21,present,0,1,
18414,275,1656,25,2026-04-23,present,0,1,
18415,275,1657,25,2026-04-28,present,0,1,
18416,275,1658,25,2026-04-30,present,0,1,
18417,275,1659,25,2026-05-05,present,0,1,
18418,275,1660,25,2026-05-07,present,0,1,
18419,275,1661,25,2026-05-12,late,12,1,
18420,275,1662,25,2026-05-14,present,0,1,
18421,275,1663,25,2026-05-19,present,0,1,
18422,275,1664,25,2026-05-21,present,0,1,
18423,275,1665,25,2026-05-26,present,0,1,
18424,275,1666,25,2026-05-28,present,0,1,
18425,275,1667,25,2026-06-02,present,0,1,
18426,275,1668,25,2026-06-04,present,0,1,
18427,275,1669,25,2026-06-09,present,0,1,
18428,275,1670,25,2026-06-11,present,0,1,
18429,275,1671,25,2026-06-16,present,0,1,
18430,275,1672,25,2026-06-18,present,0,1,
18431,275,1673,25,2026-06-23,present,0,1,
18432,275,1674,25,2026-06-25,present,0,1,
18433,275,1675,25,2026-06-30,present,0,1,
18434,275,1676,25,2026-07-02,present,0,1,
18435,275,1677,25,2026-07-07,late,6,1,
18436,275,1678,25,2026-07-09,present,0,1,
18437,275,1679,25,2026-07-14,present,0,1,
18438,275,1680,25,2026-07-16,present,0,1,
18439,275,1681,25,2026-07-21,late,7,1,
18440,275,1682,25,2026-07-23,present,0,1,
18441,275,1683,25,2026-07-28,present,0,1,
18442,275,1684,25,2026-07-30,present,0,1,
18443,276,1633,25,2026-02-03,present,0,1,
18444,276,1634,25,2026-02-05,present,0,1,
18445,276,1635,25,2026-02-10,present,0,1,
18446,276,1636,25,2026-02-12,present,0,1,
18447,276,1637,25,2026-02-17,present,0,1,
18448,276,1638,25,2026-02-19,present,0,1,
18449,276,1639,25,2026-02-24,present,0,1,
18450,276,1640,25,2026-02-26,present,0,1,
18451,276,1641,25,2026-03-03,present,0,1,
18452,276,1642,25,2026-03-05,present,0,1,
18453,276,1643,25,2026-03-10,present,0,1,
18454,276,1644,25,2026-03-12,present,0,1,
18455,276,1645,25,2026-03-17,present,0,1,
18456,276,1646,25,2026-03-19,present,0,1,
18457,276,1647,25,2026-03-24,present,0,1,
18458,276,1648,25,2026-03-26,present,0,1,
18459,276,1649,25,2026-03-31,present,0,1,
18460,276,1650,25,2026-04-02,present,0,1,
18461,276,1651,25,2026-04-07,present,0,1,
18462,276,1652,25,2026-04-09,absent_excused,0,1,Ota-ona xabar berdi
18463,276,1653,25,2026-04-14,present,0,1,
18464,276,1654,25,2026-04-16,present,0,1,
18465,276,1655,25,2026-04-21,present,0,1,
18466,276,1656,25,2026-04-23,present,0,1,
18467,276,1657,25,2026-04-28,late,5,1,
18468,276,1658,25,2026-04-30,present,0,1,
18469,276,1659,25,2026-05-05,present,0,1,
18470,276,1660,25,2026-05-07,present,0,1,
18471,276,1661,25,2026-05-12,present,0,1,
18472,276,1662,25,2026-05-14,present,0,1,
18473,276,1663,25,2026-05-19,present,0,1,
18474,276,1664,25,2026-05-21,present,0,1,
18475,276,1665,25,2026-05-26,present,0,1,
18476,276,1666,25,2026-05-28,present,0,1,
18477,276,1667,25,2026-06-02,present,0,1,
18478,276,1668,25,2026-06-04,present,0,1,
18479,276,1669,25,2026-06-09,late,10,1,
18480,276,1670,25,2026-06-11,present,0,1,
18481,276,1671,25,2026-06-16,present,0,1,
18482,276,1672,25,2026-06-18,present,0,1,
18483,276,1673,25,2026-06-23,present,0,1,
18484,276,1674,25,2026-06-25,present,0,1,
18485,276,1675,25,2026-06-30,present,0,1,
18486,276,1676,25,2026-07-02,present,0,1,
18487,276,1677,25,2026-07-07,absent_unexcused,0,1,Sababsiz
18488,276,1678,25,2026-07-09,present,0,1,
18489,276,1679,25,2026-07-14,present,0,1,
18490,276,1680,25,2026-07-16,present,0,1,
18491,276,1681,25,2026-07-21,present,0,1,
18492,276,1682,25,2026-07-23,present,0,1,
18493,276,1683,25,2026-07-28,present,0,1,
18494,276,1684,25,2026-07-30,present,0,1,
18495,277,1633,25,2026-02-03,present,0,1,
18496,277,1634,25,2026-02-05,present,0,1,
18497,277,1635,25,2026-02-10,present,0,1,
18498,277,1636,25,2026-02-12,present,0,1,
18499,277,1637,25,2026-02-17,present,0,1,
18500,277,1638,25,2026-02-19,present,0,1,
18501,277,1639,25,2026-02-24,present,0,1,
18502,277,1640,25,2026-02-26,present,0,1,
18503,277,1641,25,2026-03-03,present,0,1,
18504,277,1642,25,2026-03-05,present,0,1,
18505,277,1643,25,2026-03-10,present,0,1,
18506,277,1644,25,2026-03-12,absent_unexcused,0,1,Sababsiz
18507,277,1645,25,2026-03-17,present,0,1,
18508,277,1646,25,2026-03-19,present,0,1,
18509,277,1647,25,2026-03-24,present,0,1,
18510,277,1648,25,2026-03-26,present,0,1,
18511,277,1649,25,2026-03-31,present,0,1,
18512,277,1650,25,2026-04-02,present,0,1,
18513,277,1651,25,2026-04-07,present,0,1,
18514,277,1652,25,2026-04-09,present,0,1,
18515,277,1653,25,2026-04-14,present,0,1,
18516,277,1654,25,2026-04-16,present,0,1,
18517,277,1655,25,2026-04-21,present,0,1,
18518,277,1656,25,2026-04-23,present,0,1,
18519,277,1657,25,2026-04-28,present,0,1,
18520,277,1658,25,2026-04-30,present,0,1,
18521,277,1659,25,2026-05-05,present,0,1,
18522,277,1660,25,2026-05-07,present,0,1,
18523,277,1661,25,2026-05-12,present,0,1,
18524,277,1662,25,2026-05-14,present,0,1,
18525,277,1663,25,2026-05-19,present,0,1,
18526,277,1664,25,2026-05-21,present,0,1,
18527,277,1665,25,2026-05-26,present,0,1,
18528,277,1666,25,2026-05-28,present,0,1,
18529,277,1667,25,2026-06-02,present,0,1,
18530,277,1668,25,2026-06-04,present,0,1,
18531,277,1669,25,2026-06-09,present,0,1,
18532,277,1670,25,2026-06-11,present,0,1,
18533,277,1671,25,2026-06-16,present,0,1,
18534,277,1672,25,2026-06-18,present,0,1,
18535,277,1673,25,2026-06-23,present,0,1,
18536,277,1674,25,2026-06-25,present,0,1,
18537,277,1675,25,2026-06-30,present,0,1,
18538,277,1676,25,2026-07-02,present,0,1,
18539,277,1677,25,2026-07-07,present,0,1,
18540,277,1678,25,2026-07-09,present,0,1,
18541,277,1679,25,2026-07-14,present,0,1,
18542,277,1680,25,2026-07-16,present,0,1,
18543,277,1681,25,2026-07-21,present,0,1,
18544,277,1682,25,2026-07-23,present,0,1,
18545,277,1683,25,2026-07-28,present,0,1,
18546,277,1684,25,2026-07-30,present,0,1,
18547,278,1633,25,2026-02-03,present,0,1,
18548,278,1634,25,2026-02-05,present,0,1,
18549,278,1635,25,2026-02-10,present,0,1,
18550,278,1636,25,2026-02-12,present,0,1,
18551,278,1637,25,2026-02-17,present,0,1,
18552,278,1638,25,2026-02-19,present,0,1,
18553,278,1639,25,2026-02-24,present,0,1,
18554,278,1640,25,2026-02-26,present,0,1,
18555,278,1641,25,2026-03-03,present,0,1,
18556,278,1642,25,2026-03-05,present,0,1,
18557,278,1643,25,2026-03-10,present,0,1,
18558,278,1644,25,2026-03-12,present,0,1,
18559,278,1645,25,2026-03-17,present,0,1,
18560,278,1646,25,2026-03-19,present,0,1,
18561,278,1647,25,2026-03-24,present,0,1,
18562,278,1648,25,2026-03-26,present,0,1,
18563,278,1649,25,2026-03-31,present,0,1,
18564,278,1650,25,2026-04-02,present,0,1,
18565,278,1651,25,2026-04-07,present,0,1,
18566,278,1652,25,2026-04-09,present,0,1,
18567,278,1653,25,2026-04-14,late,9,1,
18568,278,1654,25,2026-04-16,present,0,1,
18569,278,1655,25,2026-04-21,present,0,1,
18570,278,1656,25,2026-04-23,present,0,1,
18571,278,1657,25,2026-04-28,present,0,1,
18572,278,1658,25,2026-04-30,present,0,1,
18573,278,1659,25,2026-05-05,present,0,1,
18574,278,1660,25,2026-05-07,present,0,1,
18575,278,1661,25,2026-05-12,present,0,1,
18576,278,1662,25,2026-05-14,present,0,1,
18577,278,1663,25,2026-05-19,present,0,1,
18578,278,1664,25,2026-05-21,present,0,1,
18579,278,1665,25,2026-05-26,present,0,1,
18580,278,1666,25,2026-05-28,present,0,1,
18581,278,1667,25,2026-06-02,present,0,1,
18582,278,1668,25,2026-06-04,present,0,1,
18583,278,1669,25,2026-06-09,present,0,1,
18584,278,1670,25,2026-06-11,present,0,1,
18585,278,1671,25,2026-06-16,present,0,1,
18586,278,1672,25,2026-06-18,present,0,1,
18587,278,1673,25,2026-06-23,present,0,1,
18588,278,1674,25,2026-06-25,present,0,1,
18589,278,1675,25,2026-06-30,present,0,1,
18590,278,1676,25,2026-07-02,present,0,1,
18591,278,1677,25,2026-07-07,present,0,1,
18592,278,1678,25,2026-07-09,present,0,1,
18593,278,1679,25,2026-07-14,present,0,1,
18594,278,1680,25,2026-07-16,present,0,1,
18595,278,1681,25,2026-07-21,absent_unexcused,0,1,Sababsiz
18596,278,1682,25,2026-07-23,present,0,1,
18597,278,1683,25,2026-07-28,present,0,1,
18598,278,1684,25,2026-07-30,present,0,1,
18599,279,1633,25,2026-02-03,present,0,1,
18600,279,1634,25,2026-02-05,present,0,1,
18601,279,1635,25,2026-02-10,present,0,1,
18602,279,1636,25,2026-02-12,present,0,1,
18603,279,1637,25,2026-02-17,present,0,1,
18604,279,1638,25,2026-02-19,present,0,1,
18605,279,1639,25,2026-02-24,present,0,1,
18606,279,1640,25,2026-02-26,present,0,1,
18607,279,1641,25,2026-03-03,present,0,1,
18608,279,1642,25,2026-03-05,present,0,1,
18609,279,1643,25,2026-03-10,present,0,1,
18610,279,1644,25,2026-03-12,absent_unexcused,0,1,Sababsiz
18611,279,1645,25,2026-03-17,present,0,1,
18612,279,1646,25,2026-03-19,present,0,1,
18613,279,1647,25,2026-03-24,present,0,1,
18614,279,1648,25,2026-03-26,present,0,1,
18615,279,1649,25,2026-03-31,present,0,1,
18616,279,1650,25,2026-04-02,absent_unexcused,0,1,Sababsiz
18617,279,1651,25,2026-04-07,absent_unexcused,0,1,Sababsiz
18618,279,1652,25,2026-04-09,present,0,1,
18619,279,1653,25,2026-04-14,present,0,1,
18620,279,1654,25,2026-04-16,absent_unexcused,0,1,Sababsiz
18621,279,1655,25,2026-04-21,present,0,1,
18622,279,1656,25,2026-04-23,present,0,1,
18623,279,1657,25,2026-04-28,present,0,1,
18624,279,1658,25,2026-04-30,present,0,1,
18625,279,1659,25,2026-05-05,present,0,1,
18626,279,1660,25,2026-05-07,present,0,1,
18627,279,1661,25,2026-05-12,late,20,1,
18628,279,1662,25,2026-05-14,present,0,1,
18629,279,1663,25,2026-05-19,late,14,1,
18630,279,1664,25,2026-05-21,present,0,1,
18631,279,1665,25,2026-05-26,present,0,1,
18632,279,1666,25,2026-05-28,present,0,1,
18633,279,1667,25,2026-06-02,present,0,1,
18634,279,1668,25,2026-06-04,absent_excused,0,1,Ota-ona xabar berdi
18635,279,1669,25,2026-06-09,absent_unexcused,0,1,Sababsiz
18636,279,1670,25,2026-06-11,present,0,1,
18637,279,1671,25,2026-06-16,present,0,1,
18638,279,1672,25,2026-06-18,present,0,1,
18639,279,1673,25,2026-06-23,present,0,1,
18640,279,1674,25,2026-06-25,present,0,1,
18641,279,1675,25,2026-06-30,present,0,1,
18642,279,1676,25,2026-07-02,present,0,1,
18643,279,1677,25,2026-07-07,present,0,1,
18644,279,1678,25,2026-07-09,present,0,1,
18645,279,1679,25,2026-07-14,present,0,1,
18646,279,1680,25,2026-07-16,present,0,1,
18647,279,1681,25,2026-07-21,present,0,1,
18648,279,1682,25,2026-07-23,absent_excused,0,1,Ota-ona xabar berdi
18649,279,1683,25,2026-07-28,present,0,1,
18650,279,1684,25,2026-07-30,present,0,1,
18651,280,1685,26,2026-02-07,present,0,11,
18652,280,1686,26,2026-02-08,present,0,11,
18653,280,1687,26,2026-02-14,present,0,11,
18654,280,1688,26,2026-02-15,present,0,11,
18655,280,1689,26,2026-02-21,present,0,11,
18656,280,1690,26,2026-02-22,present,0,11,
18657,280,1691,26,2026-02-28,present,0,11,
18658,280,1692,26,2026-03-01,present,0,11,
18659,280,1693,26,2026-03-07,present,0,11,
18660,280,1694,26,2026-03-08,present,0,11,
18661,280,1695,26,2026-03-14,present,0,11,
18662,280,1696,26,2026-03-15,present,0,11,
18663,280,1697,26,2026-03-28,present,0,11,
18664,280,1698,26,2026-03-29,present,0,11,
18665,280,1699,26,2026-04-04,present,0,11,
18666,280,1700,26,2026-04-05,present,0,11,
18667,280,1701,26,2026-04-11,present,0,11,
18668,280,1702,26,2026-04-12,present,0,11,
18669,280,1703,26,2026-04-18,present,0,11,
18670,280,1704,26,2026-04-19,present,0,11,
18671,280,1705,26,2026-04-25,present,0,11,
18672,280,1706,26,2026-04-26,present,0,11,
18673,280,1707,26,2026-05-02,present,0,11,
18674,280,1708,26,2026-05-03,late,9,11,
18675,280,1709,26,2026-05-10,present,0,11,
18676,280,1710,26,2026-05-16,present,0,11,
18677,280,1711,26,2026-05-17,present,0,11,
18678,280,1712,26,2026-05-23,present,0,11,
18679,280,1713,26,2026-05-24,present,0,11,
18680,280,1714,26,2026-05-30,present,0,11,
18681,280,1715,26,2026-05-31,present,0,11,
18682,280,1716,26,2026-06-06,present,0,11,
18683,280,1717,26,2026-06-07,present,0,11,
18684,280,1718,26,2026-06-13,present,0,11,
18685,280,1719,26,2026-06-14,present,0,11,
18686,280,1720,26,2026-06-20,present,0,11,
18687,280,1721,26,2026-06-21,present,0,11,
18688,280,1722,26,2026-06-27,present,0,11,
18689,280,1723,26,2026-06-28,present,0,11,
18690,280,1724,26,2026-07-04,present,0,11,
18691,280,1725,26,2026-07-05,present,0,11,
18692,280,1726,26,2026-07-11,present,0,11,
18693,280,1727,26,2026-07-12,present,0,11,
18694,280,1728,26,2026-07-18,present,0,11,
18695,280,1729,26,2026-07-19,present,0,11,
18696,280,1730,26,2026-07-25,present,0,11,
18697,280,1731,26,2026-07-26,present,0,11,
18698,281,1685,26,2026-02-07,present,0,11,
18699,281,1686,26,2026-02-08,present,0,11,
18700,281,1687,26,2026-02-14,absent_unexcused,0,11,Sababsiz
18701,281,1688,26,2026-02-15,present,0,11,
18702,281,1689,26,2026-02-21,present,0,11,
18703,281,1690,26,2026-02-22,late,15,11,
18704,281,1691,26,2026-02-28,present,0,11,
18705,281,1692,26,2026-03-01,present,0,11,
18706,281,1693,26,2026-03-07,present,0,11,
18707,281,1694,26,2026-03-08,present,0,11,
18708,281,1695,26,2026-03-14,present,0,11,
18709,281,1696,26,2026-03-15,late,18,11,
18710,281,1697,26,2026-03-28,present,0,11,
18711,281,1698,26,2026-03-29,present,0,11,
18712,281,1699,26,2026-04-04,present,0,11,
18713,281,1700,26,2026-04-05,present,0,11,
18714,281,1701,26,2026-04-11,present,0,11,
18715,281,1702,26,2026-04-12,present,0,11,
18716,281,1703,26,2026-04-18,present,0,11,
18717,281,1704,26,2026-04-19,present,0,11,
18718,281,1705,26,2026-04-25,present,0,11,
18719,281,1706,26,2026-04-26,present,0,11,
18720,281,1707,26,2026-05-02,late,25,11,
18721,281,1708,26,2026-05-03,present,0,11,
18722,281,1709,26,2026-05-10,present,0,11,
18723,281,1710,26,2026-05-16,present,0,11,
18724,281,1711,26,2026-05-17,present,0,11,
18725,281,1712,26,2026-05-23,present,0,11,
18726,281,1713,26,2026-05-24,present,0,11,
18727,281,1714,26,2026-05-30,present,0,11,
18728,281,1715,26,2026-05-31,present,0,11,
18729,281,1716,26,2026-06-06,present,0,11,
18730,281,1717,26,2026-06-07,present,0,11,
18731,281,1718,26,2026-06-13,present,0,11,
18732,281,1719,26,2026-06-14,present,0,11,
18733,281,1720,26,2026-06-20,present,0,11,
18734,281,1721,26,2026-06-21,present,0,11,
18735,281,1722,26,2026-06-27,present,0,11,
18736,281,1723,26,2026-06-28,present,0,11,
18737,281,1724,26,2026-07-04,absent_excused,0,11,Ota-ona xabar berdi
18738,281,1725,26,2026-07-05,absent_excused,0,11,Ota-ona xabar berdi
18739,281,1726,26,2026-07-11,absent_excused,0,11,Ota-ona xabar berdi
18740,281,1727,26,2026-07-12,late,22,11,
18741,281,1728,26,2026-07-18,present,0,11,
18742,281,1729,26,2026-07-19,present,0,11,
18743,281,1730,26,2026-07-25,absent_excused,0,11,Ota-ona xabar berdi
18744,281,1731,26,2026-07-26,present,0,11,
18745,282,1685,26,2026-02-07,present,0,11,
18746,282,1686,26,2026-02-08,present,0,11,
18747,282,1687,26,2026-02-14,present,0,11,
18748,282,1688,26,2026-02-15,present,0,11,
18749,282,1689,26,2026-02-21,late,25,11,
18750,282,1690,26,2026-02-22,absent_unexcused,0,11,Sababsiz
18751,282,1691,26,2026-02-28,absent_excused,0,11,Ota-ona xabar berdi
18752,282,1692,26,2026-03-01,present,0,11,
18753,282,1693,26,2026-03-07,present,0,11,
18754,282,1694,26,2026-03-08,present,0,11,
18755,282,1695,26,2026-03-14,late,14,11,
18756,282,1696,26,2026-03-15,late,11,11,
18757,282,1697,26,2026-03-28,present,0,11,
18758,282,1698,26,2026-03-29,present,0,11,
18759,282,1699,26,2026-04-04,present,0,11,
18760,282,1700,26,2026-04-05,absent_unexcused,0,11,Sababsiz
18761,282,1701,26,2026-04-11,late,19,11,
18762,282,1702,26,2026-04-12,present,0,11,
18763,282,1703,26,2026-04-18,present,0,11,
18764,282,1704,26,2026-04-19,late,9,11,
18765,282,1705,26,2026-04-25,present,0,11,
18766,282,1706,26,2026-04-26,present,0,11,
18767,282,1707,26,2026-05-02,present,0,11,
18768,282,1708,26,2026-05-03,present,0,11,
18769,282,1709,26,2026-05-10,present,0,11,
18770,282,1710,26,2026-05-16,present,0,11,
18771,282,1711,26,2026-05-17,present,0,11,
18772,282,1712,26,2026-05-23,present,0,11,
18773,282,1713,26,2026-05-24,present,0,11,
18774,282,1714,26,2026-05-30,absent_unexcused,0,11,Sababsiz
18775,282,1715,26,2026-05-31,present,0,11,
18776,282,1716,26,2026-06-06,present,0,11,
18777,282,1717,26,2026-06-07,present,0,11,
18778,282,1718,26,2026-06-13,present,0,11,
18779,282,1719,26,2026-06-14,absent_excused,0,11,Ota-ona xabar berdi
18780,282,1720,26,2026-06-20,present,0,11,
18781,282,1721,26,2026-06-21,present,0,11,
18782,282,1722,26,2026-06-27,present,0,11,
18783,282,1723,26,2026-06-28,present,0,11,
18784,282,1724,26,2026-07-04,present,0,11,
18785,282,1725,26,2026-07-05,present,0,11,
18786,282,1726,26,2026-07-11,present,0,11,
18787,282,1727,26,2026-07-12,absent_excused,0,11,Ota-ona xabar berdi
18788,282,1728,26,2026-07-18,present,0,11,
18789,282,1729,26,2026-07-19,present,0,11,
18790,282,1730,26,2026-07-25,present,0,11,
18791,282,1731,26,2026-07-26,present,0,11,
18792,283,1685,26,2026-02-07,present,0,11,
18793,283,1686,26,2026-02-08,late,8,11,
18794,283,1687,26,2026-02-14,present,0,11,
18795,283,1688,26,2026-02-15,absent_excused,0,11,Ota-ona xabar berdi
18796,283,1689,26,2026-02-21,late,15,11,
18797,283,1690,26,2026-02-22,present,0,11,
18798,283,1691,26,2026-02-28,absent_excused,0,11,Ota-ona xabar berdi
18799,283,1692,26,2026-03-01,present,0,11,
18800,283,1693,26,2026-03-07,absent_excused,0,11,Ota-ona xabar berdi
18801,283,1694,26,2026-03-08,absent_unexcused,0,11,Sababsiz
18802,283,1695,26,2026-03-14,absent_unexcused,0,11,Sababsiz
18803,283,1696,26,2026-03-15,late,24,11,
18804,283,1697,26,2026-03-28,absent_unexcused,0,11,Sababsiz
18805,283,1698,26,2026-03-29,present,0,11,
18806,283,1699,26,2026-04-04,present,0,11,
18807,283,1700,26,2026-04-05,present,0,11,
18808,283,1701,26,2026-04-11,present,0,11,
18809,283,1702,26,2026-04-12,late,6,11,
18810,283,1703,26,2026-04-18,late,16,11,
18811,283,1704,26,2026-04-19,absent_excused,0,11,Ota-ona xabar berdi
18812,283,1705,26,2026-04-25,present,0,11,
18813,283,1706,26,2026-04-26,present,0,11,
18814,283,1707,26,2026-05-02,present,0,11,
18815,283,1708,26,2026-05-03,present,0,11,
18816,283,1709,26,2026-05-10,present,0,11,
18817,283,1710,26,2026-05-16,present,0,11,
18818,283,1711,26,2026-05-17,late,10,11,
18819,283,1712,26,2026-05-23,present,0,11,
18820,283,1713,26,2026-05-24,absent_excused,0,11,Ota-ona xabar berdi
18821,283,1714,26,2026-05-30,present,0,11,
18822,283,1715,26,2026-05-31,absent_unexcused,0,11,Sababsiz
18823,283,1716,26,2026-06-06,present,0,11,
18824,283,1717,26,2026-06-07,present,0,11,
18825,283,1718,26,2026-06-13,present,0,11,
18826,283,1719,26,2026-06-14,late,19,11,
18827,283,1720,26,2026-06-20,present,0,11,
18828,283,1721,26,2026-06-21,present,0,11,
18829,283,1722,26,2026-06-27,late,7,11,
18830,283,1723,26,2026-06-28,absent_unexcused,0,11,Sababsiz
18831,283,1724,26,2026-07-04,present,0,11,
18832,283,1725,26,2026-07-05,present,0,11,
18833,283,1726,26,2026-07-11,absent_unexcused,0,11,Sababsiz
18834,283,1727,26,2026-07-12,present,0,11,
18835,283,1728,26,2026-07-18,present,0,11,
18836,283,1729,26,2026-07-19,present,0,11,
18837,283,1730,26,2026-07-25,absent_unexcused,0,11,Sababsiz
18838,283,1731,26,2026-07-26,absent_unexcused,0,11,Sababsiz
18839,284,1685,26,2026-02-07,present,0,11,
18840,284,1686,26,2026-02-08,absent_unexcused,0,11,Sababsiz
18841,284,1687,26,2026-02-14,present,0,11,
18842,284,1688,26,2026-02-15,absent_excused,0,11,Ota-ona xabar berdi
18843,284,1689,26,2026-02-21,present,0,11,
18844,284,1690,26,2026-02-22,present,0,11,
18845,284,1691,26,2026-02-28,present,0,11,
18846,284,1692,26,2026-03-01,present,0,11,
18847,284,1693,26,2026-03-07,present,0,11,
18848,284,1694,26,2026-03-08,present,0,11,
18849,284,1695,26,2026-03-14,present,0,11,
18850,284,1696,26,2026-03-15,present,0,11,
18851,284,1697,26,2026-03-28,present,0,11,
18852,284,1698,26,2026-03-29,present,0,11,
18853,284,1699,26,2026-04-04,present,0,11,
18854,284,1700,26,2026-04-05,present,0,11,
18855,284,1701,26,2026-04-11,present,0,11,
18856,284,1702,26,2026-04-12,present,0,11,
18857,284,1703,26,2026-04-18,present,0,11,
18858,284,1704,26,2026-04-19,present,0,11,
18859,284,1705,26,2026-04-25,late,15,11,
18860,284,1706,26,2026-04-26,absent_unexcused,0,11,Sababsiz
18861,284,1707,26,2026-05-02,present,0,11,
18862,284,1708,26,2026-05-03,present,0,11,
18863,284,1709,26,2026-05-10,present,0,11,
18864,284,1710,26,2026-05-16,absent_unexcused,0,11,Sababsiz
18865,284,1711,26,2026-05-17,present,0,11,
18866,284,1712,26,2026-05-23,present,0,11,
18867,284,1713,26,2026-05-24,present,0,11,
18868,284,1714,26,2026-05-30,late,8,11,
18869,284,1715,26,2026-05-31,present,0,11,
18870,284,1716,26,2026-06-06,present,0,11,
18871,284,1717,26,2026-06-07,present,0,11,
18872,284,1718,26,2026-06-13,present,0,11,
18873,284,1719,26,2026-06-14,late,12,11,
18874,284,1720,26,2026-06-20,present,0,11,
18875,284,1721,26,2026-06-21,present,0,11,
18876,284,1722,26,2026-06-27,late,13,11,
18877,284,1723,26,2026-06-28,late,21,11,
18878,284,1724,26,2026-07-04,present,0,11,
18879,284,1725,26,2026-07-05,present,0,11,
18880,284,1726,26,2026-07-11,present,0,11,
18881,284,1727,26,2026-07-12,present,0,11,
18882,284,1728,26,2026-07-18,present,0,11,
18883,284,1729,26,2026-07-19,absent_excused,0,11,Ota-ona xabar berdi
18884,284,1730,26,2026-07-25,present,0,11,
18885,284,1731,26,2026-07-26,present,0,11,
18886,285,1685,26,2026-02-07,present,0,11,
18887,285,1686,26,2026-02-08,present,0,11,
18888,285,1687,26,2026-02-14,present,0,11,
18889,285,1688,26,2026-02-15,present,0,11,
18890,285,1689,26,2026-02-21,present,0,11,
18891,285,1690,26,2026-02-22,present,0,11,
18892,285,1691,26,2026-02-28,present,0,11,
18893,285,1692,26,2026-03-01,present,0,11,
18894,285,1693,26,2026-03-07,present,0,11,
18895,285,1694,26,2026-03-08,present,0,11,
18896,285,1695,26,2026-03-14,present,0,11,
18897,285,1696,26,2026-03-15,late,8,11,
18898,285,1697,26,2026-03-28,present,0,11,
18899,285,1698,26,2026-03-29,present,0,11,
18900,285,1699,26,2026-04-04,present,0,11,
18901,285,1700,26,2026-04-05,present,0,11,
18902,285,1701,26,2026-04-11,present,0,11,
18903,285,1702,26,2026-04-12,present,0,11,
18904,285,1703,26,2026-04-18,present,0,11,
18905,285,1704,26,2026-04-19,present,0,11,
18906,285,1705,26,2026-04-25,absent_excused,0,11,Ota-ona xabar berdi
18907,285,1706,26,2026-04-26,present,0,11,
18908,285,1707,26,2026-05-02,present,0,11,
18909,285,1708,26,2026-05-03,present,0,11,
18910,285,1709,26,2026-05-10,present,0,11,
18911,285,1710,26,2026-05-16,present,0,11,
18912,285,1711,26,2026-05-17,present,0,11,
18913,285,1712,26,2026-05-23,present,0,11,
18914,285,1713,26,2026-05-24,present,0,11,
18915,285,1714,26,2026-05-30,present,0,11,
18916,285,1715,26,2026-05-31,present,0,11,
18917,285,1716,26,2026-06-06,present,0,11,
18918,285,1717,26,2026-06-07,present,0,11,
18919,285,1718,26,2026-06-13,present,0,11,
18920,285,1719,26,2026-06-14,present,0,11,
18921,285,1720,26,2026-06-20,present,0,11,
18922,285,1721,26,2026-06-21,present,0,11,
18923,285,1722,26,2026-06-27,present,0,11,
18924,285,1723,26,2026-06-28,present,0,11,
18925,285,1724,26,2026-07-04,present,0,11,
18926,285,1725,26,2026-07-05,present,0,11,
18927,285,1726,26,2026-07-11,present,0,11,
18928,285,1727,26,2026-07-12,present,0,11,
18929,285,1728,26,2026-07-18,present,0,11,
18930,285,1729,26,2026-07-19,present,0,11,
18931,285,1730,26,2026-07-25,present,0,11,
18932,285,1731,26,2026-07-26,present,0,11,
18933,286,1685,26,2026-02-07,present,0,11,
18934,286,1686,26,2026-02-08,present,0,11,
18935,286,1687,26,2026-02-14,present,0,11,
18936,286,1688,26,2026-02-15,present,0,11,
18937,286,1689,26,2026-02-21,present,0,11,
18938,286,1690,26,2026-02-22,late,6,11,
18939,286,1691,26,2026-02-28,present,0,11,
18940,286,1692,26,2026-03-01,present,0,11,
18941,286,1693,26,2026-03-07,absent_excused,0,11,Ota-ona xabar berdi
18942,286,1694,26,2026-03-08,present,0,11,
18943,286,1695,26,2026-03-14,present,0,11,
18944,286,1696,26,2026-03-15,present,0,11,
18945,286,1697,26,2026-03-28,present,0,11,
18946,286,1698,26,2026-03-29,present,0,11,
18947,286,1699,26,2026-04-04,absent_excused,0,11,Ota-ona xabar berdi
18948,286,1700,26,2026-04-05,late,24,11,
18949,286,1701,26,2026-04-11,present,0,11,
18950,286,1702,26,2026-04-12,present,0,11,
18951,286,1703,26,2026-04-18,present,0,11,
18952,286,1704,26,2026-04-19,absent_excused,0,11,Ota-ona xabar berdi
18953,286,1705,26,2026-04-25,present,0,11,
18954,286,1706,26,2026-04-26,absent_unexcused,0,11,Sababsiz
18955,286,1707,26,2026-05-02,present,0,11,
18956,286,1708,26,2026-05-03,present,0,11,
18957,286,1709,26,2026-05-10,present,0,11,
18958,286,1710,26,2026-05-16,present,0,11,
18959,286,1711,26,2026-05-17,present,0,11,
18960,286,1712,26,2026-05-23,present,0,11,
18961,286,1713,26,2026-05-24,present,0,11,
18962,286,1714,26,2026-05-30,present,0,11,
18963,286,1715,26,2026-05-31,present,0,11,
18964,286,1716,26,2026-06-06,present,0,11,
18965,286,1717,26,2026-06-07,present,0,11,
18966,286,1718,26,2026-06-13,present,0,11,
18967,286,1719,26,2026-06-14,present,0,11,
18968,286,1720,26,2026-06-20,absent_unexcused,0,11,Sababsiz
18969,286,1721,26,2026-06-21,present,0,11,
18970,286,1722,26,2026-06-27,present,0,11,
18971,286,1723,26,2026-06-28,absent_excused,0,11,Ota-ona xabar berdi
18972,286,1724,26,2026-07-04,present,0,11,
18973,286,1725,26,2026-07-05,present,0,11,
18974,286,1726,26,2026-07-11,absent_unexcused,0,11,Sababsiz
18975,286,1727,26,2026-07-12,late,21,11,
18976,286,1728,26,2026-07-18,present,0,11,
18977,286,1729,26,2026-07-19,present,0,11,
18978,286,1730,26,2026-07-25,present,0,11,
18979,286,1731,26,2026-07-26,late,21,11,
18980,287,1685,26,2026-02-07,present,0,11,
18981,287,1686,26,2026-02-08,absent_excused,0,11,Ota-ona xabar berdi
18982,287,1687,26,2026-02-14,absent_excused,0,11,Ota-ona xabar berdi
18983,287,1688,26,2026-02-15,present,0,11,
18984,287,1689,26,2026-02-21,present,0,11,
18985,287,1690,26,2026-02-22,present,0,11,
18986,287,1691,26,2026-02-28,present,0,11,
18987,287,1692,26,2026-03-01,present,0,11,
18988,287,1693,26,2026-03-07,late,13,11,
18989,287,1694,26,2026-03-08,present,0,11,
18990,287,1695,26,2026-03-14,present,0,11,
18991,287,1696,26,2026-03-15,present,0,11,
18992,287,1697,26,2026-03-28,present,0,11,
18993,287,1698,26,2026-03-29,present,0,11,
18994,287,1699,26,2026-04-04,absent_unexcused,0,11,Sababsiz
18995,287,1700,26,2026-04-05,present,0,11,
18996,287,1701,26,2026-04-11,late,24,11,
18997,287,1702,26,2026-04-12,present,0,11,
18998,287,1703,26,2026-04-18,present,0,11,
18999,287,1704,26,2026-04-19,present,0,11,
19000,287,1705,26,2026-04-25,present,0,11,
19001,287,1706,26,2026-04-26,present,0,11,
19002,287,1707,26,2026-05-02,present,0,11,
19003,287,1708,26,2026-05-03,present,0,11,
19004,287,1709,26,2026-05-10,present,0,11,
19005,287,1710,26,2026-05-16,present,0,11,
19006,287,1711,26,2026-05-17,present,0,11,
19007,287,1712,26,2026-05-23,present,0,11,
19008,287,1713,26,2026-05-24,present,0,11,
19009,287,1714,26,2026-05-30,absent_excused,0,11,Ota-ona xabar berdi
19010,287,1715,26,2026-05-31,present,0,11,
19011,287,1716,26,2026-06-06,present,0,11,
19012,287,1717,26,2026-06-07,present,0,11,
19013,287,1718,26,2026-06-13,present,0,11,
19014,287,1719,26,2026-06-14,present,0,11,
19015,287,1720,26,2026-06-20,present,0,11,
19016,287,1721,26,2026-06-21,present,0,11,
19017,287,1722,26,2026-06-27,present,0,11,
19018,287,1723,26,2026-06-28,absent_unexcused,0,11,Sababsiz
19019,287,1724,26,2026-07-04,present,0,11,
19020,287,1725,26,2026-07-05,present,0,11,
19021,287,1726,26,2026-07-11,present,0,11,
19022,287,1727,26,2026-07-12,present,0,11,
19023,287,1728,26,2026-07-18,present,0,11,
19024,287,1729,26,2026-07-19,present,0,11,
19025,287,1730,26,2026-07-25,present,0,11,
19026,287,1731,26,2026-07-26,present,0,11,
19027,288,1685,26,2026-02-07,present,0,11,
19028,288,1686,26,2026-02-08,present,0,11,
19029,288,1687,26,2026-02-14,present,0,11,
19030,288,1688,26,2026-02-15,present,0,11,
19031,288,1689,26,2026-02-21,late,17,11,
19032,288,1690,26,2026-02-22,present,0,11,
19033,288,1691,26,2026-02-28,present,0,11,
19034,288,1692,26,2026-03-01,present,0,11,
19035,288,1693,26,2026-03-07,present,0,11,
19036,288,1694,26,2026-03-08,present,0,11,
19037,288,1695,26,2026-03-14,present,0,11,
19038,288,1696,26,2026-03-15,present,0,11,
19039,288,1697,26,2026-03-28,present,0,11,
19040,288,1698,26,2026-03-29,present,0,11,
19041,288,1699,26,2026-04-04,present,0,11,
19042,288,1700,26,2026-04-05,absent_unexcused,0,11,Sababsiz
19043,288,1701,26,2026-04-11,present,0,11,
19044,288,1702,26,2026-04-12,absent_unexcused,0,11,Sababsiz
19045,288,1703,26,2026-04-18,present,0,11,
19046,288,1704,26,2026-04-19,present,0,11,
19047,288,1705,26,2026-04-25,absent_excused,0,11,Ota-ona xabar berdi
19048,288,1706,26,2026-04-26,present,0,11,
19049,288,1707,26,2026-05-02,present,0,11,
19050,288,1708,26,2026-05-03,present,0,11,
19051,288,1709,26,2026-05-10,present,0,11,
19052,288,1710,26,2026-05-16,present,0,11,
19053,288,1711,26,2026-05-17,present,0,11,
19054,288,1712,26,2026-05-23,late,7,11,
19055,288,1713,26,2026-05-24,present,0,11,
19056,288,1714,26,2026-05-30,present,0,11,
19057,288,1715,26,2026-05-31,present,0,11,
19058,288,1716,26,2026-06-06,present,0,11,
19059,288,1717,26,2026-06-07,present,0,11,
19060,288,1718,26,2026-06-13,absent_excused,0,11,Ota-ona xabar berdi
19061,288,1719,26,2026-06-14,present,0,11,
19062,288,1720,26,2026-06-20,present,0,11,
19063,288,1721,26,2026-06-21,present,0,11,
19064,288,1722,26,2026-06-27,present,0,11,
19065,288,1723,26,2026-06-28,present,0,11,
19066,288,1724,26,2026-07-04,absent_excused,0,11,Ota-ona xabar berdi
19067,288,1725,26,2026-07-05,present,0,11,
19068,288,1726,26,2026-07-11,present,0,11,
19069,288,1727,26,2026-07-12,present,0,11,
19070,288,1728,26,2026-07-18,absent_excused,0,11,Ota-ona xabar berdi
19071,288,1729,26,2026-07-19,absent_excused,0,11,Ota-ona xabar berdi
19072,288,1730,26,2026-07-25,present,0,11,
19073,288,1731,26,2026-07-26,present,0,11,
19074,289,1685,26,2026-02-07,present,0,11,
19075,289,1686,26,2026-02-08,present,0,11,
19076,289,1687,26,2026-02-14,present,0,11,
19077,289,1688,26,2026-02-15,present,0,11,
19078,289,1689,26,2026-02-21,late,19,11,
19079,289,1690,26,2026-02-22,present,0,11,
19080,289,1691,26,2026-02-28,late,23,11,
19081,289,1692,26,2026-03-01,present,0,11,
19082,289,1693,26,2026-03-07,present,0,11,
19083,289,1694,26,2026-03-08,present,0,11,
19084,289,1695,26,2026-03-14,present,0,11,
19085,289,1696,26,2026-03-15,present,0,11,
19086,289,1697,26,2026-03-28,late,21,11,
19087,289,1698,26,2026-03-29,present,0,11,
19088,289,1699,26,2026-04-04,present,0,11,
19089,289,1700,26,2026-04-05,present,0,11,
19090,289,1701,26,2026-04-11,absent_excused,0,11,Ota-ona xabar berdi
19091,289,1702,26,2026-04-12,present,0,11,
19092,289,1703,26,2026-04-18,present,0,11,
19093,289,1704,26,2026-04-19,absent_excused,0,11,Ota-ona xabar berdi
19094,289,1705,26,2026-04-25,present,0,11,
19095,289,1706,26,2026-04-26,present,0,11,
19096,289,1707,26,2026-05-02,late,14,11,
19097,289,1708,26,2026-05-03,present,0,11,
19098,289,1709,26,2026-05-10,present,0,11,
19099,289,1710,26,2026-05-16,present,0,11,
19100,289,1711,26,2026-05-17,present,0,11,
19101,289,1712,26,2026-05-23,present,0,11,
19102,289,1713,26,2026-05-24,present,0,11,
19103,289,1714,26,2026-05-30,present,0,11,
19104,289,1715,26,2026-05-31,present,0,11,
19105,289,1716,26,2026-06-06,present,0,11,
19106,289,1717,26,2026-06-07,present,0,11,
19107,289,1718,26,2026-06-13,present,0,11,
19108,289,1719,26,2026-06-14,present,0,11,
19109,289,1720,26,2026-06-20,present,0,11,
19110,289,1721,26,2026-06-21,present,0,11,
19111,289,1722,26,2026-06-27,present,0,11,
19112,289,1723,26,2026-06-28,present,0,11,
19113,289,1724,26,2026-07-04,absent_unexcused,0,11,Sababsiz
19114,289,1725,26,2026-07-05,present,0,11,
19115,289,1726,26,2026-07-11,present,0,11,
19116,289,1727,26,2026-07-12,present,0,11,
19117,289,1728,26,2026-07-18,present,0,11,
19118,289,1729,26,2026-07-19,present,0,11,
19119,289,1730,26,2026-07-25,present,0,11,
19120,289,1731,26,2026-07-26,late,6,11,
19121,290,1685,26,2026-02-07,present,0,11,
19122,290,1686,26,2026-02-08,present,0,11,
19123,290,1687,26,2026-02-14,present,0,11,
19124,290,1688,26,2026-02-15,present,0,11,
19125,290,1689,26,2026-02-21,present,0,11,
19126,290,1690,26,2026-02-22,present,0,11,
19127,290,1691,26,2026-02-28,absent_excused,0,11,Ota-ona xabar berdi
19128,290,1692,26,2026-03-01,absent_unexcused,0,11,Sababsiz
19129,290,1693,26,2026-03-07,present,0,11,
19130,290,1694,26,2026-03-08,present,0,11,
19131,290,1695,26,2026-03-14,late,22,11,
19132,290,1696,26,2026-03-15,absent_excused,0,11,Ota-ona xabar berdi
19133,290,1697,26,2026-03-28,late,13,11,
19134,290,1698,26,2026-03-29,present,0,11,
19135,290,1699,26,2026-04-04,present,0,11,
19136,290,1700,26,2026-04-05,present,0,11,
19137,290,1701,26,2026-04-11,late,19,11,
19138,290,1702,26,2026-04-12,present,0,11,
19139,290,1703,26,2026-04-18,present,0,11,
19140,290,1704,26,2026-04-19,present,0,11,
19141,290,1705,26,2026-04-25,present,0,11,
19142,290,1706,26,2026-04-26,absent_unexcused,0,11,Sababsiz
19143,290,1707,26,2026-05-02,present,0,11,
19144,290,1708,26,2026-05-03,present,0,11,
19145,290,1709,26,2026-05-10,present,0,11,
19146,290,1710,26,2026-05-16,present,0,11,
19147,290,1711,26,2026-05-17,present,0,11,
19148,290,1712,26,2026-05-23,present,0,11,
19149,290,1713,26,2026-05-24,present,0,11,
19150,290,1714,26,2026-05-30,present,0,11,
19151,290,1715,26,2026-05-31,present,0,11,
19152,290,1716,26,2026-06-06,present,0,11,
19153,290,1717,26,2026-06-07,present,0,11,
19154,290,1718,26,2026-06-13,present,0,11,
19155,290,1719,26,2026-06-14,present,0,11,
19156,290,1720,26,2026-06-20,present,0,11,
19157,290,1721,26,2026-06-21,present,0,11,
19158,290,1722,26,2026-06-27,present,0,11,
19159,290,1723,26,2026-06-28,present,0,11,
19160,290,1724,26,2026-07-04,present,0,11,
19161,290,1725,26,2026-07-05,present,0,11,
19162,290,1726,26,2026-07-11,present,0,11,
19163,290,1727,26,2026-07-12,present,0,11,
19164,290,1728,26,2026-07-18,present,0,11,
19165,290,1729,26,2026-07-19,late,24,11,
19166,290,1730,26,2026-07-25,late,24,11,
19167,290,1731,26,2026-07-26,absent_unexcused,0,11,Sababsiz
19168,291,1685,26,2026-02-07,present,0,11,
19169,291,1686,26,2026-02-08,present,0,11,
19170,291,1687,26,2026-02-14,present,0,11,
19171,291,1688,26,2026-02-15,present,0,11,
19172,291,1689,26,2026-02-21,present,0,11,
19173,291,1690,26,2026-02-22,late,19,11,
19174,291,1691,26,2026-02-28,present,0,11,
19175,291,1692,26,2026-03-01,present,0,11,
19176,291,1693,26,2026-03-07,present,0,11,
19177,291,1694,26,2026-03-08,present,0,11,
19178,291,1695,26,2026-03-14,late,18,11,
19179,291,1696,26,2026-03-15,present,0,11,
19180,291,1697,26,2026-03-28,present,0,11,
19181,291,1698,26,2026-03-29,late,13,11,
19182,291,1699,26,2026-04-04,absent_unexcused,0,11,Sababsiz
19183,291,1700,26,2026-04-05,present,0,11,
19184,291,1701,26,2026-04-11,absent_unexcused,0,11,Sababsiz
19185,291,1702,26,2026-04-12,absent_excused,0,11,Ota-ona xabar berdi
19186,291,1703,26,2026-04-18,present,0,11,
19187,291,1704,26,2026-04-19,present,0,11,
19188,291,1705,26,2026-04-25,present,0,11,
19189,291,1706,26,2026-04-26,present,0,11,
19190,291,1707,26,2026-05-02,present,0,11,
19191,291,1708,26,2026-05-03,present,0,11,
19192,291,1709,26,2026-05-10,present,0,11,
19193,291,1710,26,2026-05-16,present,0,11,
19194,291,1711,26,2026-05-17,present,0,11,
19195,291,1712,26,2026-05-23,present,0,11,
19196,291,1713,26,2026-05-24,present,0,11,
19197,291,1714,26,2026-05-30,present,0,11,
19198,291,1715,26,2026-05-31,present,0,11,
19199,291,1716,26,2026-06-06,present,0,11,
19200,291,1717,26,2026-06-07,present,0,11,
19201,291,1718,26,2026-06-13,late,22,11,
19202,291,1719,26,2026-06-14,absent_unexcused,0,11,Sababsiz
19203,291,1720,26,2026-06-20,present,0,11,
19204,291,1721,26,2026-06-21,present,0,11,
19205,291,1722,26,2026-06-27,present,0,11,
19206,291,1723,26,2026-06-28,late,21,11,
19207,291,1724,26,2026-07-04,present,0,11,
19208,291,1725,26,2026-07-05,present,0,11,
19209,291,1726,26,2026-07-11,present,0,11,
19210,291,1727,26,2026-07-12,present,0,11,
19211,291,1728,26,2026-07-18,present,0,11,
19212,291,1729,26,2026-07-19,present,0,11,
19213,291,1730,26,2026-07-25,present,0,11,
19214,291,1731,26,2026-07-26,late,19,11,
19215,292,1685,26,2026-02-07,present,0,11,
19216,292,1686,26,2026-02-08,present,0,11,
19217,292,1687,26,2026-02-14,present,0,11,
19218,292,1688,26,2026-02-15,present,0,11,
19219,292,1689,26,2026-02-21,present,0,11,
19220,292,1690,26,2026-02-22,present,0,11,
19221,292,1691,26,2026-02-28,present,0,11,
19222,292,1692,26,2026-03-01,present,0,11,
19223,292,1693,26,2026-03-07,present,0,11,
19224,292,1694,26,2026-03-08,absent_unexcused,0,11,Sababsiz
19225,292,1695,26,2026-03-14,present,0,11,
19226,292,1696,26,2026-03-15,present,0,11,
19227,292,1697,26,2026-03-28,absent_unexcused,0,11,Sababsiz
19228,292,1698,26,2026-03-29,present,0,11,
19229,292,1699,26,2026-04-04,present,0,11,
19230,292,1700,26,2026-04-05,present,0,11,
19231,292,1701,26,2026-04-11,present,0,11,
19232,292,1702,26,2026-04-12,present,0,11,
19233,292,1703,26,2026-04-18,absent_excused,0,11,Ota-ona xabar berdi
19234,292,1704,26,2026-04-19,present,0,11,
19235,292,1705,26,2026-04-25,present,0,11,
19236,292,1706,26,2026-04-26,present,0,11,
19237,292,1707,26,2026-05-02,present,0,11,
19238,292,1708,26,2026-05-03,absent_excused,0,11,Ota-ona xabar berdi
19239,292,1709,26,2026-05-10,present,0,11,
19240,292,1710,26,2026-05-16,present,0,11,
19241,292,1711,26,2026-05-17,present,0,11,
19242,292,1712,26,2026-05-23,absent_unexcused,0,11,Sababsiz
19243,292,1713,26,2026-05-24,present,0,11,
19244,292,1714,26,2026-05-30,present,0,11,
19245,292,1715,26,2026-05-31,present,0,11,
19246,292,1716,26,2026-06-06,late,19,11,
19247,292,1717,26,2026-06-07,present,0,11,
19248,292,1718,26,2026-06-13,present,0,11,
19249,292,1719,26,2026-06-14,present,0,11,
19250,292,1720,26,2026-06-20,present,0,11,
19251,292,1721,26,2026-06-21,present,0,11,
19252,292,1722,26,2026-06-27,present,0,11,
19253,292,1723,26,2026-06-28,present,0,11,
19254,292,1724,26,2026-07-04,present,0,11,
19255,292,1725,26,2026-07-05,late,23,11,
19256,292,1726,26,2026-07-11,present,0,11,
19257,292,1727,26,2026-07-12,present,0,11,
19258,292,1728,26,2026-07-18,present,0,11,
19259,292,1729,26,2026-07-19,absent_excused,0,11,Ota-ona xabar berdi
19260,292,1730,26,2026-07-25,present,0,11,
19261,292,1731,26,2026-07-26,present,0,11,
19262,293,1685,26,2026-02-07,present,0,11,
19263,293,1686,26,2026-02-08,present,0,11,
19264,293,1687,26,2026-02-14,present,0,11,
19265,293,1688,26,2026-02-15,present,0,11,
19266,293,1689,26,2026-02-21,present,0,11,
19267,293,1690,26,2026-02-22,present,0,11,
19268,293,1691,26,2026-02-28,present,0,11,
19269,293,1692,26,2026-03-01,present,0,11,
19270,293,1693,26,2026-03-07,present,0,11,
19271,293,1694,26,2026-03-08,present,0,11,
19272,293,1695,26,2026-03-14,present,0,11,
19273,293,1696,26,2026-03-15,present,0,11,
19274,293,1697,26,2026-03-28,present,0,11,
19275,293,1698,26,2026-03-29,present,0,11,
19276,293,1699,26,2026-04-04,present,0,11,
19277,293,1700,26,2026-04-05,present,0,11,
19278,293,1701,26,2026-04-11,present,0,11,
19279,293,1702,26,2026-04-12,present,0,11,
19280,293,1703,26,2026-04-18,present,0,11,
19281,293,1704,26,2026-04-19,present,0,11,
19282,293,1705,26,2026-04-25,present,0,11,
19283,293,1706,26,2026-04-26,present,0,11,
19284,293,1707,26,2026-05-02,present,0,11,
19285,293,1708,26,2026-05-03,present,0,11,
19286,293,1709,26,2026-05-10,present,0,11,
19287,293,1710,26,2026-05-16,present,0,11,
19288,293,1711,26,2026-05-17,late,16,11,
19289,293,1712,26,2026-05-23,present,0,11,
19290,293,1713,26,2026-05-24,present,0,11,
19291,293,1714,26,2026-05-30,present,0,11,
19292,293,1715,26,2026-05-31,present,0,11,
19293,293,1716,26,2026-06-06,present,0,11,
19294,293,1717,26,2026-06-07,present,0,11,
19295,293,1718,26,2026-06-13,present,0,11,
19296,293,1719,26,2026-06-14,present,0,11,
19297,293,1720,26,2026-06-20,present,0,11,
19298,293,1721,26,2026-06-21,present,0,11,
19299,293,1722,26,2026-06-27,present,0,11,
19300,293,1723,26,2026-06-28,present,0,11,
19301,293,1724,26,2026-07-04,present,0,11,
19302,293,1725,26,2026-07-05,present,0,11,
19303,293,1726,26,2026-07-11,present,0,11,
19304,293,1727,26,2026-07-12,present,0,11,
19305,293,1728,26,2026-07-18,late,23,11,
19306,293,1729,26,2026-07-19,present,0,11,
19307,293,1730,26,2026-07-25,present,0,11,
19308,293,1731,26,2026-07-26,present,0,11,
19309,294,1685,26,2026-02-07,present,0,11,
19310,294,1686,26,2026-02-08,present,0,11,
19311,294,1687,26,2026-02-14,present,0,11,
19312,294,1688,26,2026-02-15,present,0,11,
19313,294,1689,26,2026-02-21,present,0,11,
19314,294,1690,26,2026-02-22,present,0,11,
19315,294,1691,26,2026-02-28,present,0,11,
19316,294,1692,26,2026-03-01,present,0,11,
19317,294,1693,26,2026-03-07,present,0,11,
19318,294,1694,26,2026-03-08,present,0,11,
19319,294,1695,26,2026-03-14,present,0,11,
19320,294,1696,26,2026-03-15,present,0,11,
19321,294,1697,26,2026-03-28,absent_excused,0,11,Ota-ona xabar berdi
19322,294,1698,26,2026-03-29,present,0,11,
19323,294,1699,26,2026-04-04,present,0,11,
19324,294,1700,26,2026-04-05,present,0,11,
19325,294,1701,26,2026-04-11,present,0,11,
19326,294,1702,26,2026-04-12,present,0,11,
19327,294,1703,26,2026-04-18,present,0,11,
19328,294,1704,26,2026-04-19,present,0,11,
19329,294,1705,26,2026-04-25,present,0,11,
19330,294,1706,26,2026-04-26,present,0,11,
19331,294,1707,26,2026-05-02,absent_excused,0,11,Ota-ona xabar berdi
19332,294,1708,26,2026-05-03,present,0,11,
19333,294,1709,26,2026-05-10,present,0,11,
19334,294,1710,26,2026-05-16,present,0,11,
19335,294,1711,26,2026-05-17,present,0,11,
19336,294,1712,26,2026-05-23,present,0,11,
19337,294,1713,26,2026-05-24,present,0,11,
19338,294,1714,26,2026-05-30,present,0,11,
19339,294,1715,26,2026-05-31,present,0,11,
19340,294,1716,26,2026-06-06,present,0,11,
19341,294,1717,26,2026-06-07,present,0,11,
19342,294,1718,26,2026-06-13,present,0,11,
19343,294,1719,26,2026-06-14,present,0,11,
19344,294,1720,26,2026-06-20,present,0,11,
19345,294,1721,26,2026-06-21,present,0,11,
19346,294,1722,26,2026-06-27,present,0,11,
19347,294,1723,26,2026-06-28,present,0,11,
19348,294,1724,26,2026-07-04,present,0,11,
19349,294,1725,26,2026-07-05,present,0,11,
19350,294,1726,26,2026-07-11,present,0,11,
19351,294,1727,26,2026-07-12,present,0,11,
19352,294,1728,26,2026-07-18,present,0,11,
19353,294,1729,26,2026-07-19,absent_excused,0,11,Ota-ona xabar berdi
19354,294,1730,26,2026-07-25,present,0,11,
19355,294,1731,26,2026-07-26,present,0,11,
