id,code,role,first_name,last_name,full_name,gender,birth_date,age,phone,telegram,school,grade,district,group_id,group_name,course_code,mentor_id,tutor_id,curator_id,parent_full_name,parent_relation,parent_phone,parent_telegram,parent_preferred_contact,enrolled_at,monthly_fee,status,attendance_total_lessons,attendance_present,attendance_late,attendance_absent,attendance_absent_excused,attendance_absent_unexcused,attendance_attendance_rate,attendance_punctuality_rate,attendance_missed_covered_by_makeup,attendance_missed_not_covered,attendance_is_behind,homework_assigned,homework_submitted,homework_on_time,homework_late,homework_not_submitted,homework_submission_rate,homework_on_time_rate,homework_avg_score,homework_best_score,coins_balance,coins_total_earned,coins_total_spent,coins_rank_overall,coins_rank_in_group,tutor_sessions_count,makeup_count,performance_score,performance_label,risk_level
1,STU-10001,student,Bobur,Umarov,Bobur Umarov,male,2011-05-08,15,+998945144951,@bobur_579,124-son maktab,9,Yakkasaroy,1,FE-BAS-001,FE-BAS,14,117,208,Bekzod Umarov,Ota,+998885674193,@bekzod423,phone,2026-02-02,650000,active,75,60,8,7,2,5,90.7,80.0,4,3,False,64,50,36,14,14,78.1,56.2,65.1,87,1475,1495,25,37,1,4,4,78.0,Yaxshi,low
2,STU-10002,student,Javohir,Umarov,Javohir Umarov,male,2011-11-21,15,+998988055773,@javohir_6036,110-son maktab,9,Yashnobod,1,FE-BAS-001,FE-BAS,14,117,208,Zilola Umarova,Ona,+998948118948,@zilola479,phone,2026-02-02,650000,active,75,56,9,10,5,5,86.7,74.7,6,4,True,64,55,41,14,9,85.9,64.1,69.3,95,1349,1624,275,59,2,2,6,80.4,Yaxshi,low
3,STU-10003,student,Anvar,Toshmatov,Anvar Toshmatov,male,2013-08-07,13,+998972828851,@anvar_8222,33-son maktab,7,Yashnobod,1,FE-BAS-001,FE-BAS,14,117,208,Laylo Toshmatova,Ona,+998948803319,@laylo326,telegram,2026-02-02,650000,active,75,61,4,10,2,8,86.7,81.3,6,4,True,62,54,35,19,8,87.1,56.5,63.6,87,628,1428,800,183,5,6,6,78.7,Yaxshi,low
4,STU-10004,student,Aziz,Mirzayev,Aziz Mirzayev,male,2011-01-07,15,+998982899274,@aziz_1400,33-son maktab,9,Olmazor,1,FE-BAS-001,FE-BAS,14,117,208,Ulug'bek Mirzayev,Ota,+998902008902,@ulugbek288,sms,2026-02-02,650000,active,75,65,3,7,3,4,90.7,86.7,7,0,False,67,63,51,12,4,94.0,76.1,79.5,100,1143,2173,1030,85,3,3,7,87.8,Yaxshi,low
5,STU-10005,student,Xasan,Tolipov,Xasan Tolipov,male,2014-05-22,12,+998972354977,@xasan_5858,124-son maktab,6,Yunusobod,1,FE-BAS-001,FE-BAS,14,117,208,Yulduz Tolipova,Ona,+998988422830,@yulduz273,telegram,2026-02-02,650000,active,75,69,3,3,1,2,96.0,92.0,1,2,False,68,67,63,4,1,98.5,92.6,89.9,100,719,2959,2240,166,4,0,1,94.6,A'lo,low
6,STU-10006,student,Sanjar,Rustamov,Sanjar Rustamov,male,2012-05-27,14,+998988961365,@sanjar_596,124-son maktab,8,Yashnobod,1,FE-BAS-001,FE-BAS,14,117,208,Zilola Rustamova,Ona,+998884283566,@zilola481,sms,2026-02-02,650000,active,75,66,5,4,3,1,94.7,88.0,4,0,False,68,63,56,7,5,92.6,82.4,78.7,95,480,2085,1605,230,8,2,4,88.5,A'lo,low
7,STU-10007,student,Laylo,Ashurova,Laylo Ashurova,female,2014-07-02,12,+998987089698,@laylo_4561,89-son maktab,6,Bektemir,1,FE-BAS-001,FE-BAS,14,117,208,Zilola Ashurovaa,Ona,+998974270574,@zilola865,telegram,2026-02-02,650000,active,75,41,10,24,12,12,68.0,54.7,10,14,True,59,33,8,25,26,55.9,13.6,45.5,66,492,932,440,225,7,8,10,56.5,Past,high
8,STU-10008,student,Xurshid,Xasanov,Xurshid Xasanov,male,2012-01-24,14,+998995211866,@xurshid_7144,178-son maktab,8,Mirzo Ulug'bek,1,FE-BAS-001,FE-BAS,14,117,208,Javohir Xasanov,Ota,+998918972349,@javohir832,sms,2026-02-02,650000,active,75,34,5,36,10,26,52.0,45.3,7,29,True,46,16,5,11,30,34.8,10.9,35.2,53,509,634,130,218,6,5,7,41.0,Past,high
9,STU-10009,student,Shahzoda,Karimova,Shahzoda Karimova,female,2012-12-25,14,+998993683304,@shahzoda_4151,124-son maktab,8,Yunusobod,1,FE-BAS-001,FE-BAS,14,117,208,Islom Karimova,Ota,+998988730625,@islom470,telegram,2026-02-02,650000,active,75,54,9,12,8,4,84.0,72.0,10,2,False,65,56,41,15,9,86.2,63.1,66.2,86,322,1542,1220,270,9,5,10,78.4,Yaxshi,medium
10,STU-10010,student,Husan,Nematov,Husan Nematov,male,2013-07-04,13,+998883905677,@husan_3937,24-son maktab,7,Sergeli,2,FE-BAS-002,FE-BAS,2,103,203,Muhammadali Nematov,Ota,+998942617702,@muhammadali531,sms,2026-02-02,650000,active,75,35,10,30,6,24,60.0,46.7,13,17,True,47,20,6,14,27,42.6,12.8,39.0,62,565,685,120,200,8,12,13,47.4,Past,high
11,STU-10011,student,Islom,Qodirov,Islom Qodirov,male,2012-05-09,14,+998943572319,@islom_4709,45-son maktab,8,Olmazor,2,FE-BAS-002,FE-BAS,2,103,203,Ozoda Qodirova,Ona,+998974341855,@ozoda549,phone,2026-02-02,650000,active,75,69,5,1,0,1,98.7,92.0,1,0,False,68,63,46,17,5,92.6,67.6,76.3,96,1939,2194,255,10,1,3,1,89.0,A'lo,low
12,STU-10012,student,Muhammadali,Alimov,Muhammadali Alimov,male,2010-09-08,16,+998981677159,@muhammadali_4911,52-son maktab,10,Yunusobod,2,FE-BAS-002,FE-BAS,2,103,203,Abror Alimov,Ota,+998911075364,@abror586,phone,2026-02-02,650000,active,75,50,12,13,5,8,82.7,66.7,5,8,True,62,32,12,20,30,51.6,19.4,49.1,82,598,938,340,192,7,10,5,61.6,Qoniqarli,medium
13,STU-10013,student,Rustam,Toshmatov,Rustam Toshmatov,male,2012-09-28,14,+998986704531,@rustam_2416,7-son maktab,8,Yashnobod,2,FE-BAS-002,FE-BAS,2,103,203,Umar Toshmatov,Ota,+998902774694,@umar752,telegram,2026-02-02,650000,active,75,65,5,5,2,3,93.3,86.7,2,3,False,68,61,51,10,7,89.7,75.0,79.1,97,833,2108,1275,133,3,3,2,87.2,Yaxshi,low
14,STU-10014,student,Nilufar,Ismoilova,Nilufar Ismoilova,female,2014-06-14,12,+998917847957,@nilufar_1761,110-son maktab,6,Yakkasaroy,2,FE-BAS-002,FE-BAS,2,103,203,Shahzoda Ismoilovaa,Ona,+998914412616,@shahzoda132,sms,2026-02-02,650000,active,75,53,11,11,4,7,85.3,70.7,5,6,True,63,50,30,20,13,79.4,47.6,62.3,91,830,1365,535,134,4,6,5,75.5,Yaxshi,low
15,STU-10015,student,Husan,Ergashev,Husan Ergashev,male,2013-07-23,13,+998987947110,@husan_6923,1-son maktab,7,Olmazor,2,FE-BAS-002,FE-BAS,2,103,203,Nargiza Ergasheva,Ona,+998978010282,@nargiza152,telegram,2026-02-02,650000,active,75,60,9,6,3,3,92.0,80.0,4,2,False,66,54,44,10,12,81.8,66.7,68.9,85,690,1620,935,170,6,6,4,80.9,Yaxshi,low
16,STU-10016,student,Mohira,Ashurova,Mohira Ashurova,female,2013-01-14,13,+998933180620,@mohira_343,7-son maktab,7,Mirobod,2,FE-BAS-002,FE-BAS,2,103,203,Amirbek Ashurova,Ota,+998917815201,@amirbek691,telegram,2026-02-02,650000,active,75,55,6,14,8,6,81.3,73.3,10,4,True,64,56,34,22,8,87.5,53.1,63.1,86,1068,1548,480,93,2,6,10,76.8,Yaxshi,medium
17,STU-10017,student,Behruz,Ergashev,Behruz Ergashev,male,2010-10-12,16,+998917438000,@behruz_8136,45-son maktab,10,Shayxontohur,2,FE-BAS-002,FE-BAS,2,103,203,Ulug'bek Ergashev,Ota,+998973714800,@ulugbek633,phone,2026-02-02,650000,active,75,50,4,21,10,11,72.0,66.7,5,16,True,58,39,14,25,19,67.2,24.1,47.8,93,742,1097,355,158,5,9,5,62.1,Qoniqarli,medium
18,STU-10018,student,Nilufar,Egamberdiyeva,Nilufar Egamberdiyeva,female,2010-01-20,16,+998934659729,@nilufar_783,110-son maktab,10,Mirobod,3,FE-JS-003,FE-JS,2,112,204,Zilola Egamberdiyevaa,Ona,+998947786124,@zilola729,phone,2026-02-09,800000,active,73,43,7,23,8,15,68.5,58.9,6,17,True,52,30,13,17,22,57.7,25.0,52.3,69,775,850,75,149,6,9,6,59.6,Past,high
19,STU-10019,student,Sherzod,Qodirov,Sherzod Qodirov,male,2011-04-24,15,+998978047636,@sherzod_5149,52-son maktab,9,Sergeli,3,FE-JS-003,FE-JS,2,112,204,Sardor Qodirov,Ota,+998982975198,@sardor499,sms,2026-02-09,800000,active,73,55,3,15,8,7,79.5,75.3,5,10,True,62,47,32,15,15,75.8,51.6,65.5,93,233,1348,1115,290,10,6,5,73.5,Qoniqarli,medium
20,STU-10020,student,Akmal,Shodmonov,Akmal Shodmonov,male,2008-08-06,18,+998887716630,@akmal_1854,12-son maktab,11,Mirzo Ulug'bek,3,FE-JS-003,FE-JS,2,112,204,Bekzod Shodmonov,Ota,+998884946855,@bekzod557,sms,2026-02-09,800000,active,73,51,6,16,7,9,78.1,69.9,7,9,True,59,32,11,21,27,54.2,18.6,48.2,78,504,929,425,221,8,10,7,60.5,Qoniqarli,medium
21,STU-10021,student,Akmal,Ergashev,Akmal Ergashev,male,2009-09-17,17,+998337339482,@akmal_2331,1-son maktab,11,Yunusobod,3,FE-JS-003,FE-JS,2,112,204,Sardor Ergashev,Ota,+998916263446,@sardor896,telegram,2026-02-09,800000,active,73,69,2,2,1,1,97.3,94.5,2,0,False,67,65,64,1,2,97.0,95.5,91.6,100,1698,2903,1205,21,1,0,2,95.2,A'lo,low
22,STU-10022,student,Aziza,Qodirova,Aziza Qodirova,female,2011-03-16,15,+998973663675,@aziza_5405,64-son maktab,9,Uchtepa,3,FE-JS-003,FE-JS,2,112,204,Nafisa Qodirovaa,Ona,+998942099179,@nafisa953,telegram,2026-02-09,800000,active,73,55,7,11,5,6,84.9,75.3,8,3,False,61,51,32,19,10,83.6,52.5,63.8,93,1459,1489,30,40,3,4,8,77.1,Yaxshi,medium
23,STU-10023,student,Nurbek,Egamberdiyev,Nurbek Egamberdiyev,male,2011-10-09,15,+998976499979,@nurbek_6274,33-son maktab,9,Shayxontohur,3,FE-JS-003,FE-JS,2,112,204,Xurshid Egamberdiyev,Ota,+998904337695,@xurshid286,sms,2026-02-09,800000,active,73,61,6,6,1,5,91.8,83.6,6,0,False,63,56,50,6,7,88.9,79.4,80.4,96,1519,1924,405,35,2,2,6,86.9,Yaxshi,low
24,STU-10024,student,Xasan,Abdullayev,Xasan Abdullayev,male,2010-08-18,16,+998986550387,@xasan_1433,153-son maktab,10,Yashnobod,3,FE-JS-003,FE-JS,2,112,204,Muhammadali Abdullayev,Ota,+998985441837,@muhammadali484,telegram,2026-02-09,800000,active,73,52,14,7,4,3,90.4,71.2,4,3,False,65,53,38,15,12,81.5,58.5,67.8,83,938,1373,435,112,5,2,4,79.8,Yaxshi,low
25,STU-10025,student,Aziz,Norqulov,Aziz Norqulov,male,2008-05-10,18,+998998007624,@aziz_8499,101-son maktab,11,Chilonzor,3,FE-JS-003,FE-JS,2,112,204,Aziza Norqulova,Ona,+998904718460,@aziza252,telegram,2026-02-09,800000,active,73,54,9,10,5,5,86.3,74.0,6,4,True,63,54,34,20,9,85.7,54.0,61.8,81,335,1390,1055,265,9,6,6,77.5,Yaxshi,low
26,STU-10026,student,Firdavs,Yusupov,Firdavs Yusupov,male,2012-01-01,14,+998973243561,@firdavs_3445,101-son maktab,8,Bektemir,3,FE-JS-003,FE-JS,2,112,204,Nozima Yusupova,Ona,+998336992008,@nozima646,phone,2026-02-09,800000,active,73,68,3,2,2,0,97.3,93.2,2,0,False,67,63,54,9,4,94.0,80.6,78.2,94,1376,2076,700,53,4,3,2,89.6,A'lo,low
27,STU-10027,student,Shahzoda,Sultonova,Shahzoda Sultonova,female,2012-04-23,14,+998971192871,@shahzoda_1019,233-son maktab,8,Olmazor,3,FE-JS-003,FE-JS,2,112,204,Umar Sultonova,Ota,+998913427522,@umar992,telegram,2026-02-09,800000,active,73,65,3,5,2,3,93.2,89.0,2,3,False,64,62,57,5,2,96.9,89.1,79.4,97,682,2097,1415,172,7,1,2,89.5,A'lo,low
28,STU-10028,student,Xasan,Yo'ldoshev,Xasan Yo'ldoshev,male,2011-03-01,15,+998911207200,@xasan_9126,45-son maktab,9,Mirzo Ulug'bek,4,FE-JS-004,FE-JS,3,101,208,Aziz Yo'ldoshev,Ota,+998994114822,@aziz343,phone,2026-02-02,800000,active,75,69,3,3,0,3,96.0,92.0,2,1,False,66,65,60,5,1,98.5,90.9,89.1,100,237,2542,2305,289,15,2,2,94.3,A'lo,low
29,STU-10029,student,Xasan,Hamidov,Xasan Hamidov,male,2008-03-17,18,+998998805860,@xasan_1418,153-son maktab,11,Mirzo Ulug'bek,4,FE-JS-004,FE-JS,3,101,208,Zilola Hamidova,Ona,+998909018255,@zilola832,telegram,2026-02-02,800000,active,75,65,5,5,2,3,93.3,86.7,4,1,False,66,62,54,8,4,93.9,81.8,79.2,94,382,1987,1605,258,14,2,4,88.5,A'lo,low
30,STU-10030,student,Shohruh,Tursunov,Shohruh Tursunov,male,2011-11-02,15,+998335450932,@shohruh_4943,45-son maktab,9,Yunusobod,4,FE-JS-004,FE-JS,3,101,208,Ravshan Tursunov,Ota,+998905462533,@ravshan751,sms,2026-02-02,800000,active,75,57,6,12,5,7,84.0,76.0,7,5,True,62,47,29,18,15,75.8,46.8,64.2,86,618,1353,735,185,8,3,7,74.6,Qoniqarli,medium
31,STU-10031,student,Malika,Xolmatova,Malika Xolmatova,female,2010-04-27,16,+998338876784,@malika_7835,201-son maktab,10,Chilonzor,4,FE-JS-004,FE-JS,3,101,208,Temur Xolmatova,Ota,+998947521424,@temur436,phone,2026-02-02,800000,active,75,62,5,8,3,5,89.3,82.7,5,3,False,65,63,55,8,2,96.9,84.6,79.5,100,1188,1913,725,76,3,2,5,88.1,A'lo,low
32,STU-10032,student,Nargiza,Jo'rayeva,Nargiza Jo'rayeva,female,2008-05-26,18,+998913714742,@nargiza_5750,24-son maktab,11,Chilonzor,4,FE-JS-004,FE-JS,3,101,208,Behruz Jo'rayeva,Ota,+998773878065,@behruz248,telegram,2026-02-02,800000,active,75,68,3,4,3,1,94.7,90.7,3,1,False,69,69,66,3,0,100.0,95.7,90.4,100,2223,2678,455,7,1,1,3,94.8,A'lo,low
33,STU-10033,student,Alisher,Yusupov,Alisher Yusupov,male,2012-12-02,14,+998944408466,@alisher_1934,7-son maktab,8,Chilonzor,4,FE-JS-004,FE-JS,3,101,208,Akmal Yusupov,Ota,+998332106430,@akmal988,sms,2026-02-02,800000,active,75,73,1,1,1,0,98.7,97.3,1,0,False,69,68,64,4,1,98.6,92.8,90.4,100,866,2866,2000,130,7,0,1,95.8,A'lo,low
34,STU-10034,student,Nafisa,Ergasheva,Nafisa Ergasheva,female,2010-08-04,16,+998985306749,@nafisa_4730,7-son maktab,10,Olmazor,4,FE-JS-004,FE-JS,3,101,208,Shohruh Ergasheva,Ota,+998976354261,@shohruh444,sms,2026-02-02,800000,active,75,72,2,1,0,1,98.7,96.0,0,1,False,68,62,50,12,6,91.2,73.5,77.5,100,492,2177,1685,226,10,2,0,89.0,A'lo,low
35,STU-10035,student,Laylo,Egamberdiyeva,Laylo Egamberdiyeva,female,2010-10-24,16,+998904633513,@laylo_1589,77-son maktab,10,Mirzo Ulug'bek,4,FE-JS-004,FE-JS,3,101,208,Asadbek Egamberdiyeva,Ota,+998999701039,@asadbek891,telegram,2026-02-02,800000,active,75,62,6,7,6,1,90.7,82.7,6,1,False,68,62,49,13,6,91.2,72.1,78.0,97,899,1884,985,123,5,3,6,86.4,Yaxshi,low
36,STU-10036,student,Xasan,Umarov,Xasan Umarov,male,2010-01-01,16,+998335371724,@xasan_9570,33-son maktab,10,Shayxontohur,4,FE-JS-004,FE-JS,3,101,208,Zarina Umarova,Ona,+998884095718,@zarina606,telegram,2026-02-02,800000,active,75,25,10,40,22,18,46.7,33.3,11,29,True,52,14,7,7,38,26.9,13.5,36.1,58,415,500,90,247,11,11,11,37.0,Past,high
37,STU-10037,student,Munisa,Jo'rayeva,Munisa Jo'rayeva,female,2009-03-04,17,+998918082166,@munisa_512,101-son maktab,11,Yashnobod,4,FE-JS-004,FE-JS,3,101,208,Elyor Jo'rayeva,Ota,+998986966264,@elyor197,sms,2026-02-02,800000,active,75,45,10,20,6,14,73.3,60.0,5,15,True,55,36,13,23,19,65.5,23.6,47.6,75,508,878,370,219,9,6,5,62.0,Qoniqarli,medium
38,STU-10038,student,Amirbek,Xolmatov,Amirbek Xolmatov,male,2009-11-08,17,+998886424642,@amirbek_2877,153-son maktab,11,Uchtepa,4,FE-JS-004,FE-JS,3,101,208,Gulnora Xolmatova,Ona,+998986480448,@gulnora634,phone,2026-02-02,800000,active,75,41,12,22,9,13,70.7,54.7,12,10,True,58,31,17,14,27,53.4,29.3,48.5,76,402,917,515,248,12,6,12,57.7,Past,medium
39,STU-10039,student,Kamola,Jo'rayeva,Kamola Jo'rayeva,female,2011-06-15,15,+998946478810,@kamola_9977,201-son maktab,9,Olmazor,4,FE-JS-004,FE-JS,3,101,208,Nurbek Jo'rayeva,Ota,+998976058459,@nurbek872,phone,2026-02-02,800000,active,75,56,5,14,6,8,81.3,74.7,7,7,True,61,49,29,20,12,80.3,47.5,64.3,86,394,1324,930,252,13,6,7,75.0,Yaxshi,medium
40,STU-10040,student,Xurshid,Umarov,Xurshid Umarov,male,2010-12-04,16,+998995593946,@xurshid_3314,18-son maktab,10,Yakkasaroy,4,FE-JS-004,FE-JS,3,101,208,Shohruh Umarov,Ota,+998993532690,@shohruh251,telegram,2026-02-02,800000,active,75,60,9,6,2,4,92.0,80.0,2,4,True,67,55,33,22,12,82.1,49.3,65.5,99,895,1515,620,125,6,3,2,79.8,Yaxshi,low
41,STU-10041,student,Kamola,Ismoilova,Kamola Ismoilova,female,2009-08-02,17,+998935315327,@kamola_9991,110-son maktab,11,Chilonzor,4,FE-JS-004,FE-JS,3,101,208,Behruz Ismoilova,Ota,+998949396771,@behruz747,telegram,2026-02-02,800000,active,75,59,8,8,6,2,89.3,78.7,7,1,False,67,55,43,12,12,82.1,64.2,65.7,88,1365,1655,290,56,2,4,7,78.9,Yaxshi,low
42,STU-10042,student,Dilfuza,Qurbonova,Dilfuza Qurbonova,female,2008-10-24,18,+998888256629,@dilfuza_5228,64-son maktab,11,Yakkasaroy,4,FE-JS-004,FE-JS,3,101,208,Dilfuza Qurbonovaa,Ona,+998774835374,@dilfuza795,phone,2026-02-02,800000,active,75,50,11,14,7,7,81.3,66.7,7,7,True,62,46,25,21,16,74.2,40.3,62.7,84,1066,1181,115,94,4,4,7,72.7,Qoniqarli,medium
43,STU-10043,student,Sevara,Ashurova,Sevara Ashurova,female,2011-05-28,15,+998981178377,@sevara_6468,178-son maktab,9,Yunusobod,5,FE-JS-005,FE-JS,7,112,207,Zarina Ashurovaa,Ona,+998907867663,@zarina630,phone,2026-02-02,800000,active,75,44,9,22,9,13,70.7,58.7,5,17,True,56,31,13,18,25,55.4,23.2,51.1,74,826,891,65,136,6,7,5,59.2,Past,medium
44,STU-10044,student,Husan,Ismoilov,Husan Ismoilov,male,2011-12-26,15,+998331270221,@husan_6160,201-son maktab,9,Olmazor,5,FE-JS-005,FE-JS,7,112,207,Xasan Ismoilov,Ota,+998918663575,@xasan654,phone,2026-02-02,800000,active,75,58,5,12,6,6,84.0,77.3,9,3,False,63,52,39,13,11,82.5,61.9,68.0,93,1284,1594,310,66,4,4,9,77.9,Yaxshi,medium
45,STU-10045,student,Abror,Ismoilov,Abror Ismoilov,male,2011-07-17,15,+998918022648,@abror_6990,101-son maktab,9,Bektemir,5,FE-JS-005,FE-JS,7,112,207,Sherzod Ismoilov,Ota,+998975602950,@sherzod491,sms,2026-02-02,800000,active,75,70,3,2,1,1,97.3,93.3,2,0,False,68,68,64,4,0,100.0,94.1,90.1,100,1787,2942,1155,18,2,2,2,95.6,A'lo,low
46,STU-10046,student,Firdavs,Saidov,Firdavs Saidov,male,2009-09-08,17,+998948871175,@firdavs_9308,52-son maktab,11,Mirzo Ulug'bek,5,FE-JS-005,FE-JS,7,112,207,Gulbahor Saidova,Ona,+998933169280,@gulbahor895,telegram,2026-02-02,800000,active,75,47,7,21,15,6,72.0,62.7,7,14,True,63,33,16,17,30,52.4,25.4,48.2,87,265,945,680,284,8,4,7,57.8,Past,medium
47,STU-10047,student,Asadbek,Tolipov,Asadbek Tolipov,male,2010-09-21,16,+998994118712,@asadbek_7990,1-son maktab,10,Shayxontohur,5,FE-JS-005,FE-JS,7,112,207,Sarvar Tolipov,Ota,+998945486638,@sarvar821,sms,2026-02-02,800000,active,75,54,6,15,6,9,80.0,72.0,3,12,True,60,48,31,17,12,80.0,51.7,66.8,94,1300,1345,45,65,3,5,3,75.4,Yaxshi,medium
48,STU-10048,student,Bobur,Nematov,Bobur Nematov,male,2009-08-14,17,+998983355549,@bobur_8794,101-son maktab,11,Yakkasaroy,5,FE-JS-005,FE-JS,7,112,207,Akmal Nematov,Ota,+998977461085,@akmal158,telegram,2026-02-02,800000,active,75,48,8,19,6,13,74.7,64.0,8,11,True,57,23,10,13,34,40.4,17.5,51.3,72,252,867,615,285,9,7,8,56.2,Past,high
49,STU-10049,student,Bekzod,Ismoilov,Bekzod Ismoilov,male,2012-11-10,14,+998886812367,@bekzod_2601,45-son maktab,8,Sergeli,5,FE-JS-005,FE-JS,7,112,207,Robiya Ismoilova,Ona,+998773394654,@robiya974,phone,2026-02-02,800000,active,75,60,7,8,1,7,89.3,80.0,7,1,False,62,54,50,4,8,87.1,80.6,80.8,100,1830,1945,115,16,1,2,7,85.7,Yaxshi,low
50,STU-10050,student,Shahzoda,Ergasheva,Shahzoda Ergasheva,female,2008-11-27,18,+998912986801,@shahzoda_4433,124-son maktab,11,Yashnobod,5,FE-JS-005,FE-JS,7,112,207,Madina Ergashevaa,Ona,+998949905270,@madina180,sms,2026-02-02,800000,active,75,55,8,12,5,7,84.0,73.3,9,3,False,62,48,36,12,14,77.4,58.1,69.0,91,708,1443,735,168,7,5,9,76.8,Yaxshi,medium
51,STU-10051,student,Zarina,Yo'ldosheva,Zarina Yo'ldosheva,female,2008-01-16,18,+998988851072,@zarina_9317,178-son maktab,11,Yakkasaroy,5,FE-JS-005,FE-JS,7,112,207,Gulnora Yo'ldoshevaa,Ona,+998949358000,@gulnora268,telegram,2026-02-02,800000,active,75,62,8,5,0,5,93.3,82.7,5,0,False,65,62,53,9,3,95.4,81.5,78.9,94,1111,1886,775,86,5,2,5,88.9,A'lo,low
52,STU-10052,student,Ozoda,Qurbonova,Ozoda Qurbonova,female,2008-11-03,18,+998919566875,@ozoda_8032,178-son maktab,11,Mirzo Ulug'bek,6,FE-RCT-006,FE-RCT,13,111,207,Akmal Qurbonova,Ota,+998901769575,@akmal798,telegram,2026-02-09,950000,active,72,42,13,17,7,10,76.4,58.3,7,10,True,57,31,12,19,26,54.4,21.1,51.2,87,607,987,380,189,10,4,7,61.0,Qoniqarli,medium
53,STU-10053,student,Asadbek,Sultonov,Asadbek Sultonov,male,2009-02-28,17,+998971884499,@asadbek_4837,77-son maktab,11,Olmazor,6,FE-RCT-006,FE-RCT,13,111,207,Feruza Sultonova,Ona,+998334535383,@feruza390,sms,2026-02-09,950000,active,72,63,5,4,1,3,94.4,87.5,4,0,False,63,59,55,4,4,93.7,87.3,78.9,94,1396,1991,595,50,5,2,4,88.8,A'lo,low
54,STU-10054,student,Mohira,Ochilova,Mohira Ochilova,female,2009-09-12,17,+998911671945,@mohira_6635,233-son maktab,11,Sergeli,6,FE-RCT-006,FE-RCT,13,111,207,Elyor Ochilova,Ota,+998984226405,@elyor424,telegram,2026-02-09,950000,active,72,69,1,2,1,1,97.2,95.8,2,0,False,65,62,60,2,3,95.4,92.3,90.1,100,2367,2492,125,4,2,0,2,94.2,A'lo,low
55,STU-10055,student,Aziz,Ashurov,Aziz Ashurov,male,2009-02-01,17,+998772392562,@aziz_3581,7-son maktab,11,Yakkasaroy,6,FE-RCT-006,FE-RCT,13,111,207,Rustam Ashurov,Ota,+998772009128,@rustam907,sms,2026-02-09,950000,active,72,56,6,10,5,5,86.1,77.8,4,6,True,61,53,34,19,8,86.9,55.7,66.9,93,909,1434,525,122,7,6,4,79.6,Yaxshi,low
56,STU-10056,student,Odina,Sobirova,Odina Sobirova,female,2011-11-06,15,+998335328567,@odina_5048,33-son maktab,9,Sergeli,6,FE-RCT-006,FE-RCT,13,111,207,Asadbek Sobirova,Ota,+998907188600,@asadbek992,phone,2026-02-09,950000,active,72,39,11,22,11,11,69.4,54.2,8,14,True,56,32,9,23,24,57.1,16.1,49.0,75,813,868,55,141,8,7,8,58.6,Past,high
57,STU-10057,student,Javohir,Qurbonov,Javohir Qurbonov,male,2011-08-19,15,+998993605434,@javohir_7889,124-son maktab,9,Mirobod,6,FE-RCT-006,FE-RCT,13,111,207,Jasur Qurbonov,Ota,+998777788874,@jasur557,telegram,2026-02-09,950000,active,72,69,1,2,1,1,97.2,95.8,2,0,False,65,62,60,2,3,95.4,92.3,90.6,100,1667,2772,1105,25,3,2,2,94.3,A'lo,low
58,STU-10058,student,Sarvar,Ismoilov,Sarvar Ismoilov,male,2010-11-01,16,+998905621215,@sarvar_9422,52-son maktab,10,Uchtepa,6,FE-RCT-006,FE-RCT,13,111,207,Malika Ismoilova,Ona,+998912478731,@malika323,telegram,2026-02-09,950000,active,72,66,4,2,1,1,97.2,91.7,2,0,False,66,65,61,4,1,98.5,92.4,90.6,100,2465,2770,305,3,1,1,2,95.3,A'lo,low
59,STU-10059,student,Shahzoda,Abdullayeva,Shahzoda Abdullayeva,female,2009-12-23,17,+998901536346,@shahzoda_286,7-son maktab,11,Chilonzor,6,FE-RCT-006,FE-RCT,13,111,207,Otabek Abdullayeva,Ota,+998339356677,@otabek571,telegram,2026-02-09,950000,active,72,41,14,17,9,8,76.4,56.9,3,14,True,60,42,17,25,18,70.0,28.3,54.4,84,303,963,670,275,12,4,3,66.8,Qoniqarli,medium
60,STU-10060,student,Charos,Ergasheva,Charos Ergasheva,female,2008-05-10,18,+998933431128,@charos_2012,101-son maktab,11,Yakkasaroy,6,FE-RCT-006,FE-RCT,13,111,207,Elyor Ergasheva,Ota,+998987166727,@elyor688,sms,2026-02-09,950000,active,72,58,5,9,5,4,87.5,80.6,6,3,False,62,52,36,16,10,83.9,58.1,65.6,93,461,1531,1070,237,11,6,6,78.8,Yaxshi,low
61,STU-10061,student,Asadbek,Egamberdiyev,Asadbek Egamberdiyev,male,2008-08-09,18,+998776177410,@asadbek_9679,124-son maktab,11,Yashnobod,6,FE-RCT-006,FE-RCT,13,111,207,Nozima Egamberdiyeva,Ona,+998906570707,@nozima990,telegram,2026-02-09,950000,active,72,52,7,13,6,7,81.9,72.2,2,11,True,60,25,8,17,35,41.7,13.3,46.6,69,739,894,155,160,9,4,2,57.5,Past,high
62,STU-10062,student,Farrux,Jo'rayev,Farrux Jo'rayev,male,2008-05-23,18,+998933466234,@farrux_4586,233-son maktab,11,Yakkasaroy,6,FE-RCT-006,FE-RCT,13,111,207,Xurshid Jo'rayev,Ota,+998978088374,@xurshid261,telegram,2026-02-09,950000,active,72,66,4,2,1,1,97.2,91.7,1,1,False,65,62,53,9,3,95.4,81.5,79.8,95,1367,2072,705,54,6,1,1,90.6,A'lo,low
63,STU-10063,student,Zarina,Bekmurodova,Zarina Bekmurodova,female,2011-09-18,15,+998884465939,@zarina_4273,1-son maktab,9,Sergeli,6,FE-RCT-006,FE-RCT,13,111,207,Nafisa Bekmurodovaa,Ona,+998944926409,@nafisa416,telegram,2026-02-09,950000,active,72,49,11,12,5,7,83.3,68.1,6,6,True,59,51,36,15,8,86.4,61.0,67.2,94,1402,1437,35,48,4,3,6,78.6,Yaxshi,medium
64,STU-10064,student,Husan,Bekmurodov,Husan Bekmurodov,male,2011-04-13,15,+998942546663,@husan_3060,77-son maktab,9,Olmazor,7,FE-RCT-007,FE-RCT,5,112,202,Yulduz Bekmurodova,Ona,+998889492101,@yulduz703,phone,2026-02-09,950000,active,73,62,5,6,2,4,91.8,84.9,3,3,False,65,59,50,9,6,90.8,76.9,77.7,97,1180,1770,590,79,5,1,3,86.6,Yaxshi,low
65,STU-10065,student,Sherzod,Ashurov,Sherzod Ashurov,male,2010-04-02,16,+998771509335,@sherzod_5751,64-son maktab,10,Mirobod,7,FE-RCT-007,FE-RCT,5,112,202,Ozoda Ashurova,Ona,+998988775129,@ozoda906,telegram,2026-02-09,950000,active,73,69,2,2,2,0,97.3,94.5,2,0,False,67,66,64,2,1,98.5,95.5,90.3,100,1542,2672,1130,30,4,2,2,95.2,A'lo,low
66,STU-10066,student,Shohruh,Yusupov,Shohruh Yusupov,male,2010-10-16,16,+998906684845,@shohruh_3393,33-son maktab,10,Sergeli,7,FE-RCT-007,FE-RCT,5,112,202,Muhammadali Yusupov,Ota,+998992629197,@muhammadali557,phone,2026-02-09,950000,active,73,60,8,5,2,3,93.2,82.2,5,0,False,64,53,49,4,11,82.8,76.6,80.0,100,641,1756,1115,179,8,1,5,85.5,Yaxshi,low
67,STU-10067,student,Aziz,Yusupov,Aziz Yusupov,male,2009-12-15,17,+998774912579,@aziz_1571,201-son maktab,11,Sergeli,7,FE-RCT-007,FE-RCT,5,112,202,Dilfuza Yusupova,Ona,+998777667209,@dilfuza222,telegram,2026-02-09,950000,active,73,62,7,4,2,2,94.5,84.9,4,0,False,65,59,50,9,6,90.8,76.9,78.7,98,632,1842,1210,181,9,3,4,87.9,Yaxshi,low
68,STU-10068,student,Temur,Jalilov,Temur Jalilov,male,2010-12-08,16,+998905326898,@temur_8510,178-son maktab,10,Chilonzor,7,FE-RCT-007,FE-RCT,5,112,202,Sardor Jalilov,Ota,+998981994499,@sardor666,telegram,2026-02-09,950000,active,73,36,12,25,6,19,65.8,49.3,9,16,True,48,32,21,11,16,66.7,43.8,49.8,73,562,852,295,201,11,6,9,60.5,Qoniqarli,high
69,STU-10069,student,Xurshid,Karimov,Xurshid Karimov,male,2010-11-24,16,+998917291173,@xurshid_7985,110-son maktab,10,Mirzo Ulug'bek,7,FE-RCT-007,FE-RCT,5,112,202,Muslima Karimova,Ona,+998918897461,@muslima431,telegram,2026-02-09,950000,active,73,65,6,2,0,2,97.3,89.0,2,0,False,65,60,47,13,5,92.3,72.3,76.9,97,1903,1913,10,14,2,1,2,88.7,A'lo,low
70,STU-10070,student,Ulug'bek,Karimov,Ulug'bek Karimov,male,2008-12-07,18,+998917460555,@ulugbek_456,12-son maktab,11,Uchtepa,7,FE-RCT-007,FE-RCT,5,112,202,Temur Karimov,Ota,+998917259502,@temur867,phone,2026-02-09,950000,active,73,63,4,6,3,3,91.8,86.3,4,2,False,66,52,40,12,14,78.8,60.6,67.6,86,784,1669,885,148,7,3,4,79.4,Yaxshi,low
71,STU-10071,student,Feruza,Jo'rayeva,Feruza Jo'rayeva,female,2008-02-21,18,+998938364711,@feruza_2547,64-son maktab,11,Sergeli,7,FE-RCT-007,FE-RCT,5,112,202,Gulnora Jo'rayevaa,Ona,+998941951711,@gulnora284,sms,2026-02-09,950000,active,73,54,8,11,6,5,84.9,74.0,6,5,True,63,49,36,13,14,77.8,57.1,66.2,94,536,1421,885,207,12,4,6,76.2,Yaxshi,medium
72,STU-10072,student,Ulug'bek,Rahimov,Ulug'bek Rahimov,male,2009-10-27,17,+998882915424,@ulugbek_2612,201-son maktab,11,Chilonzor,7,FE-RCT-007,FE-RCT,5,112,202,Feruza Rahimova,Ona,+998979237729,@feruza211,telegram,2026-02-09,950000,active,73,65,4,4,1,3,94.5,89.0,3,1,False,64,56,48,8,8,87.5,75.0,77.5,93,1632,1847,215,27,3,2,3,86.4,Yaxshi,low
73,STU-10073,student,Nafisa,Ismoilova,Nafisa Ismoilova,female,2008-05-04,18,+998917545551,@nafisa_4841,124-son maktab,11,Mirzo Ulug'bek,7,FE-RCT-007,FE-RCT,5,112,202,Laylo Ismoilovaa,Ona,+998988248755,@laylo367,phone,2026-02-09,950000,active,73,40,12,21,7,14,71.2,54.8,6,15,True,55,33,13,20,22,60.0,23.6,50.3,77,618,883,270,186,10,10,6,60.5,Qoniqarli,medium
74,STU-10074,student,Anvar,Mirzayev,Anvar Mirzayev,male,2011-08-26,15,+998991680280,@anvar_6800,45-son maktab,9,Shayxontohur,7,FE-RCT-007,FE-RCT,5,112,202,Rayhona Mirzayeva,Ona,+998881032263,@rayhona908,telegram,2026-02-09,950000,active,73,66,2,5,1,4,93.2,90.4,4,1,False,63,60,50,10,3,95.2,79.4,80.4,99,164,2064,1900,292,15,3,4,89.3,A'lo,low
75,STU-10075,student,Alisher,Sobirov,Alisher Sobirov,male,2010-12-06,16,+998934224243,@alisher_9650,77-son maktab,10,Yashnobod,7,FE-RCT-007,FE-RCT,5,112,202,Otabek Sobirov,Ota,+998779312780,@otabek879,telegram,2026-02-09,950000,active,73,67,2,4,2,2,94.5,91.8,3,1,False,65,63,54,9,2,96.9,83.1,80.5,96,1928,2058,130,11,1,3,3,90.3,A'lo,low
76,STU-10076,student,Xasan,Hamidov,Xasan Hamidov,male,2011-09-26,15,+998883236099,@xasan_4462,52-son maktab,9,Mirzo Ulug'bek,7,FE-RCT-007,FE-RCT,5,112,202,Feruza Hamidova,Ona,+998882515485,@feruza115,sms,2026-02-09,950000,active,73,46,13,14,6,8,80.8,63.0,7,7,True,60,33,16,17,27,55.0,26.7,50.2,70,502,942,440,222,13,8,7,62.4,Qoniqarli,medium
77,STU-10077,student,Akmal,Yusupov,Akmal Yusupov,male,2010-12-12,16,+998987398647,@akmal_9542,7-son maktab,10,Shayxontohur,7,FE-RCT-007,FE-RCT,5,112,202,Sherzod Yusupov,Ota,+998332196916,@sherzod223,telegram,2026-02-09,950000,active,73,56,4,13,5,8,82.2,76.7,5,8,True,59,49,32,17,10,83.1,54.2,64.9,91,238,1448,1220,288,14,5,5,76.4,Yaxshi,medium
78,STU-10078,student,Aziza,Yo'ldosheva,Aziza Yo'ldosheva,female,2008-09-01,18,+998975201989,@aziza_9199,1-son maktab,11,Chilonzor,7,FE-RCT-007,FE-RCT,5,112,202,Javohir Yo'ldosheva,Ota,+998914753046,@javohir733,phone,2026-02-09,950000,active,73,65,6,2,1,1,97.3,89.0,2,0,False,66,64,58,6,2,97.0,87.9,77.3,98,1149,2094,945,84,6,2,2,90.2,A'lo,low
79,STU-10079,student,Aziza,Umarova,Aziza Umarova,female,2012-01-27,14,+998905580399,@aziza_2116,153-son maktab,8,Uchtepa,8,PY-BAS-008,PY-BAS,13,109,201,Rayhona Umarovaa,Ona,+998882725781,@rayhona459,telegram,2026-02-16,700000,active,70,52,7,11,1,10,84.3,74.3,4,7,True,56,42,29,13,14,75.0,51.8,65.4,81,1207,1257,50,73,3,5,4,74.9,Qoniqarli,medium
80,STU-10080,student,Diyor,Qodirov,Diyor Qodirov,male,2014-02-13,12,+998931310526,@diyor_6469,124-son maktab,6,Bektemir,8,PY-BAS-008,PY-BAS,13,109,201,Husan Qodirov,Ota,+998943469950,@husan784,sms,2026-02-16,700000,active,70,57,7,6,4,2,91.4,81.4,5,1,False,63,56,39,17,7,88.9,61.9,65.9,89,1535,1545,10,32,1,2,5,81.7,Yaxshi,low
81,STU-10081,student,Rayhona,Yusupova,Rayhona Yusupova,female,2011-01-25,15,+998776379273,@rayhona_6663,233-son maktab,9,Chilonzor,8,PY-BAS-008,PY-BAS,13,109,201,Feruza Yusupovaa,Ona,+998946621752,@feruza832,sms,2026-02-16,700000,active,70,42,13,15,10,5,78.6,60.0,3,12,True,60,30,15,15,30,50.0,25.0,51.3,84,359,834,475,262,8,6,3,60.5,Qoniqarli,medium
82,STU-10082,student,Ulug'bek,Bekmurodov,Ulug'bek Bekmurodov,male,2013-07-22,13,+998331349434,@ulugbek_3794,24-son maktab,7,Sergeli,8,PY-BAS-008,PY-BAS,13,109,201,Akmal Bekmurodov,Ota,+998334145657,@akmal170,telegram,2026-02-16,700000,active,70,60,6,4,2,2,94.3,85.7,2,2,False,63,56,51,5,7,88.9,81.0,79.3,96,938,1778,840,113,5,3,2,87.4,Yaxshi,low
83,STU-10083,student,Laylo,Tolipova,Laylo Tolipova,female,2009-01-26,17,+998973041780,@laylo_8624,1-son maktab,11,Sergeli,8,PY-BAS-008,PY-BAS,13,109,201,Sardor Tolipova,Ota,+998775587446,@sardor743,telegram,2026-02-16,700000,active,70,54,7,9,4,5,87.1,77.1,3,6,True,60,48,33,15,12,80.0,55.0,66.7,90,532,1337,805,208,7,6,3,77.8,Yaxshi,low
84,STU-10084,student,Sardor,Norqulov,Sardor Norqulov,male,2014-05-12,12,+998333489861,@sardor_7308,18-son maktab,6,Mirobod,8,PY-BAS-008,PY-BAS,13,109,201,Jasur Norqulov,Ota,+998779619779,@jasur374,telegram,2026-02-16,700000,active,70,53,6,11,4,7,84.3,75.7,3,8,True,60,46,32,14,14,76.7,53.3,67.5,98,815,1350,535,139,6,6,3,76.1,Yaxshi,medium
85,STU-10085,student,Anvar,Hamidov,Anvar Hamidov,male,2010-05-09,16,+998988732340,@anvar_9078,77-son maktab,10,Bektemir,8,PY-BAS-008,PY-BAS,13,109,201,Otabek Hamidov,Ota,+998884718100,@otabek765,sms,2026-02-16,700000,active,70,60,7,3,2,1,95.7,85.7,2,1,False,64,57,49,8,7,89.1,76.6,79.1,94,334,1839,1505,266,9,3,2,87.9,Yaxshi,low
86,STU-10086,student,Bobur,Rahimov,Bobur Rahimov,male,2013-06-08,13,+998946435021,@bobur_9220,89-son maktab,7,Uchtepa,8,PY-BAS-008,PY-BAS,13,109,201,Nurbek Rahimov,Ota,+998777651400,@nurbek112,telegram,2026-02-16,700000,active,70,67,2,1,1,0,98.6,95.7,1,0,False,65,56,52,4,9,86.2,80.0,79.9,97,941,2121,1180,111,4,2,1,88.3,A'lo,low
87,STU-10087,student,Sanjar,Norqulov,Sanjar Norqulov,male,2014-01-06,12,+998919739741,@sanjar_3789,24-son maktab,6,Sergeli,8,PY-BAS-008,PY-BAS,13,109,201,Sherzod Norqulov,Ota,+998909673746,@sherzod497,sms,2026-02-16,700000,active,70,62,4,4,3,1,94.3,88.6,3,1,False,64,62,55,7,2,96.9,85.9,80.5,100,1366,2051,685,55,2,3,3,90.2,A'lo,low
88,STU-10088,student,Gulnora,Umarova,Gulnora Umarova,female,2010-10-28,16,+998911072541,@gulnora_6824,233-son maktab,10,Bektemir,9,PY-BAS-009,PY-BAS,11,105,204,Yulduz Umarovaa,Ona,+998885507746,@yulduz903,phone,2026-02-09,700000,active,73,60,6,7,4,3,90.4,82.2,6,1,False,64,61,48,13,3,95.3,75.0,77.6,96,1690,1905,215,23,2,2,6,87.4,Yaxshi,low
89,STU-10089,student,Behruz,Mirzayev,Behruz Mirzayev,male,2011-05-28,15,+998999826855,@behruz_9198,110-son maktab,9,Yakkasaroy,9,PY-BAS-009,PY-BAS,11,105,204,Farrux Mirzayev,Ota,+998885832895,@farrux840,telegram,2026-02-09,700000,active,73,62,7,4,3,1,94.5,84.9,3,1,False,66,58,51,7,8,87.9,77.3,79.3,96,462,1867,1405,236,12,2,3,87.2,Yaxshi,low
90,STU-10090,student,Elyor,Rustamov,Elyor Rustamov,male,2011-05-06,15,+998986433585,@elyor_4075,89-son maktab,9,Yashnobod,9,PY-BAS-009,PY-BAS,11,105,204,Nafisa Rustamova,Ona,+998997324994,@nafisa695,phone,2026-02-09,700000,active,73,72,1,0,0,0,100.0,98.6,0,0,False,67,66,64,2,1,98.5,95.5,91.2,100,1429,2859,1430,44,5,1,0,96.5,A'lo,low
91,STU-10091,student,Malika,Rahimova,Malika Rahimova,female,2014-05-19,12,+998981683032,@malika_9843,101-son maktab,6,Uchtepa,9,PY-BAS-009,PY-BAS,11,105,204,Nozima Rahimovaa,Ona,+998338334323,@nozima629,sms,2026-02-09,700000,active,73,67,2,4,2,2,94.5,91.8,3,1,False,65,62,52,10,3,95.4,80.0,78.6,97,967,2097,1130,106,8,2,3,89.2,A'lo,low
92,STU-10092,student,Charos,Toshmatova,Charos Toshmatova,female,2010-04-04,16,+998886759277,@charos_8785,12-son maktab,10,Mirzo Ulug'bek,9,PY-BAS-009,PY-BAS,11,105,204,Ozoda Toshmatovaa,Ona,+998333587389,@ozoda292,sms,2026-02-09,700000,active,73,62,6,5,3,2,93.2,84.9,2,3,False,65,56,32,24,9,86.2,49.2,64.8,89,1631,1641,10,28,3,2,2,81.2,Yaxshi,low
93,STU-10093,student,Akmal,Toshmatov,Akmal Toshmatov,male,2012-09-06,14,+998334486208,@akmal_8372,45-son maktab,8,Sergeli,9,PY-BAS-009,PY-BAS,11,105,204,Anvar Toshmatov,Ota,+998338061314,@anvar746,phone,2026-02-09,700000,active,73,58,5,10,3,7,86.3,79.5,8,2,False,61,53,39,14,8,86.9,63.9,66.4,90,1338,1623,285,60,6,2,8,79.5,Yaxshi,low
94,STU-10094,student,Shohruh,Bekmurodov,Shohruh Bekmurodov,male,2010-11-21,16,+998992652508,@shohruh_9704,1-son maktab,10,Yakkasaroy,9,PY-BAS-009,PY-BAS,11,105,204,Asadbek Bekmurodov,Ota,+998906146250,@asadbek827,telegram,2026-02-09,700000,active,73,47,11,15,9,6,79.5,64.4,6,9,True,61,32,17,15,29,52.5,27.9,52.9,73,805,955,150,144,10,4,6,62.1,Qoniqarli,medium
95,STU-10095,student,Nodir,Yo'ldoshev,Nodir Yo'ldoshev,male,2010-10-09,16,+998332789225,@nodir_575,18-son maktab,10,Yunusobod,9,PY-BAS-009,PY-BAS,11,105,204,Rustam Yo'ldoshev,Ota,+998773038454,@rustam248,phone,2026-02-09,700000,active,73,50,10,13,6,7,82.2,68.5,6,7,True,61,46,24,22,15,75.4,39.3,63.3,83,896,1261,365,124,9,4,6,73.5,Qoniqarli,medium
96,STU-10096,student,Xasan,Yo'ldoshev,Xasan Yo'ldoshev,male,2011-10-14,15,+998972668590,@xasan_9639,12-son maktab,9,Olmazor,9,PY-BAS-009,PY-BAS,11,105,204,Bekzod Yo'ldoshev,Ota,+998934997388,@bekzod462,telegram,2026-02-09,700000,active,73,59,11,3,2,1,95.9,80.8,3,0,False,66,61,52,9,5,92.4,78.8,78.2,93,390,1865,1475,253,13,3,3,88.7,A'lo,low
97,STU-10097,student,Farrux,Rahimov,Farrux Rahimov,male,2014-04-13,12,+998773911370,@farrux_5257,1-son maktab,6,Uchtepa,9,PY-BAS-009,PY-BAS,11,105,204,Umar Rahimov,Ota,+998774997885,@umar355,phone,2026-02-09,700000,active,73,69,1,3,2,1,95.9,94.5,3,0,False,66,66,62,4,0,100.0,93.9,90.7,100,1526,2931,1405,34,4,1,3,95.3,A'lo,low
98,STU-10098,student,Muhammadali,Yo'ldoshev,Muhammadali Yo'ldoshev,male,2014-04-22,12,+998942467430,@muhammadali_2942,33-son maktab,6,Olmazor,9,PY-BAS-009,PY-BAS,11,105,204,Charos Yo'ldosheva,Ona,+998996186808,@charos508,sms,2026-02-09,700000,active,73,66,2,5,2,3,93.2,90.4,3,2,False,64,61,57,4,3,95.3,89.1,89.3,100,1924,2589,665,12,1,1,3,92.5,A'lo,low
99,STU-10099,student,Bekzod,Norqulov,Bekzod Norqulov,male,2011-09-12,15,+998996892956,@bekzod_9174,52-son maktab,9,Sergeli,9,PY-BAS-009,PY-BAS,11,105,204,Ravshan Norqulov,Ota,+998987764507,@ravshan766,telegram,2026-02-09,700000,active,73,28,15,30,12,18,58.9,38.4,9,21,True,50,19,6,13,31,38.0,12.0,40.1,71,570,650,90,199,11,11,9,46.0,Past,high
100,STU-10100,student,Anvar,Bekmurodov,Anvar Bekmurodov,male,2013-07-02,13,+998973144034,@anvar_9192,153-son maktab,7,Uchtepa,9,PY-BAS-009,PY-BAS,11,105,204,Charos Bekmurodova,Ona,+998983615457,@charos347,phone,2026-02-09,700000,active,73,68,1,4,1,3,94.5,93.2,3,1,False,65,63,59,4,2,96.9,90.8,90.8,100,1185,2750,1565,78,7,2,3,93.9,A'lo,low
101,STU-10101,student,Sherzod,Ismoilov,Sherzod Ismoilov,male,2009-07-13,17,+998978387792,@sherzod_9726,101-son maktab,11,Mirobod,10,PY-BAS-010,PY-BAS,4,112,207,Bobur Ismoilov,Ota,+998334430026,@bobur332,sms,2026-02-09,700000,active,72,53,11,8,4,4,88.9,73.6,6,2,False,62,49,34,15,13,79.0,54.8,65.9,94,826,1426,600,137,8,6,6,77.9,Yaxshi,low
102,STU-10102,student,Nurbek,Ismoilov,Nurbek Ismoilov,male,2013-02-22,13,+998992443460,@nurbek_3000,52-son maktab,7,Olmazor,10,PY-BAS-010,PY-BAS,4,112,207,Husan Ismoilov,Ota,+998991481788,@husan773,phone,2026-02-09,700000,active,72,59,4,9,4,5,87.5,81.9,8,1,False,63,54,44,10,9,85.7,69.8,79.4,98,1447,1772,325,43,3,1,8,84.1,Yaxshi,low
103,STU-10103,student,Shohruh,Toshmatov,Shohruh Toshmatov,male,2010-06-26,16,+998995737282,@shohruh_5931,110-son maktab,10,Uchtepa,10,PY-BAS-010,PY-BAS,4,112,207,Madina Toshmatova,Ona,+998972475390,@madina331,telegram,2026-02-09,700000,active,72,66,1,5,1,4,93.1,91.7,5,0,False,62,61,57,4,1,98.4,91.9,91.6,100,2014,2734,720,8,2,1,5,94.2,A'lo,low
104,STU-10104,student,Odina,Sultonova,Odina Sultonova,female,2012-03-01,14,+998996907484,@odina_1700,33-son maktab,8,Shayxontohur,10,PY-BAS-010,PY-BAS,4,112,207,Charos Sultonovaa,Ona,+998991423852,@charos774,sms,2026-02-09,700000,active,72,57,11,4,0,4,94.4,79.2,3,1,False,62,57,47,10,5,91.9,75.8,78.6,95,1305,1785,480,64,5,1,3,88.1,A'lo,low
105,STU-10105,student,Firdavs,Yusupov,Firdavs Yusupov,male,2011-01-20,15,+998934819416,@firdavs_9441,178-son maktab,9,Mirobod,10,PY-BAS-010,PY-BAS,4,112,207,Amirbek Yusupov,Ota,+998973620419,@amirbek489,telegram,2026-02-09,700000,active,72,57,4,11,3,8,84.7,79.2,6,5,True,59,51,34,17,8,86.4,57.6,67.4,96,287,1477,1190,279,11,4,6,79.2,Yaxshi,medium
106,STU-10106,student,Amirbek,Bekmurodov,Amirbek Bekmurodov,male,2014-02-27,12,+998982445136,@amirbek_6935,110-son maktab,6,Bektemir,10,PY-BAS-010,PY-BAS,4,112,207,Nilufar Bekmurodova,Ona,+998942865413,@nilufar138,telegram,2026-02-09,700000,active,72,64,4,4,1,3,94.4,88.9,4,0,False,64,60,48,12,4,93.8,75.0,77.1,97,1186,1961,775,77,6,1,4,88.2,A'lo,low
107,STU-10107,student,Kamola,Ergasheva,Kamola Ergasheva,female,2012-07-15,14,+998333141521,@kamola_8120,45-son maktab,8,Chilonzor,10,PY-BAS-010,PY-BAS,4,112,207,Munisa Ergashevaa,Ona,+998331911012,@munisa792,phone,2026-02-09,700000,active,72,62,5,5,2,3,93.1,86.1,3,2,False,63,58,49,9,5,92.1,77.8,78.9,96,720,1930,1215,165,10,1,3,87.8,Yaxshi,low
108,STU-10108,student,Yulduz,Tursunova,Yulduz Tursunova,female,2013-09-06,13,+998914379114,@yulduz_5188,24-son maktab,7,Mirzo Ulug'bek,10,PY-BAS-010,PY-BAS,4,112,207,Husan Tursunova,Ota,+998941996283,@husan272,telegram,2026-02-09,700000,active,72,59,5,8,3,5,88.9,81.9,7,1,False,62,58,48,10,4,93.5,77.4,78.1,97,1429,1704,275,45,4,3,7,86.5,Yaxshi,low
109,STU-10109,student,Zarina,Egamberdiyeva,Zarina Egamberdiyeva,female,2013-12-08,13,+998935039467,@zarina_5565,18-son maktab,7,Mirobod,10,PY-BAS-010,PY-BAS,4,112,207,Nurbek Egamberdiyeva,Ota,+998936896537,@nurbek814,telegram,2026-02-09,700000,active,72,68,1,3,1,2,95.8,94.4,2,1,False,64,63,62,1,1,98.4,96.9,90.6,100,945,2775,1830,110,7,0,2,94.8,A'lo,low
110,STU-10110,student,Temur,Mirzayev,Temur Mirzayev,male,2010-08-27,16,+998902012200,@temur_4701,77-son maktab,10,Yashnobod,10,PY-BAS-010,PY-BAS,4,112,207,Yulduz Mirzayeva,Ona,+998915854322,@yulduz112,telegram,2026-02-09,700000,active,72,54,13,5,4,1,93.1,75.0,3,2,False,65,50,32,18,15,76.9,49.2,65.2,87,774,1399,625,150,9,3,3,78.5,Yaxshi,low
111,STU-10111,student,Bobur,Shodmonov,Bobur Shodmonov,male,2014-03-11,12,+998889145755,@bobur_1475,89-son maktab,6,Bektemir,10,PY-BAS-010,PY-BAS,4,112,207,Gulbahor Shodmonova,Ona,+998973820171,@gulbahor670,telegram,2026-02-09,700000,active,72,71,0,1,0,1,98.6,98.6,1,0,False,65,64,58,6,1,98.5,89.2,89.6,100,2551,2716,165,2,1,1,1,95.4,A'lo,low
112,STU-10112,student,Elyor,Qurbonov,Elyor Qurbonov,male,2011-04-26,15,+998913326202,@elyor_553,1-son maktab,9,Sergeli,11,PY-BAS-011,PY-BAS,12,103,201,Malika Qurbonova,Ona,+998915797832,@malika742,telegram,2026-02-02,700000,active,75,52,13,10,4,6,86.7,69.3,5,5,True,63,49,36,13,14,77.8,57.1,65.7,89,1076,1356,280,90,4,3,5,76.7,Yaxshi,low
113,STU-10113,student,Nozima,Jalilova,Nozima Jalilova,female,2013-11-17,13,+998986371319,@nozima_3872,101-son maktab,7,Mirzo Ulug'bek,11,PY-BAS-011,PY-BAS,12,103,201,Shohruh Jalilova,Ota,+998776480671,@shohruh488,phone,2026-02-02,700000,active,75,57,8,10,4,6,86.7,76.0,5,5,True,63,50,36,14,13,79.4,57.1,67.2,97,285,1475,1190,280,12,4,5,77.7,Yaxshi,low
114,STU-10114,student,Akmal,Tursunov,Akmal Tursunov,male,2013-01-02,13,+998972346082,@akmal_2424,52-son maktab,7,Mirzo Ulug'bek,11,PY-BAS-011,PY-BAS,12,103,201,Behruz Tursunov,Ota,+998949294317,@behruz533,sms,2026-02-02,700000,active,75,58,7,10,4,6,86.7,77.3,4,6,True,63,49,32,17,14,77.8,50.8,64.7,96,881,1561,680,127,7,5,4,76.3,Yaxshi,low
115,STU-10115,student,Behruz,Ergashev,Behruz Ergashev,male,2014-08-16,12,+998911927750,@behruz_8531,124-son maktab,6,Olmazor,11,PY-BAS-011,PY-BAS,12,103,201,Sanjar Ergashev,Ota,+998901537227,@sanjar961,sms,2026-02-02,700000,active,75,70,1,4,1,3,94.7,93.3,4,0,False,66,64,63,1,2,97.0,95.5,91.1,100,2244,2889,645,6,1,0,4,94.1,A'lo,low
116,STU-10116,student,Bekzod,Sobirov,Bekzod Sobirov,male,2009-03-13,17,+998336430695,@bekzod_8566,153-son maktab,11,Sergeli,11,PY-BAS-011,PY-BAS,12,103,201,Malika Sobirova,Ona,+998776840190,@malika681,phone,2026-02-02,700000,active,75,54,6,15,7,8,80.0,72.0,4,11,True,61,51,37,14,10,83.6,60.7,64.6,88,1248,1408,160,68,3,2,4,75.7,Yaxshi,medium
117,STU-10117,student,Odina,Mirzayeva,Odina Mirzayeva,female,2011-10-20,15,+998883295998,@odina_5003,89-son maktab,9,Mirobod,11,PY-BAS-011,PY-BAS,12,103,201,Aziz Mirzayeva,Ota,+998775983482,@aziz678,sms,2026-02-02,700000,active,75,37,11,27,12,15,64.0,49.3,6,21,True,55,16,5,11,39,29.1,9.1,32.0,57,560,715,155,202,9,5,6,42.3,Past,high
118,STU-10118,student,Malika,Umarova,Malika Umarova,female,2013-11-24,13,+998948404924,@malika_6593,64-son maktab,7,Yunusobod,11,PY-BAS-011,PY-BAS,12,103,201,Munisa Umarovaa,Ona,+998937241290,@munisa668,sms,2026-02-02,700000,active,75,64,4,7,4,3,90.7,85.3,5,2,False,66,57,50,7,9,86.4,75.8,78.7,99,761,1916,1155,156,8,3,5,85.2,Yaxshi,low
119,STU-10119,student,Rustam,Qodirov,Rustam Qodirov,male,2013-05-21,13,+998772896124,@rustam_8508,12-son maktab,7,Sergeli,11,PY-BAS-011,PY-BAS,12,103,201,Rustam Qodirov,Ota,+998884808263,@rustam667,sms,2026-02-02,700000,active,75,61,8,6,0,6,92.0,81.3,5,1,False,63,56,47,9,7,88.9,74.6,80.1,97,438,1878,1440,243,10,3,5,86.9,Yaxshi,low
120,STU-10120,student,Nafisa,Shodmonova,Nafisa Shodmonova,female,2013-09-18,13,+998948970998,@nafisa_1625,24-son maktab,7,Olmazor,11,PY-BAS-011,PY-BAS,12,103,201,Nurbek Shodmonova,Ota,+998887576043,@nurbek657,phone,2026-02-02,700000,active,75,27,7,41,25,16,45.3,36.0,6,35,True,54,8,5,3,46,14.8,9.3,34.6,50,374,454,80,259,11,10,6,32.4,Past,high
121,STU-10121,student,Nilufar,Ashurova,Nilufar Ashurova,female,2013-01-12,13,+998914382274,@nilufar_9323,18-son maktab,7,Olmazor,11,PY-BAS-011,PY-BAS,12,103,201,Bekzod Ashurova,Ota,+998886031990,@bekzod223,phone,2026-02-02,700000,active,75,62,7,6,2,4,92.0,82.7,4,2,False,66,64,57,7,2,97.0,86.4,79.2,97,947,2167,1220,109,6,3,4,89.0,A'lo,low
122,STU-10122,student,Ravshan,Karimov,Ravshan Karimov,male,2012-02-08,14,+998336492224,@ravshan_9980,18-son maktab,8,Chilonzor,11,PY-BAS-011,PY-BAS,12,103,201,Rayhona Karimova,Ona,+998881729872,@rayhona936,telegram,2026-02-02,700000,active,75,73,1,1,0,1,98.7,97.3,1,0,False,68,64,61,3,4,94.1,89.7,90.6,100,1410,2735,1325,47,2,1,1,94.5,A'lo,low
123,STU-10123,student,Charos,Alimova,Charos Alimova,female,2012-06-07,14,+998974108294,@charos_2561,233-son maktab,8,Shayxontohur,11,PY-BAS-011,PY-BAS,12,103,201,Malika Alimovaa,Ona,+998911351594,@malika599,telegram,2026-02-02,700000,active,75,70,2,3,3,0,96.0,93.3,3,0,False,69,67,62,5,2,97.1,89.9,90.1,100,974,2824,1850,105,5,1,3,94.3,A'lo,low
124,STU-10124,student,Muslima,Tursunova,Muslima Tursunova,female,2014-08-01,12,+998902251645,@muslima_3086,110-son maktab,6,Uchtepa,12,SC-KID-012,SC-KID,8,102,209,Ravshan Tursunova,Ota,+998889418385,@ravshan595,telegram,2026-02-09,450000,active,45,24,4,17,5,12,62.2,53.3,1,16,True,30,17,7,10,13,56.7,23.3,48.1,74,416,471,60,246,10,10,1,55.6,Past,high
125,STU-10125,student,Munisa,Shodmonova,Munisa Shodmonova,female,2013-04-28,13,+998904546370,@munisa_2880,101-son maktab,7,Uchtepa,12,SC-KID-012,SC-KID,8,102,209,Akmal Shodmonova,Ota,+998334629152,@akmal418,phone,2026-02-09,450000,active,45,29,6,10,2,8,77.8,64.4,5,5,True,35,30,24,6,5,85.7,68.6,67.9,88,395,885,490,250,11,2,5,76.7,Yaxshi,medium
126,STU-10126,student,Abror,Rustamov,Abror Rustamov,male,2014-06-01,12,+998771761375,@abror_2489,24-son maktab,6,Shayxontohur,12,SC-KID-012,SC-KID,8,102,209,Muslima Rustamova,Ona,+998984802002,@muslima121,phone,2026-02-09,450000,active,45,39,2,4,2,2,91.1,86.7,2,2,False,40,37,34,3,3,92.5,85.0,79.1,96,1013,1273,260,98,2,1,2,87.3,Yaxshi,low
127,STU-10127,student,Doniyor,Tursunov,Doniyor Tursunov,male,2014-10-19,12,+998974993611,@doniyor_2412,12-son maktab,6,Shayxontohur,12,SC-KID-012,SC-KID,8,102,209,Sardor Tursunov,Ota,+998948151321,@sardor748,telegram,2026-02-09,450000,active,45,40,3,2,0,2,95.6,88.9,1,1,False,40,37,34,3,3,92.5,85.0,81.2,95,339,1249,910,264,13,1,1,89.6,A'lo,low
128,STU-10128,student,Feruza,Jalilova,Feruza Jalilova,female,2015-06-28,11,+998944939536,@feruza_5821,24-son maktab,5,Mirzo Ulug'bek,12,SC-KID-012,SC-KID,8,102,209,Feruza Jalilovaa,Ona,+998986422395,@feruza901,sms,2026-02-09,450000,active,45,27,3,15,11,4,66.7,60.0,9,6,True,39,28,18,10,11,71.8,46.2,67.9,85,687,827,140,171,6,4,9,68.7,Qoniqarli,high
129,STU-10129,student,Abror,Ashurov,Abror Ashurov,male,2013-07-19,13,+998776712091,@abror_1304,45-son maktab,7,Bektemir,12,SC-KID-012,SC-KID,8,102,209,Shahzoda Ashurova,Ona,+998936058154,@shahzoda837,telegram,2026-02-09,450000,active,45,40,4,1,1,0,97.8,88.9,0,1,False,42,36,34,2,6,85.7,81.0,81.1,94,501,1251,750,223,8,1,0,88.3,A'lo,low
130,STU-10130,student,Muslima,Sobirova,Muslima Sobirova,female,2014-10-12,12,+998971387083,@muslima_2796,64-son maktab,6,Yashnobod,12,SC-KID-012,SC-KID,8,102,209,Ozoda Sobirovaa,Ona,+998919128826,@ozoda426,phone,2026-02-09,450000,active,45,40,3,2,1,1,95.6,88.9,1,1,False,41,36,32,4,5,87.8,78.0,79.7,91,930,1215,285,114,4,2,1,87.7,Yaxshi,low
131,STU-10131,student,Madina,Abdullayeva,Madina Abdullayeva,female,2013-08-07,13,+998771815390,@madina_1399,12-son maktab,7,Bektemir,12,SC-KID-012,SC-KID,8,102,209,Dilfuza Abdullayevaa,Ona,+998945055651,@dilfuza851,telegram,2026-02-09,450000,active,45,24,6,15,6,9,66.7,53.3,3,12,True,33,7,1,6,26,21.2,3.0,29.1,45,329,374,45,267,14,9,3,39.9,Past,high
132,STU-10132,student,Alisher,Karimov,Alisher Karimov,male,2015-05-18,11,+998996666921,@alisher_2959,7-son maktab,5,Sergeli,12,SC-KID-012,SC-KID,8,102,209,Xurshid Karimov,Ota,+998946394677,@xurshid434,telegram,2026-02-09,450000,active,45,37,3,5,4,1,88.9,82.2,4,1,False,41,30,24,6,11,73.2,58.5,70.5,100,814,1019,205,140,5,4,4,77.8,Yaxshi,low
133,STU-10133,student,Zilola,Ochilova,Zilola Ochilova,female,2013-10-13,13,+998776522491,@zilola_2667,12-son maktab,7,Chilonzor,12,SC-KID-012,SC-KID,8,102,209,Gulbahor Ochilovaa,Ona,+998906316560,@gulbahor677,telegram,2026-02-09,450000,active,45,44,1,0,0,0,100.0,97.8,0,0,False,42,40,39,1,2,95.2,92.9,90.5,100,1704,1704,0,19,1,0,0,95.2,A'lo,low
134,STU-10134,student,Ulug'bek,Ergashev,Ulug'bek Ergashev,male,2014-06-14,12,+998881530718,@ulugbek_5166,233-son maktab,6,Uchtepa,12,SC-KID-012,SC-KID,8,102,209,Sitora Ergasheva,Ona,+998776550563,@sitora335,telegram,2026-02-09,450000,active,45,33,5,7,1,6,84.4,73.3,5,2,False,37,28,12,16,9,75.7,32.4,53.4,79,585,695,110,195,7,8,5,70.9,Qoniqarli,medium
135,STU-10135,student,Akmal,Xasanov,Akmal Xasanov,male,2015-05-01,11,+998773250547,@akmal_2102,7-son maktab,5,Mirobod,12,SC-KID-012,SC-KID,8,102,209,Dilnoza Xasanova,Ona,+998934828017,@dilnoza510,telegram,2026-02-09,450000,active,45,19,10,16,8,8,64.4,42.2,6,10,True,34,11,1,10,23,32.4,2.9,36.0,56,352,386,40,263,12,7,6,44.9,Past,high
136,STU-10136,student,Nodir,Tursunov,Nodir Tursunov,male,2014-12-05,12,+998987526804,@nodir_7638,45-son maktab,6,Olmazor,12,SC-KID-012,SC-KID,8,102,209,Temur Tursunov,Ota,+998985069908,@temur552,sms,2026-02-09,450000,active,45,41,3,1,1,0,97.8,91.1,1,0,False,42,40,31,9,2,95.2,73.8,76.4,91,485,1235,750,227,9,3,1,89.5,A'lo,low
137,STU-10137,student,Malika,Nazarova,Malika Nazarova,female,2016-02-26,10,+998994759485,@malika_603,64-son maktab,4,Chilonzor,12,SC-KID-012,SC-KID,8,102,209,Charos Nazarovaa,Ona,+998904827163,@charos677,sms,2026-02-09,450000,active,45,42,1,2,1,1,95.6,93.3,2,0,False,41,38,34,4,3,92.7,82.9,81.1,95,987,1367,385,102,3,2,2,89.7,A'lo,low
138,STU-10138,student,Sevara,Jo'rayeva,Sevara Jo'rayeva,female,2014-04-11,12,+998973290504,@sevara_5016,77-son maktab,6,Yunusobod,13,SC-KID-013,SC-KID,6,110,205,Odina Jo'rayevaa,Ona,+998979365142,@odina321,phone,2026-02-16,450000,active,48,36,5,7,3,4,85.4,75.0,4,3,False,40,32,25,7,8,80.0,62.5,69.5,83,595,915,320,193,9,6,4,78.2,Yaxshi,low
139,STU-10139,student,Elyor,Alimov,Elyor Alimov,male,2015-06-22,11,+998935992945,@elyor_500,18-son maktab,5,Mirzo Ulug'bek,13,SC-KID-013,SC-KID,6,110,205,Madina Alimova,Ona,+998947045910,@madina147,sms,2026-02-16,450000,active,48,40,4,4,3,1,91.7,83.3,4,0,False,43,40,32,8,3,93.0,74.4,77.8,97,1242,1247,5,69,1,2,4,87.2,Yaxshi,low
140,STU-10140,student,Malika,Sultonova,Malika Sultonova,female,2014-03-17,12,+998996631557,@malika_639,52-son maktab,6,Yashnobod,13,SC-KID-013,SC-KID,6,110,205,Dilnoza Sultonovaa,Ona,+998887663473,@dilnoza192,sms,2026-02-16,450000,active,48,44,1,3,0,3,93.8,91.7,2,1,False,41,37,33,4,4,90.2,80.5,77.7,94,874,1269,395,128,7,1,2,87.1,Yaxshi,low
141,STU-10141,student,Munisa,Karimova,Munisa Karimova,female,2016-03-17,10,+998919176461,@munisa_2325,201-son maktab,4,Sergeli,13,SC-KID-013,SC-KID,6,110,205,Amirbek Karimova,Ota,+998901810652,@amirbek424,telegram,2026-02-16,450000,active,48,31,8,9,5,4,81.2,64.6,2,7,True,41,20,8,12,21,48.8,19.5,52.1,69,203,603,400,291,12,8,2,61.3,Qoniqarli,high
142,STU-10142,student,Firdavs,Mirzayev,Firdavs Mirzayev,male,2016-09-12,10,+998931255133,@firdavs_4435,64-son maktab,4,Yunusobod,13,SC-KID-013,SC-KID,6,110,205,Zilola Mirzayeva,Ona,+998944757426,@zilola848,telegram,2026-02-16,450000,active,48,39,2,7,4,3,85.4,81.2,6,1,False,42,38,36,2,4,90.5,85.7,82.4,96,1106,1241,135,87,2,3,6,85.9,Yaxshi,low
143,STU-10143,student,Madina,Abdullayeva,Madina Abdullayeva,female,2013-09-12,13,+998995506205,@madina_6641,124-son maktab,7,Olmazor,13,SC-KID-013,SC-KID,6,110,205,Malika Abdullayevaa,Ona,+998908612496,@malika657,telegram,2026-02-16,450000,active,48,34,2,12,5,7,75.0,70.8,7,5,True,37,32,26,6,5,86.5,70.3,66.4,82,920,955,35,118,5,4,7,75.4,Yaxshi,medium
144,STU-10144,student,Farrux,Mirzayev,Farrux Mirzayev,male,2013-07-14,13,+998942948931,@farrux_1522,7-son maktab,7,Chilonzor,13,SC-KID-013,SC-KID,6,110,205,Bekzod Mirzayev,Ota,+998779406248,@bekzod360,sms,2026-02-16,450000,active,48,17,9,22,10,12,54.2,35.4,8,14,True,33,12,2,10,21,36.4,6.1,35.3,49,386,446,60,257,11,5,8,42.2,Past,high
145,STU-10145,student,Xurshid,Shodmonov,Xurshid Shodmonov,male,2014-08-19,12,+998996959318,@xurshid_1150,110-son maktab,6,Mirobod,13,SC-KID-013,SC-KID,6,110,205,Sarvar Shodmonov,Ota,+998336743814,@sarvar706,sms,2026-02-16,450000,active,48,36,4,8,2,6,83.3,75.0,6,2,False,39,33,27,6,6,84.6,69.2,78.7,96,1018,1043,30,97,3,1,6,82.1,Yaxshi,medium
146,STU-10146,student,Xurshid,Toshmatov,Xurshid Toshmatov,male,2015-10-25,11,+998932104781,@xurshid_8763,101-son maktab,5,Mirobod,13,SC-KID-013,SC-KID,6,110,205,Kamola Toshmatova,Ona,+998989758433,@kamola703,sms,2026-02-16,450000,active,48,39,4,5,2,3,89.6,81.2,2,3,False,41,33,23,10,8,80.5,56.1,66.6,91,911,926,15,121,6,3,2,78.8,Yaxshi,low
147,STU-10147,student,Temur,Jalilov,Temur Jalilov,male,2015-11-06,11,+998993064168,@temur_6817,24-son maktab,5,Shayxontohur,13,SC-KID-013,SC-KID,6,110,205,Abror Jalilov,Ota,+998906401643,@abror490,telegram,2026-02-16,450000,active,48,25,10,13,4,9,72.9,52.1,5,8,True,36,19,13,6,17,52.8,36.1,54.1,76,517,562,45,214,10,10,5,60.3,Qoniqarli,medium
148,STU-10148,student,Akmal,Bekmurodov,Akmal Bekmurodov,male,2014-08-22,12,+998883927849,@akmal_8576,24-son maktab,6,Chilonzor,13,SC-KID-013,SC-KID,6,110,205,Diyor Bekmurodov,Ota,+998978486017,@diyor811,telegram,2026-02-16,450000,active,48,41,3,4,0,4,91.7,85.4,3,1,False,40,31,25,6,9,77.5,62.5,77.9,93,990,1010,20,101,4,3,3,82.6,Yaxshi,low
149,STU-10149,student,Ozoda,Yo'ldosheva,Ozoda Yo'ldosheva,female,2015-10-12,11,+998971968626,@ozoda_9776,33-son maktab,5,Shayxontohur,13,SC-KID-013,SC-KID,6,110,205,Nafisa Yo'ldoshevaa,Ona,+998971298076,@nafisa669,phone,2026-02-16,450000,active,48,46,0,2,1,1,95.8,95.8,2,0,False,44,43,39,4,1,97.7,88.6,89.7,100,769,1854,1085,151,8,1,2,94.2,A'lo,low
150,STU-10150,student,Kamola,Alimova,Kamola Alimova,female,2014-08-03,12,+998981736522,@kamola_7350,110-son maktab,6,Olmazor,14,SC-KID-014,SC-KID,11,108,205,Dilfuza Alimovaa,Ona,+998943152524,@dilfuza533,telegram,2026-02-16,450000,active,43,36,3,4,1,3,90.7,83.7,3,1,False,39,32,27,5,7,82.1,69.2,68.8,90,465,930,465,234,8,2,3,80.5,Yaxshi,low
151,STU-10151,student,Anvar,Hamidov,Anvar Hamidov,male,2013-11-20,13,+998777247096,@anvar_1138,45-son maktab,7,Olmazor,14,SC-KID-014,SC-KID,11,108,205,Ozoda Hamidova,Ona,+998993172210,@ozoda733,phone,2026-02-16,450000,active,43,19,8,16,8,8,62.8,44.2,5,11,True,34,9,2,7,25,26.5,5.9,40.6,58,329,369,40,268,11,7,5,44.1,Past,high
152,STU-10152,student,Zilola,Shodmonova,Zilola Shodmonova,female,2013-07-17,13,+998883956670,@zilola_1166,153-son maktab,7,Sergeli,14,SC-KID-014,SC-KID,11,108,205,Zarina Shodmonovaa,Ona,+998918760155,@zarina573,sms,2026-02-16,450000,active,43,41,1,1,0,1,97.7,95.3,0,1,False,39,37,32,5,2,94.9,82.1,77.6,95,764,1219,455,154,3,1,0,89.8,A'lo,low
153,STU-10153,student,Nurbek,Karimov,Nurbek Karimov,male,2015-12-07,11,+998912510822,@nurbek_3716,12-son maktab,5,Bektemir,14,SC-KID-014,SC-KID,11,108,205,Sitora Karimova,Ona,+998976539025,@sitora887,sms,2026-02-16,450000,active,43,33,5,5,4,1,88.4,76.7,3,2,False,40,30,21,9,10,75.0,52.5,66.5,86,794,799,5,147,2,5,3,76.7,Yaxshi,low
154,STU-10154,student,Dilnoza,Yo'ldosheva,Dilnoza Yo'ldosheva,female,2016-04-19,10,+998993352498,@dilnoza_6767,7-son maktab,4,Yakkasaroy,14,SC-KID-014,SC-KID,11,108,205,Nilufar Yo'ldoshevaa,Ona,+998989099896,@nilufar983,telegram,2026-02-16,450000,active,43,35,3,5,2,3,88.4,81.4,3,2,False,37,31,22,9,6,83.8,59.5,67.9,88,463,928,465,235,9,2,3,79.8,Yaxshi,low
155,STU-10155,student,Ravshan,Umarov,Ravshan Umarov,male,2016-03-18,10,+998977623352,@ravshan_8471,124-son maktab,4,Yakkasaroy,14,SC-KID-014,SC-KID,11,108,205,Rayhona Umarova,Ona,+998916251948,@rayhona492,telegram,2026-02-16,450000,active,43,32,2,9,3,6,79.1,74.4,3,6,True,35,25,16,9,10,71.4,45.7,64.2,85,722,752,30,163,4,6,3,71.6,Qoniqarli,medium
156,STU-10156,student,Bobur,Alimov,Bobur Alimov,male,2013-07-28,13,+998883370338,@bobur_6092,89-son maktab,7,Yashnobod,14,SC-KID-014,SC-KID,11,108,205,Nozima Alimova,Ona,+998931874214,@nozima312,telegram,2026-02-16,450000,active,43,27,3,13,7,6,69.8,62.8,3,10,True,34,11,3,8,23,32.4,8.8,37.8,72,388,418,30,255,10,7,3,47.4,Past,high
157,STU-10157,student,Aziz,Nematov,Aziz Nematov,male,2016-09-03,10,+998948627203,@aziz_6751,153-son maktab,4,Yashnobod,14,SC-KID-014,SC-KID,11,108,205,Muslima Nematova,Ona,+998905589526,@muslima324,sms,2026-02-16,450000,active,43,40,2,1,1,0,97.7,93.0,0,1,False,40,37,32,5,3,92.5,80.0,80.5,97,1172,1292,120,82,1,1,0,90.1,A'lo,low
158,STU-10158,student,Nilufar,Sobirova,Nilufar Sobirova,female,2013-11-04,13,+998333753559,@nilufar_8262,52-son maktab,7,Yakkasaroy,14,SC-KID-014,SC-KID,11,108,205,Alisher Sobirova,Ota,+998779340779,@alisher284,telegram,2026-02-16,450000,active,43,22,9,12,5,7,72.1,51.2,0,12,True,33,20,9,11,13,60.6,27.3,49.6,77,278,513,235,283,12,4,0,60.8,Qoniqarli,medium
159,STU-10159,student,Aziza,Norqulova,Aziza Norqulova,female,2015-09-27,11,+998911844074,@aziza_6894,52-son maktab,5,Yakkasaroy,14,SC-KID-014,SC-KID,11,108,205,Ulug'bek Norqulova,Ota,+998332692188,@ulugbek576,telegram,2026-02-16,450000,active,43,35,2,6,3,3,86.0,81.4,6,0,False,37,33,26,7,4,89.2,70.3,77.7,94,557,1072,515,203,6,2,6,84.1,Yaxshi,low
160,STU-10160,student,Munisa,Shodmonova,Munisa Shodmonova,female,2013-03-28,13,+998983583503,@munisa_5171,64-son maktab,7,Olmazor,14,SC-KID-014,SC-KID,11,108,205,Alisher Shodmonova,Ota,+998938487880,@alisher400,phone,2026-02-16,450000,active,43,27,7,9,4,5,79.1,62.8,3,6,True,36,20,8,12,16,55.6,22.2,55.3,78,610,635,25,188,5,9,3,63.7,Qoniqarli,medium
161,STU-10161,student,Sanjar,Mirzayev,Sanjar Mirzayev,male,2015-07-02,11,+998934086161,@sanjar_7142,89-son maktab,5,Yakkasaroy,14,SC-KID-014,SC-KID,11,108,205,Mohira Mirzayeva,Ona,+998974747441,@mohira770,telegram,2026-02-16,450000,active,43,38,2,3,1,2,93.0,88.4,3,0,False,38,37,31,6,1,97.4,81.6,79.3,98,538,1248,710,206,7,1,3,89.5,A'lo,low
162,STU-10162,student,Sherzod,Qodirov,Sherzod Qodirov,male,2015-11-17,11,+998914363995,@sherzod_8042,64-son maktab,5,Shayxontohur,15,SC-KID-015,SC-KID,3,106,202,Anvar Qodirov,Ota,+998981298164,@anvar868,sms,2026-02-02,450000,active,47,32,5,10,5,5,78.7,68.1,5,5,True,39,24,15,9,15,61.5,38.5,49.4,67,514,659,145,215,13,4,5,63.3,Qoniqarli,medium
163,STU-10163,student,Husan,Ergashev,Husan Ergashev,male,2015-03-16,11,+998984261068,@husan_2593,77-son maktab,5,Chilonzor,15,SC-KID-015,SC-KID,3,106,202,Laylo Ergasheva,Ona,+998776030885,@laylo133,telegram,2026-02-02,450000,active,47,25,3,19,11,8,59.6,53.2,3,16,True,37,9,1,8,28,24.3,2.7,39.2,53,388,428,40,256,14,6,3,41.9,Past,high
164,STU-10164,student,Sherzod,Shodmonov,Sherzod Shodmonov,male,2013-04-11,13,+998332895038,@sherzod_2743,110-son maktab,7,Uchtepa,15,SC-KID-015,SC-KID,3,106,202,Shahzoda Shodmonova,Ona,+998972164749,@shahzoda841,sms,2026-02-02,450000,active,47,44,0,3,0,3,93.6,93.6,3,0,False,41,40,39,1,1,97.6,95.1,90.6,100,1466,1681,215,39,1,0,3,93.7,A'lo,low
165,STU-10165,student,Sardor,Nazarov,Sardor Nazarov,male,2013-11-23,13,+998916563842,@sardor_181,178-son maktab,7,Shayxontohur,15,SC-KID-015,SC-KID,3,106,202,Asadbek Nazarov,Ota,+998917286635,@asadbek845,phone,2026-02-02,450000,active,47,40,3,4,2,2,91.5,85.1,4,0,False,42,41,38,3,1,97.6,90.5,78.5,91,1261,1271,10,67,4,1,4,88.8,A'lo,low
166,STU-10166,student,Shohruh,Nazarov,Shohruh Nazarov,male,2015-02-05,11,+998909502409,@shohruh_4298,101-son maktab,5,Yashnobod,15,SC-KID-015,SC-KID,3,106,202,Kamola Nazarova,Ona,+998988848612,@kamola351,phone,2026-02-02,450000,active,47,38,6,3,1,2,93.6,80.9,1,2,False,42,38,31,7,4,90.5,73.8,69.0,92,808,1068,260,142,6,2,1,84.1,Yaxshi,low
167,STU-10167,student,Sanjar,Sultonov,Sanjar Sultonov,male,2015-12-28,11,+998942460295,@sanjar_2906,24-son maktab,5,Shayxontohur,15,SC-KID-015,SC-KID,3,106,202,Shohruh Sultonov,Ota,+998911900337,@shohruh600,phone,2026-02-02,450000,active,47,31,8,8,5,3,83.0,66.0,3,5,True,41,37,25,12,4,90.2,61.0,64.1,83,527,922,395,210,11,6,3,78.5,Yaxshi,medium
168,STU-10168,student,Nargiza,Ashurova,Nargiza Ashurova,female,2016-05-19,10,+998916658875,@nargiza_1706,7-son maktab,4,Yashnobod,15,SC-KID-015,SC-KID,3,106,202,Otabek Ashurova,Ota,+998945086253,@otabek709,telegram,2026-02-02,450000,active,47,30,5,12,5,7,74.5,63.8,4,8,True,37,17,11,6,20,45.9,29.7,53.8,76,556,591,35,204,9,7,4,58.7,Past,high
169,STU-10169,student,Nodir,Saidov,Nodir Saidov,male,2014-02-26,12,+998943484115,@nodir_8478,33-son maktab,6,Mirzo Ulug'bek,15,SC-KID-015,SC-KID,3,106,202,Muslima Saidova,Ona,+998906326401,@muslima521,sms,2026-02-02,450000,active,47,43,1,3,1,2,93.6,91.5,3,0,False,42,41,38,3,1,97.6,90.5,89.4,100,1311,1641,330,63,3,2,3,93.3,A'lo,low
170,STU-10170,student,Laylo,Sultonova,Laylo Sultonova,female,2015-04-08,11,+998982158265,@laylo_9987,12-son maktab,5,Yashnobod,15,SC-KID-015,SC-KID,3,106,202,Munisa Sultonovaa,Ona,+998909048488,@munisa138,sms,2026-02-02,450000,active,47,34,9,4,1,3,91.5,72.3,3,1,False,41,34,24,10,7,82.9,58.5,64.2,88,575,890,315,197,8,4,3,79.4,Yaxshi,low
171,STU-10171,student,Nilufar,Jalilova,Nilufar Jalilova,female,2013-02-21,13,+998971885446,@nilufar_7737,33-son maktab,7,Sergeli,15,SC-KID-015,SC-KID,3,106,202,Muslima Jalilovaa,Ona,+998889325279,@muslima238,telegram,2026-02-02,450000,active,47,27,7,13,6,7,72.3,57.4,3,10,True,37,21,13,8,16,56.8,35.1,52.0,78,549,584,35,205,10,9,3,60.5,Qoniqarli,medium
172,STU-10172,student,Nurbek,Saidov,Nurbek Saidov,male,2016-02-26,10,+998881842262,@nurbek_6522,110-son maktab,4,Yakkasaroy,15,SC-KID-015,SC-KID,3,106,202,Laylo Saidova,Ona,+998944322116,@laylo701,sms,2026-02-02,450000,active,47,35,3,9,6,3,80.9,74.5,4,5,True,42,30,21,9,12,71.4,50.0,67.2,85,599,864,265,191,7,6,4,73.3,Qoniqarli,medium
173,STU-10173,student,Feruza,Rustamova,Feruza Rustamova,female,2013-02-08,13,+998918975616,@feruza_6959,124-son maktab,7,Bektemir,15,SC-KID-015,SC-KID,3,106,202,Charos Rustamovaa,Ona,+998971075419,@charos407,sms,2026-02-02,450000,active,47,35,5,7,2,5,85.1,74.5,4,3,False,39,33,23,10,6,84.6,59.0,65.2,83,526,851,325,211,12,3,4,78.0,Yaxshi,low
174,STU-10174,student,Ulug'bek,Ochilov,Ulug'bek Ochilov,male,2015-02-12,11,+998974142184,@ulugbek_7342,124-son maktab,5,Yakkasaroy,15,SC-KID-015,SC-KID,3,106,202,Dilfuza Ochilova,Ona,+998771546416,@dilfuza399,telegram,2026-02-02,450000,active,47,44,1,2,1,1,95.7,93.6,2,0,False,44,43,41,2,1,97.7,93.2,90.4,100,1075,1710,635,91,5,0,2,94.4,A'lo,low
175,STU-10175,student,Islom,Qodirov,Islom Qodirov,male,2015-11-21,11,+998946898026,@islom_6561,77-son maktab,5,Uchtepa,15,SC-KID-015,SC-KID,3,106,202,Farrux Qodirov,Ota,+998995554688,@farrux440,phone,2026-02-02,450000,active,47,45,1,1,1,0,97.9,95.7,1,0,False,44,40,38,2,4,90.9,86.4,80.6,90,1399,1399,0,49,2,1,1,89.7,A'lo,low
176,STU-10176,student,Rayhona,Umarova,Rayhona Umarova,female,2011-07-17,15,+998919621256,@rayhona_6271,24-son maktab,9,Shayxontohur,16,UX-FIG-016,UX-FIG,13,115,207,Bekzod Umarova,Ota,+998915125072,@bekzod565,telegram,2026-02-09,850000,active,73,52,11,10,5,5,86.3,71.2,9,1,False,63,47,33,14,16,74.6,52.4,67.5,88,1223,1363,145,70,1,6,9,76.2,Yaxshi,low
177,STU-10177,student,Zilola,Ochilova,Zilola Ochilova,female,2009-05-10,17,+998901955957,@zilola_2050,233-son maktab,11,Sergeli,16,UX-FIG-016,UX-FIG,13,115,207,Nozima Ochilovaa,Ona,+998332001372,@nozima770,sms,2026-02-09,850000,active,73,55,11,7,5,2,90.4,75.3,5,2,False,65,49,29,20,16,75.4,44.6,64.6,83,243,1453,1210,287,13,3,5,76.9,Yaxshi,low
178,STU-10178,student,Nurbek,Mirzayev,Nurbek Mirzayev,male,2008-12-15,18,+998779522705,@nurbek_864,110-son maktab,11,Mirzo Ulug'bek,16,UX-FIG-016,UX-FIG,13,115,207,Xurshid Mirzayev,Ota,+998931118619,@xurshid377,phone,2026-02-09,850000,active,73,61,7,5,4,1,93.2,83.6,3,2,False,66,59,51,8,7,89.4,77.3,80.0,97,660,1865,1205,175,6,3,3,87.4,Yaxshi,low
179,STU-10179,student,Odina,Xasanova,Odina Xasanova,female,2011-05-25,15,+998976439208,@odina_2752,178-son maktab,9,Chilonzor,16,UX-FIG-016,UX-FIG,13,115,207,Asadbek Xasanova,Ota,+998917383496,@asadbek604,telegram,2026-02-09,850000,active,73,54,9,10,4,6,86.3,74.0,5,5,True,61,51,30,21,10,83.6,49.2,62.2,80,435,1445,1010,245,9,5,5,77.1,Yaxshi,low
180,STU-10180,student,Ozoda,Sultonova,Ozoda Sultonova,female,2011-09-26,15,+998775993440,@ozoda_6374,101-son maktab,9,Mirzo Ulug'bek,16,UX-FIG-016,UX-FIG,13,115,207,Temur Sultonova,Ota,+998333863491,@temur797,telegram,2026-02-09,850000,active,73,42,9,22,7,15,69.9,57.5,8,14,True,52,26,10,16,26,50.0,19.2,49.7,70,525,900,375,212,8,5,8,56.9,Past,high
181,STU-10181,student,Sarvar,Umarov,Sarvar Umarov,male,2008-06-15,18,+998885476977,@sarvar_1942,45-son maktab,11,Bektemir,16,UX-FIG-016,UX-FIG,13,115,207,Dilnoza Umarova,Ona,+998987609737,@dilnoza427,sms,2026-02-09,850000,active,73,48,8,17,6,11,76.7,65.8,4,13,True,56,36,20,16,20,64.3,35.7,54.9,71,390,1055,665,254,10,7,4,65.3,Qoniqarli,medium
182,STU-10182,student,Asadbek,Xolmatov,Asadbek Xolmatov,male,2010-01-05,16,+998987636062,@asadbek_8772,77-son maktab,10,Yakkasaroy,16,UX-FIG-016,UX-FIG,13,115,207,Laylo Xolmatova,Ona,+998337907570,@laylo870,telegram,2026-02-09,850000,active,73,53,11,9,4,5,87.7,72.6,7,2,False,63,55,44,11,8,87.3,69.8,77.1,96,594,1719,1125,194,7,1,7,83.9,Yaxshi,low
183,STU-10183,student,Umar,Karimov,Umar Karimov,male,2012-09-27,14,+998992866870,@umar_5129,33-son maktab,8,Yakkasaroy,16,UX-FIG-016,UX-FIG,13,115,207,Ozoda Karimova,Ona,+998975083170,@ozoda171,telegram,2026-02-09,850000,active,73,48,12,13,7,6,82.2,65.8,6,7,True,61,54,38,16,7,88.5,62.3,64.1,96,676,1406,730,174,5,6,6,77.8,Yaxshi,medium
184,STU-10184,student,Jasur,Ashurov,Jasur Ashurov,male,2009-12-27,17,+998939921986,@jasur_8639,124-son maktab,11,Yakkasaroy,16,UX-FIG-016,UX-FIG,13,115,207,Mohira Ashurova,Ona,+998886651124,@mohira458,phone,2026-02-09,850000,active,73,60,8,5,2,3,93.2,82.2,2,3,False,64,51,29,22,13,79.7,45.3,66.1,90,723,1438,715,162,4,2,2,79.7,Yaxshi,low
185,STU-10185,student,Nozima,Sultonova,Nozima Sultonova,female,2011-06-22,15,+998994589267,@nozima_9499,64-son maktab,9,Yakkasaroy,16,UX-FIG-016,UX-FIG,13,115,207,Asadbek Sultonova,Ota,+998331052140,@asadbek972,phone,2026-02-09,850000,active,73,57,11,5,3,2,93.2,78.1,3,2,False,65,53,38,15,12,81.5,58.5,66.8,97,804,1574,770,146,3,5,3,80.4,Yaxshi,low
186,STU-10186,student,Yulduz,Sultonova,Yulduz Sultonova,female,2011-04-22,15,+998937448001,@yulduz_4606,12-son maktab,9,Bektemir,16,UX-FIG-016,UX-FIG,13,115,207,Nurbek Sultonova,Ota,+998971561560,@nurbek860,sms,2026-02-09,850000,active,73,52,13,8,2,6,89.0,71.2,3,5,True,61,37,12,25,24,60.7,19.7,50.2,78,918,1068,150,120,2,4,3,66.9,Qoniqarli,medium
187,STU-10187,student,Nurbek,Xasanov,Nurbek Xasanov,male,2008-04-08,18,+998913044108,@nurbek_5427,45-son maktab,11,Chilonzor,16,UX-FIG-016,UX-FIG,13,115,207,Dilnoza Xasanova,Ona,+998772319833,@dilnoza468,telegram,2026-02-09,850000,active,73,55,8,10,6,4,86.3,75.3,2,8,True,63,48,29,19,15,76.2,46.0,64.9,89,373,1293,920,260,11,4,2,75.8,Yaxshi,low
188,STU-10188,student,Alisher,Shodmonov,Alisher Shodmonov,male,2010-09-02,16,+998986553867,@alisher_8794,52-son maktab,10,Yashnobod,16,UX-FIG-016,UX-FIG,13,115,207,Muslima Shodmonova,Ona,+998908844748,@muslima213,sms,2026-02-09,850000,active,73,63,6,4,2,2,94.5,86.3,4,0,False,65,62,47,15,3,95.4,72.3,76.3,91,283,1983,1700,282,12,3,4,88.4,A'lo,low
189,STU-10189,student,Husan,Rahimov,Husan Rahimov,male,2011-03-01,15,+998997548256,@husan_8490,124-son maktab,9,Yashnobod,17,UX-FIG-017,UX-FIG,3,111,209,Nargiza Rahimova,Ona,+998915592486,@nargiza841,telegram,2026-02-02,850000,active,76,54,10,12,4,8,84.2,71.1,8,4,True,64,51,31,20,13,79.7,48.4,63.6,87,1189,1479,290,74,2,2,8,75.6,Yaxshi,medium
190,STU-10190,student,Nilufar,Jalilova,Nilufar Jalilova,female,2008-06-22,18,+998778627816,@nilufar_3225,89-son maktab,11,Bektemir,17,UX-FIG-017,UX-FIG,3,111,209,Zilola Jalilovaa,Ona,+998773243839,@zilola541,sms,2026-02-02,850000,active,76,29,13,34,11,23,55.3,38.2,6,28,True,49,23,5,18,26,46.9,10.2,38.2,64,452,567,115,241,8,10,6,46.8,Past,high
191,STU-10191,student,Behruz,Xolmatov,Behruz Xolmatov,male,2010-04-03,16,+998901264678,@behruz_1127,101-son maktab,10,Yashnobod,17,UX-FIG-017,UX-FIG,3,111,209,Umar Xolmatov,Ota,+998945456146,@umar306,telegram,2026-02-02,850000,active,76,59,7,10,3,7,86.8,77.6,4,6,True,63,49,34,15,14,77.8,54.0,66.2,93,1451,1566,115,41,1,2,4,76.9,Yaxshi,low
192,STU-10192,student,Husan,Tursunov,Husan Tursunov,male,2008-06-21,18,+998991492993,@husan_7555,18-son maktab,11,Olmazor,17,UX-FIG-017,UX-FIG,3,111,209,Xurshid Tursunov,Ota,+998972765973,@xurshid145,phone,2026-02-02,850000,active,76,53,13,10,4,6,86.8,69.7,6,4,True,65,50,33,17,15,76.9,50.8,66.5,89,626,1356,730,184,7,6,6,76.7,Yaxshi,low
193,STU-10193,student,Ulug'bek,Jalilov,Ulug'bek Jalilov,male,2009-08-03,17,+998979521761,@ulugbek_6471,45-son maktab,11,Olmazor,17,UX-FIG-017,UX-FIG,3,111,209,Nafisa Jalilova,Ona,+998883152730,@nafisa970,telegram,2026-02-02,850000,active,76,57,10,9,4,5,88.2,75.0,3,6,True,66,48,32,16,18,72.7,48.5,63.4,85,630,1355,725,182,6,6,3,74.9,Qoniqarli,low
194,STU-10194,student,Javohir,Umarov,Javohir Umarov,male,2010-09-14,16,+998779913159,@javohir_6308,1-son maktab,10,Chilonzor,17,UX-FIG-017,UX-FIG,3,111,209,Shahzoda Umarova,Ona,+998933320588,@shahzoda113,telegram,2026-02-02,850000,active,76,72,2,2,2,0,97.4,94.7,1,1,False,70,66,57,9,4,94.3,81.4,79.3,100,317,2367,2050,272,11,1,1,90.1,A'lo,low
195,STU-10195,student,Nafisa,Ergasheva,Nafisa Ergasheva,female,2009-01-07,17,+998946949046,@nafisa_6368,18-son maktab,11,Yunusobod,17,UX-FIG-017,UX-FIG,3,111,209,Xurshid Ergasheva,Ota,+998778747102,@xurshid596,phone,2026-02-02,850000,active,76,71,2,3,2,1,96.1,93.4,3,0,False,69,68,62,6,1,98.6,89.9,89.6,100,924,2759,1835,116,4,2,3,94.6,A'lo,low
196,STU-10196,student,Alisher,Umarov,Alisher Umarov,male,2009-08-19,17,+998948878000,@alisher_7828,24-son maktab,11,Yunusobod,17,UX-FIG-017,UX-FIG,3,111,209,Laylo Umarova,Ona,+998771902061,@laylo982,sms,2026-02-02,850000,active,76,67,4,5,2,3,93.4,88.2,5,0,False,67,59,52,7,8,88.1,77.6,78.5,100,961,2056,1095,107,3,1,5,86.6,Yaxshi,low
197,STU-10197,student,Robiya,Rustamova,Robiya Rustamova,female,2012-12-08,14,+998941015862,@robiya_723,153-son maktab,8,Chilonzor,17,UX-FIG-017,UX-FIG,3,111,209,Bekzod Rustamova,Ota,+998774761081,@bekzod749,telegram,2026-02-02,850000,active,76,66,4,6,3,3,92.1,86.8,6,0,False,67,66,56,10,1,98.5,83.6,79.4,95,721,2056,1335,164,5,2,6,89.6,A'lo,low
198,STU-10198,student,Firdavs,Yusupov,Firdavs Yusupov,male,2008-11-19,18,+998912620263,@firdavs_3162,24-son maktab,11,Mirobod,17,UX-FIG-017,UX-FIG,3,111,209,Kamola Yusupova,Ona,+998938850314,@kamola118,sms,2026-02-02,850000,active,76,58,7,11,3,8,85.5,76.3,7,4,True,63,51,33,18,12,81.0,52.4,65.7,86,323,1463,1140,269,9,5,7,77.2,Yaxshi,low
199,STU-10199,student,Nurbek,Nematov,Nurbek Nematov,male,2012-09-26,14,+998335881584,@nurbek_7588,110-son maktab,8,Yakkasaroy,17,UX-FIG-017,UX-FIG,3,111,209,Malika Nematova,Ona,+998902436442,@malika614,telegram,2026-02-02,850000,active,76,58,9,9,4,5,88.2,76.3,5,4,True,65,51,36,15,14,78.5,55.4,66.3,94,321,1496,1175,271,10,2,5,77.6,Yaxshi,low
200,STU-10200,student,Sanjar,Rahimov,Sanjar Rahimov,male,2011-09-26,15,+998982577577,@sanjar_1539,52-son maktab,9,Yunusobod,18,UX-FIG-018,UX-FIG,5,107,201,Madina Rahimova,Ona,+998948198228,@madina213,telegram,2026-02-09,850000,active,72,56,7,9,4,5,87.5,77.8,5,4,True,61,47,36,11,14,77.0,59.0,66.7,93,805,1410,605,145,3,3,5,77.1,Yaxshi,low
201,STU-10201,student,Diyor,Saidov,Diyor Saidov,male,2010-05-05,16,+998774588346,@diyor_8621,110-son maktab,10,Uchtepa,18,UX-FIG-018,UX-FIG,5,107,201,Robiya Saidova,Ona,+998941116499,@robiya180,telegram,2026-02-09,850000,active,72,66,3,3,0,3,95.8,91.7,3,0,False,63,63,57,6,0,100.0,90.5,89.0,100,1448,2413,965,42,1,1,3,94.7,A'lo,low
202,STU-10202,student,Robiya,Ismoilova,Robiya Ismoilova,female,2012-01-27,14,+998935238702,@robiya_5023,101-son maktab,8,Chilonzor,18,UX-FIG-018,UX-FIG,5,107,201,Javohir Ismoilova,Ota,+998991919649,@javohir284,telegram,2026-02-09,850000,active,72,63,4,5,3,2,93.1,87.5,5,0,False,64,61,54,7,3,95.3,84.4,78.6,100,436,2106,1670,244,5,3,5,88.7,A'lo,low
203,STU-10203,student,Shohruh,Xolmatov,Shohruh Xolmatov,male,2009-03-21,17,+998984871848,@shohruh_9012,101-son maktab,11,Olmazor,18,UX-FIG-018,UX-FIG,5,107,201,Laylo Xolmatova,Ona,+998975190066,@laylo113,sms,2026-02-09,850000,active,72,56,8,8,3,5,88.9,77.8,4,4,True,62,53,35,18,9,85.5,56.5,67.8,89,1092,1577,485,89,2,5,4,80.5,Yaxshi,low
204,STU-10204,student,Islom,Ochilov,Islom Ochilov,male,2012-09-06,14,+998883703043,@islom_3565,201-son maktab,8,Chilonzor,18,UX-FIG-018,UX-FIG,5,107,201,Sardor Ochilov,Ota,+998996653140,@sardor475,telegram,2026-02-09,850000,active,72,57,6,9,4,5,87.5,79.2,5,4,True,61,50,34,16,11,82.0,55.7,66.5,88,297,1402,1105,277,8,6,5,78.5,Yaxshi,low
205,STU-10205,student,Sitora,Alimova,Sitora Alimova,female,2009-09-23,17,+998913957463,@sitora_7276,33-son maktab,11,Shayxontohur,18,UX-FIG-018,UX-FIG,5,107,201,Sanjar Alimova,Ota,+998971228706,@sanjar831,telegram,2026-02-09,850000,active,72,65,2,5,2,3,93.1,90.3,3,2,False,64,59,47,12,5,92.2,73.4,79.4,96,363,1958,1595,261,7,2,3,88.0,A'lo,low
206,STU-10206,student,Sevara,Ochilova,Sevara Ochilova,female,2010-01-03,16,+998912122590,@sevara_8876,1-son maktab,10,Yunusobod,18,UX-FIG-018,UX-FIG,5,107,201,Muhammadali Ochilova,Ota,+998912139709,@muhammadali811,sms,2026-02-09,850000,active,72,61,8,3,0,3,95.8,84.7,2,1,False,63,56,50,6,7,88.9,79.4,78.1,94,395,1890,1495,251,6,1,2,87.5,Yaxshi,low
207,STU-10207,student,Ulug'bek,Qodirov,Ulug'bek Qodirov,male,2009-11-17,17,+998938464651,@ulugbek_1653,153-son maktab,11,Olmazor,18,UX-FIG-018,UX-FIG,5,107,201,Laylo Qodirova,Ona,+998932679212,@laylo361,telegram,2026-02-09,850000,active,72,61,5,6,3,3,91.7,84.7,6,0,False,63,56,44,12,7,88.9,69.8,77.9,94,607,1902,1295,190,4,2,6,86.0,Yaxshi,low
208,STU-10208,student,Malika,Rustamova,Malika Rustamova,female,2011-02-28,15,+998913651397,@malika_9717,77-son maktab,9,Yakkasaroy,19,UX-FIG-019,UX-FIG,7,109,206,Sherzod Rustamova,Ota,+998971164506,@sherzod965,phone,2026-02-02,850000,active,75,72,1,2,0,2,97.3,96.0,2,0,False,67,64,61,3,3,95.5,91.0,89.6,100,1176,2666,1490,80,6,0,2,94.1,A'lo,low
209,STU-10209,student,Sardor,Mirzayev,Sardor Mirzayev,male,2009-02-27,17,+998973182209,@sardor_5922,101-son maktab,11,Mirobod,19,UX-FIG-019,UX-FIG,7,109,206,Farrux Mirzayev,Ota,+998914745661,@farrux163,telegram,2026-02-02,850000,active,75,63,4,8,3,5,89.3,84.0,8,0,False,64,60,49,11,4,93.8,76.6,78.0,95,1094,1869,775,88,8,2,8,86.7,Yaxshi,low
210,STU-10210,student,Gulnora,Jalilova,Gulnora Jalilova,female,2010-06-12,16,+998904757785,@gulnora_3277,52-son maktab,10,Sergeli,19,UX-FIG-019,UX-FIG,7,109,206,Xasan Jalilova,Ota,+998943782072,@xasan392,sms,2026-02-02,850000,active,75,31,9,35,16,19,53.3,41.3,10,25,True,52,20,4,16,32,38.5,7.7,39.3,60,456,626,175,240,11,5,10,44.0,Past,high
211,STU-10211,student,Sevara,Egamberdiyeva,Sevara Egamberdiyeva,female,2010-01-02,16,+998912843486,@sevara_7635,233-son maktab,10,Uchtepa,19,UX-FIG-019,UX-FIG,7,109,206,Farrux Egamberdiyeva,Ota,+998945728511,@farrux130,sms,2026-02-02,850000,active,75,64,4,7,4,3,90.7,85.3,6,1,False,67,58,46,12,9,86.6,68.7,78.9,99,1535,2010,475,33,4,3,6,85.3,Yaxshi,low
212,STU-10212,student,Jasur,Yo'ldoshev,Jasur Yo'ldoshev,male,2009-03-08,17,+998885011096,@jasur_5646,233-son maktab,11,Chilonzor,19,UX-FIG-019,UX-FIG,7,109,206,Gulbahor Yo'ldosheva,Ona,+998914200919,@gulbahor169,telegram,2026-02-02,850000,active,75,67,4,4,4,0,94.7,89.3,4,0,False,69,65,51,14,4,94.2,73.9,78.2,100,575,2125,1550,198,10,1,4,88.8,A'lo,low
213,STU-10213,student,Firdavs,Egamberdiyev,Firdavs Egamberdiyev,male,2011-10-20,15,+998336306167,@firdavs_3579,18-son maktab,9,Yunusobod,19,UX-FIG-019,UX-FIG,7,109,206,Dilnoza Egamberdiyeva,Ona,+998999805359,@dilnoza157,phone,2026-02-02,850000,active,75,56,11,8,2,6,89.3,74.7,4,4,True,63,53,32,21,10,84.1,50.8,65.4,89,1173,1403,230,81,7,3,4,79.4,Yaxshi,low
214,STU-10214,student,Abror,Tolipov,Abror Tolipov,male,2011-02-26,15,+998889079579,@abror_4315,33-son maktab,9,Mirobod,19,UX-FIG-019,UX-FIG,7,109,206,Odina Tolipova,Ona,+998914444917,@odina387,telegram,2026-02-02,850000,active,75,71,3,1,0,1,98.7,94.7,1,0,False,68,68,63,5,0,100.0,92.6,89.0,100,1978,2733,755,9,1,0,1,95.7,A'lo,low
215,STU-10215,student,Nurbek,Rahimov,Nurbek Rahimov,male,2009-11-24,17,+998981700486,@nurbek_6124,33-son maktab,11,Yashnobod,19,UX-FIG-019,UX-FIG,7,109,206,Husan Rahimov,Ota,+998883337044,@husan766,telegram,2026-02-02,850000,active,75,71,1,3,1,2,96.0,94.7,3,0,False,67,67,65,2,0,100.0,97.0,90.2,100,1384,2904,1520,52,5,1,3,95.2,A'lo,low
216,STU-10216,student,Abror,Ergashev,Abror Ergashev,male,2009-04-28,17,+998917744306,@abror_510,33-son maktab,11,Chilonzor,19,UX-FIG-019,UX-FIG,7,109,206,Anvar Ergashev,Ota,+998934213353,@anvar411,telegram,2026-02-02,850000,active,75,57,9,9,4,5,88.0,76.0,6,3,False,65,50,38,12,15,76.9,58.5,66.5,84,298,1393,1095,276,12,4,6,77.1,Yaxshi,low
217,STU-10217,student,Sarvar,Jo'rayev,Sarvar Jo'rayev,male,2012-08-12,14,+998885546288,@sarvar_3807,89-son maktab,8,Chilonzor,19,UX-FIG-019,UX-FIG,7,109,206,Charos Jo'rayeva,Ona,+998774630263,@charos297,sms,2026-02-02,850000,active,75,65,2,8,6,2,89.3,86.7,5,3,False,67,62,54,8,5,92.5,80.6,79.9,96,1920,2130,210,13,2,3,5,87.0,Yaxshi,low
218,STU-10218,student,Ravshan,Hamidov,Ravshan Hamidov,male,2012-10-12,14,+998337485214,@ravshan_2355,64-son maktab,8,Yashnobod,19,UX-FIG-019,UX-FIG,7,109,206,Islom Hamidov,Ota,+998935325958,@islom721,sms,2026-02-02,850000,active,75,53,11,11,5,6,85.3,70.7,7,4,True,63,54,37,17,9,85.7,58.7,66.8,89,284,1444,1160,281,13,3,7,78.9,Yaxshi,low
219,STU-10219,student,Diyor,Hamidov,Diyor Hamidov,male,2011-03-17,15,+998887860706,@diyor_4248,52-son maktab,9,Mirzo Ulug'bek,19,UX-FIG-019,UX-FIG,7,109,206,Xurshid Hamidov,Ota,+998934931072,@xurshid532,phone,2026-02-02,850000,active,75,70,2,3,2,1,96.0,93.3,3,0,False,68,67,64,3,1,98.5,94.1,89.3,100,1821,2806,985,17,3,0,3,94.4,A'lo,low
220,STU-10220,student,Kamola,Hamidova,Kamola Hamidova,female,2012-01-14,14,+998992230479,@kamola_8773,110-son maktab,8,Shayxontohur,19,UX-FIG-019,UX-FIG,7,109,206,Javohir Hamidova,Ota,+998915848106,@javohir871,phone,2026-02-02,850000,active,75,47,7,21,8,13,72.0,62.7,10,11,True,56,35,18,17,21,62.5,32.1,49.1,71,1001,1065,65,100,9,7,10,61.1,Qoniqarli,medium
221,STU-10221,student,Elyor,Jalilov,Elyor Jalilov,male,2010-07-03,16,+998335319082,@elyor_1302,7-son maktab,10,Bektemir,20,MB-FLU-020,MB-FLU,3,117,209,Muslima Jalilova,Ona,+998935289218,@muslima758,phone,2026-02-09,950000,active,72,66,3,3,1,2,95.8,91.7,2,1,False,64,52,42,10,12,81.2,65.6,77.3,98,468,1903,1440,233,8,2,2,84.9,Yaxshi,low
222,STU-10222,student,Madina,Nematova,Madina Nematova,female,2011-08-16,15,+998914475425,@madina_8989,124-son maktab,9,Sergeli,20,MB-FLU-020,MB-FLU,3,117,209,Charos Nematovaa,Ona,+998886440259,@charos904,phone,2026-02-09,950000,active,72,36,14,22,9,13,69.4,50.0,4,18,True,54,15,2,13,39,27.8,3.7,38.3,56,584,649,65,196,7,12,4,46.0,Past,high
223,STU-10223,student,Aziza,Jo'rayeva,Aziza Jo'rayeva,female,2009-12-23,17,+998911598449,@aziza_8453,24-son maktab,11,Sergeli,20,MB-FLU-020,MB-FLU,3,117,209,Mohira Jo'rayevaa,Ona,+998983140167,@mohira327,phone,2026-02-09,950000,active,72,49,7,16,6,10,77.8,68.1,4,12,True,57,29,11,18,28,50.9,19.3,48.2,72,459,949,490,238,9,4,4,59.4,Past,medium
224,STU-10224,student,Doniyor,Egamberdiyev,Doniyor Egamberdiyev,male,2008-06-19,18,+998937610705,@doniyor_6157,18-son maktab,11,Yakkasaroy,20,MB-FLU-020,MB-FLU,3,117,209,Ozoda Egamberdiyeva,Ona,+998983943038,@ozoda930,sms,2026-02-09,950000,active,72,60,5,7,5,2,90.3,83.3,5,2,False,65,45,31,14,20,69.2,47.7,67.0,98,731,1561,830,161,5,2,5,75.8,Yaxshi,medium
225,STU-10225,student,Yulduz,Ismoilova,Yulduz Ismoilova,female,2010-12-19,16,+998771765564,@yulduz_3349,1-son maktab,10,Bektemir,20,MB-FLU-020,MB-FLU,3,117,209,Akmal Ismoilova,Ota,+998973741526,@akmal941,telegram,2026-02-09,950000,active,72,58,5,9,4,5,87.5,80.6,5,4,True,61,53,32,21,8,86.9,52.5,65.4,88,1223,1493,275,71,2,6,5,79.6,Yaxshi,low
226,STU-10226,student,Diyor,Rahimov,Diyor Rahimov,male,2011-01-27,15,+998941324091,@diyor_492,18-son maktab,9,Yunusobod,20,MB-FLU-020,MB-FLU,3,117,209,Otabek Rahimov,Ota,+998903912297,@otabek335,phone,2026-02-09,950000,active,72,62,6,4,0,4,94.4,86.1,2,2,False,62,54,48,6,8,87.1,77.4,79.9,95,1510,1830,320,36,1,3,2,87.1,Yaxshi,low
227,STU-10227,student,Madina,Mirzayeva,Madina Mirzayeva,female,2008-06-03,18,+998915428969,@madina_2761,64-son maktab,11,Yunusobod,20,MB-FLU-020,MB-FLU,3,117,209,Feruza Mirzayevaa,Ona,+998999033641,@feruza995,telegram,2026-02-09,950000,active,72,60,4,8,6,2,88.9,83.3,7,1,False,65,63,54,9,2,96.9,83.1,79.0,94,817,2037,1220,138,4,3,7,87.8,Yaxshi,low
228,STU-10228,student,Aziz,Tursunov,Aziz Tursunov,male,2010-12-11,16,+998997463156,@aziz_4935,1-son maktab,10,Yashnobod,20,MB-FLU-020,MB-FLU,3,117,209,Rayhona Tursunova,Ona,+998934160717,@rayhona719,telegram,2026-02-09,950000,active,72,57,5,10,7,3,86.1,79.2,7,3,False,63,44,34,10,19,69.8,54.0,70.1,90,640,1555,915,180,6,3,7,75.6,Yaxshi,medium
229,STU-10229,student,Doniyor,Egamberdiyev,Doniyor Egamberdiyev,male,2011-02-19,15,+998888306001,@doniyor_2364,1-son maktab,9,Yashnobod,20,MB-FLU-020,MB-FLU,3,117,209,Rustam Egamberdiyev,Ota,+998884879619,@rustam737,telegram,2026-02-09,950000,active,72,43,13,16,10,6,77.8,59.7,3,13,True,62,41,21,20,21,66.1,33.9,50.0,76,984,1014,30,103,3,7,3,64.6,Qoniqarli,medium
230,STU-10230,student,Abror,Alimov,Abror Alimov,male,2009-09-14,17,+998974547779,@abror_7542,45-son maktab,11,Mirzo Ulug'bek,21,MB-FLU-021,MB-FLU,7,113,208,Aziza Alimova,Ona,+998904838443,@aziza841,telegram,2026-02-02,950000,active,76,69,1,6,3,3,92.1,90.8,4,2,False,67,62,54,8,5,92.5,80.6,78.4,99,102,2067,1965,293,11,2,4,87.4,Yaxshi,low
231,STU-10231,student,Bobur,Tursunov,Bobur Tursunov,male,2010-03-02,16,+998776293241,@bobur_1560,77-son maktab,10,Chilonzor,21,MB-FLU-021,MB-FLU,7,113,208,Abror Tursunov,Ota,+998977652470,@abror423,telegram,2026-02-02,950000,active,76,73,1,2,1,1,97.4,96.1,2,0,False,69,66,60,6,3,95.7,87.0,90.9,100,2601,2926,325,1,1,0,2,94.6,A'lo,low
232,STU-10232,student,Islom,Mirzayev,Islom Mirzayev,male,2010-11-08,16,+998889879537,@islom_5191,12-son maktab,10,Yunusobod,21,MB-FLU-021,MB-FLU,7,113,208,Malika Mirzayeva,Ona,+998983006301,@malika903,telegram,2026-02-02,950000,active,76,61,7,8,4,4,89.5,80.3,5,3,False,67,55,36,19,12,82.1,53.7,66.2,85,1538,1558,20,31,3,6,5,79.1,Yaxshi,low
233,STU-10233,student,Robiya,Rustamova,Robiya Rustamova,female,2008-08-03,18,+998997235587,@robiya_8865,153-son maktab,11,Olmazor,21,MB-FLU-021,MB-FLU,7,113,208,Nafisa Rustamovaa,Ona,+998886339190,@nafisa972,sms,2026-02-02,950000,active,76,34,5,37,18,19,51.3,44.7,8,29,True,51,15,2,13,36,29.4,3.9,36.5,56,512,607,95,216,8,5,8,39.5,Past,high
234,STU-10234,student,Shohruh,Tolipov,Shohruh Tolipov,male,2011-11-09,15,+998916717662,@shohruh_7265,201-son maktab,9,Yunusobod,21,MB-FLU-021,MB-FLU,7,113,208,Sardor Tolipov,Ota,+998918815971,@sardor800,telegram,2026-02-02,950000,active,76,71,3,2,1,1,97.4,93.4,1,1,False,69,67,58,9,2,97.1,84.1,80.3,99,1669,2244,575,24,2,3,1,91.3,A'lo,low
235,STU-10235,student,Shohruh,Abdullayev,Shohruh Abdullayev,male,2011-05-25,15,+998937490656,@shohruh_7076,89-son maktab,9,Olmazor,21,MB-FLU-021,MB-FLU,7,113,208,Xasan Abdullayev,Ota,+998916301721,@xasan267,sms,2026-02-02,950000,active,76,68,5,3,2,1,96.1,89.5,2,1,False,69,66,57,9,3,95.7,82.6,80.0,98,1069,2154,1085,92,5,1,2,90.3,A'lo,low
236,STU-10236,student,Islom,Tolipov,Islom Tolipov,male,2011-02-09,15,+998943174920,@islom_3272,178-son maktab,9,Yunusobod,21,MB-FLU-021,MB-FLU,7,113,208,Zarina Tolipova,Ona,+998935843688,@zarina876,sms,2026-02-02,950000,active,76,67,5,4,1,3,94.7,88.2,4,0,False,67,59,47,12,8,88.1,70.1,78.0,97,252,1917,1665,286,10,2,4,86.9,Yaxshi,low
237,STU-10237,student,Rayhona,Ochilova,Rayhona Ochilova,female,2010-01-09,16,+998984146119,@rayhona_6955,7-son maktab,10,Chilonzor,21,MB-FLU-021,MB-FLU,7,113,208,Yulduz Ochilovaa,Ona,+998776389490,@yulduz420,phone,2026-02-02,950000,active,76,61,10,5,2,3,93.4,80.3,2,3,False,67,56,30,26,11,83.6,44.8,62.7,89,1336,1511,175,61,4,2,2,79.7,Yaxshi,low
238,STU-10238,student,Muslima,Bekmurodova,Muslima Bekmurodova,female,2011-05-20,15,+998977285571,@muslima_5881,110-son maktab,9,Sergeli,21,MB-FLU-021,MB-FLU,7,113,208,Sardor Bekmurodova,Ota,+998946331621,@sardor938,telegram,2026-02-02,950000,active,76,33,12,31,10,21,59.2,43.4,7,24,True,51,14,5,9,37,27.5,9.8,37.5,59,511,616,105,217,9,10,7,42.1,Past,high
239,STU-10239,student,Firdavs,Karimov,Firdavs Karimov,male,2008-11-25,18,+998973241308,@firdavs_4028,233-son maktab,11,Olmazor,21,MB-FLU-021,MB-FLU,7,113,208,Aziz Karimov,Ota,+998936147039,@aziz359,telegram,2026-02-02,950000,active,76,64,6,6,2,4,92.1,84.2,6,0,False,66,60,51,9,6,90.9,77.3,78.8,96,889,2009,1120,126,6,2,6,87.1,Yaxshi,low
240,STU-10240,student,Nilufar,Bekmurodova,Nilufar Bekmurodova,female,2010-06-25,16,+998946711619,@nilufar_6013,52-son maktab,10,Yunusobod,21,MB-FLU-021,MB-FLU,7,113,208,Husan Bekmurodova,Ota,+998338645332,@husan447,sms,2026-02-02,950000,active,76,48,10,18,6,12,76.3,63.2,6,12,True,59,28,17,11,31,47.5,28.8,50.6,79,691,951,260,169,7,7,6,58.7,Past,high
241,STU-10241,student,Javohir,Rahimov,Javohir Rahimov,male,2010-06-03,16,+998887343669,@javohir_5177,178-son maktab,10,Olmazor,22,MB-FLU-022,MB-FLU,1,114,208,Elyor Rahimov,Ota,+998948752217,@elyor755,sms,2026-02-02,950000,active,75,63,4,8,5,3,89.3,84.0,8,0,False,66,57,45,12,9,86.4,68.2,78.3,94,762,1827,1065,155,6,1,8,84.6,Yaxshi,low
242,STU-10242,student,Aziza,Saidova,Aziza Saidova,female,2009-10-04,17,+998987094824,@aziza_2145,7-son maktab,11,Uchtepa,22,MB-FLU-022,MB-FLU,1,114,208,Sarvar Saidova,Ota,+998991198043,@sarvar781,phone,2026-02-02,950000,active,75,66,6,3,1,2,96.0,88.0,3,0,False,68,65,56,9,3,95.6,82.4,80.3,100,1691,2021,330,22,1,2,3,90.4,A'lo,low
243,STU-10243,student,Amirbek,Rahimov,Amirbek Rahimov,male,2010-07-03,16,+998771969415,@amirbek_3688,101-son maktab,10,Sergeli,22,MB-FLU-022,MB-FLU,1,114,208,Xasan Rahimov,Ota,+998336982981,@xasan203,phone,2026-02-02,950000,active,75,50,10,15,10,5,80.0,66.7,1,14,True,64,33,11,22,31,51.6,17.2,53.1,78,829,969,145,135,3,4,1,62.1,Qoniqarli,medium
244,STU-10244,student,Doniyor,Hamidov,Doniyor Hamidov,male,2010-06-10,16,+998993752569,@doniyor_3103,1-son maktab,10,Yakkasaroy,22,MB-FLU-022,MB-FLU,1,114,208,Rayhona Hamidova,Ona,+998889393779,@rayhona111,phone,2026-02-02,950000,active,75,55,9,11,9,2,85.3,73.3,8,3,False,68,56,44,12,12,82.4,64.7,68.3,90,767,1487,720,153,5,5,8,78.5,Yaxshi,low
245,STU-10245,student,Jasur,Jalilov,Jasur Jalilov,male,2011-01-07,15,+998881510327,@jasur_7044,24-son maktab,9,Bektemir,22,MB-FLU-022,MB-FLU,1,114,208,Nurbek Jalilov,Ota,+998338757837,@nurbek258,phone,2026-02-02,950000,active,75,71,3,1,1,0,98.7,94.7,1,0,False,69,65,62,3,4,94.2,89.9,91.0,100,531,3011,2480,209,7,0,1,94.7,A'lo,low
246,STU-10246,student,Robiya,Xasanova,Robiya Xasanova,female,2010-07-07,16,+998945288625,@robiya_3902,201-son maktab,10,Mirzo Ulug'bek,22,MB-FLU-022,MB-FLU,1,114,208,Nilufar Xasanovaa,Ona,+998906707703,@nilufar834,phone,2026-02-02,950000,active,75,56,10,9,4,5,88.0,74.7,5,4,True,64,51,29,22,13,79.7,45.3,63.7,89,449,1424,975,242,8,2,5,77.0,Yaxshi,low
247,STU-10247,student,Nodir,Umarov,Nodir Umarov,male,2011-12-15,15,+998912168283,@nodir_9263,124-son maktab,9,Mirzo Ulug'bek,22,MB-FLU-022,MB-FLU,1,114,208,Diyor Umarov,Ota,+998331881753,@diyor600,telegram,2026-02-02,950000,active,75,63,7,5,0,5,93.3,84.0,4,1,False,64,59,46,13,5,92.2,71.9,78.9,95,64,1949,1885,294,9,2,4,87.9,Yaxshi,low
248,STU-10248,student,Temur,Ismoilov,Temur Ismoilov,male,2009-07-25,17,+998934666003,@temur_7399,12-son maktab,11,Mirzo Ulug'bek,22,MB-FLU-022,MB-FLU,1,114,208,Rustam Ismoilov,Ota,+998937880807,@rustam465,sms,2026-02-02,950000,active,75,67,4,4,2,2,94.7,89.3,3,1,False,67,61,50,11,6,91.0,74.6,79.4,96,1665,2175,510,26,2,2,3,88.2,A'lo,low
249,STU-10249,student,Xurshid,Qodirov,Xurshid Qodirov,male,2009-03-14,17,+998948915977,@xurshid_9798,201-son maktab,11,Mirzo Ulug'bek,22,MB-FLU-022,MB-FLU,1,114,208,Yulduz Qodirova,Ona,+998779157896,@yulduz584,telegram,2026-02-02,950000,active,75,54,8,13,5,8,82.7,72.0,6,7,True,62,55,37,18,7,88.7,59.7,64.2,83,769,1389,620,152,4,4,6,78.0,Yaxshi,medium
250,STU-10250,student,Sherzod,Rustamov,Sherzod Rustamov,male,2011-07-04,15,+998881107575,@sherzod_782,178-son maktab,9,Olmazor,23,MB-FLU-023,MB-FLU,14,117,208,Aziza Rustamova,Ona,+998986905417,@aziza821,sms,2026-02-16,950000,active,70,58,3,9,6,3,87.1,82.9,4,5,True,62,55,42,13,7,88.7,67.7,69.5,96,484,1709,1225,228,9,5,4,81.4,Yaxshi,low
251,STU-10251,student,Behruz,Qurbonov,Behruz Qurbonov,male,2009-03-18,17,+998937753245,@behruz_3088,77-son maktab,11,Yunusobod,23,MB-FLU-023,MB-FLU,14,117,208,Ulug'bek Qurbonov,Ota,+998996479777,@ulugbek704,phone,2026-02-16,950000,active,70,57,6,7,2,5,90.0,81.4,6,1,False,60,58,48,10,2,96.7,80.0,76.8,97,858,1698,845,131,6,3,6,87.4,Yaxshi,low
252,STU-10252,student,Javohir,Nematov,Javohir Nematov,male,2008-08-16,18,+998882950369,@javohir_5549,64-son maktab,11,Sergeli,23,MB-FLU-023,MB-FLU,14,117,208,Ozoda Nematova,Ona,+998989924969,@ozoda910,telegram,2026-02-16,950000,active,70,51,8,11,4,7,84.3,72.9,6,5,True,58,39,26,13,19,67.2,44.8,63.9,84,921,1236,315,117,5,3,6,72.0,Qoniqarli,medium
253,STU-10253,student,Muhammadali,Rahimov,Muhammadali Rahimov,male,2009-07-03,17,+998991365053,@muhammadali_1340,45-son maktab,11,Yashnobod,23,MB-FLU-023,MB-FLU,14,117,208,Nafisa Rahimova,Ona,+998976576215,@nafisa394,sms,2026-02-16,950000,active,70,62,6,2,1,1,97.1,88.6,2,0,False,65,62,55,7,3,95.4,84.6,79.0,95,304,1959,1655,274,10,1,2,90.3,A'lo,low
254,STU-10254,student,Alisher,Mirzayev,Alisher Mirzayev,male,2009-04-08,17,+998938281880,@alisher_3261,7-son maktab,11,Uchtepa,23,MB-FLU-023,MB-FLU,14,117,208,Amirbek Mirzayev,Ota,+998912797024,@amirbek247,telegram,2026-02-16,950000,active,70,61,5,4,4,0,94.3,87.1,2,2,False,65,57,43,14,8,87.7,66.2,66.5,96,680,1580,900,173,7,5,2,82.6,Yaxshi,low
255,STU-10255,student,Mohira,Qurbonova,Mohira Qurbonova,female,2011-11-28,15,+998906499771,@mohira_2860,18-son maktab,9,Uchtepa,23,MB-FLU-023,MB-FLU,14,117,208,Alisher Qurbonova,Ota,+998902411066,@alisher157,phone,2026-02-16,950000,active,70,65,3,2,2,0,97.1,92.9,2,0,False,65,65,59,6,0,100.0,90.8,89.8,100,1570,2650,1080,29,2,1,2,95.4,A'lo,low
256,STU-10256,student,Nodir,Umarov,Nodir Umarov,male,2009-11-07,17,+998881410531,@nodir_2968,33-son maktab,11,Mirzo Ulug'bek,23,MB-FLU-023,MB-FLU,14,117,208,Dilnoza Umarova,Ona,+998987558206,@dilnoza518,telegram,2026-02-16,950000,active,70,61,1,8,0,8,88.6,87.1,7,1,False,57,52,42,10,5,91.2,73.7,77.0,93,1013,1753,740,99,4,1,7,85.3,Yaxshi,low
257,STU-10257,student,Nafisa,Bekmurodova,Nafisa Bekmurodova,female,2011-08-17,15,+998333474067,@nafisa_888,233-son maktab,9,Mirobod,23,MB-FLU-023,MB-FLU,14,117,208,Umar Bekmurodova,Ota,+998888365075,@umar123,telegram,2026-02-16,950000,active,70,55,9,6,3,3,91.4,78.6,5,1,False,62,57,42,15,5,91.9,67.7,68.3,91,1151,1586,435,83,3,2,5,83.5,Yaxshi,low
258,STU-10258,student,Nodir,Rustamov,Nodir Rustamov,male,2010-12-21,16,+998996599539,@nodir_7957,33-son maktab,10,Olmazor,23,MB-FLU-023,MB-FLU,14,117,208,Nurbek Rustamov,Ota,+998987947506,@nurbek822,phone,2026-02-16,950000,active,70,56,7,7,3,4,90.0,80.0,4,3,False,61,49,38,11,12,80.3,62.3,68.5,86,523,1483,960,213,8,6,4,79.6,Yaxshi,low
259,STU-10259,student,Madina,Xasanova,Madina Xasanova,female,2010-11-26,16,+998339199735,@madina_4607,12-son maktab,10,Uchtepa,23,MB-FLU-023,MB-FLU,14,117,208,Xurshid Xasanova,Ota,+998335400491,@xurshid920,telegram,2026-02-16,950000,active,70,67,1,2,1,1,97.1,95.7,2,0,False,64,63,60,3,1,98.4,93.8,90.5,100,2314,2769,455,5,1,1,2,95.2,A'lo,low
260,STU-10260,student,Otabek,Hamidov,Otabek Hamidov,male,2009-10-17,17,+998918304246,@otabek_7338,64-son maktab,11,Yunusobod,24,DA-SQL-024,DA-SQL,3,117,202,Munisa Hamidova,Ona,+998913241466,@munisa205,sms,2026-02-02,750000,active,52,47,3,2,1,1,96.2,90.4,2,0,False,47,43,38,5,4,91.5,80.9,79.3,100,714,1339,625,167,7,3,2,88.9,A'lo,low
261,STU-10261,student,Odina,Jalilova,Odina Jalilova,female,2011-01-16,15,+998339402367,@odina_8734,124-son maktab,9,Bektemir,24,DA-SQL-024,DA-SQL,3,117,202,Madina Jalilovaa,Ona,+998975662389,@madina900,telegram,2026-02-02,750000,active,52,45,4,3,1,2,94.2,86.5,3,0,False,47,40,33,7,7,85.1,70.2,79.2,90,757,1267,510,157,5,1,3,86.2,Yaxshi,low
262,STU-10262,student,Odina,Xasanova,Odina Xasanova,female,2008-11-28,18,+998971898035,@odina_9961,233-son maktab,11,Mirzo Ulug'bek,24,DA-SQL-024,DA-SQL,3,117,202,Mohira Xasanovaa,Ona,+998911777295,@mohira867,phone,2026-02-02,750000,active,52,26,5,21,7,14,59.6,50.0,6,15,True,34,20,10,10,14,58.8,29.4,52.9,75,499,564,70,224,8,6,6,57.0,Past,high
263,STU-10263,student,Farrux,Alimov,Farrux Alimov,male,2009-09-02,17,+998778868999,@farrux_1418,77-son maktab,11,Olmazor,24,DA-SQL-024,DA-SQL,3,117,202,Zarina Alimova,Ona,+998912372188,@zarina971,telegram,2026-02-02,750000,active,52,50,0,2,2,0,96.2,96.2,1,1,False,48,41,34,7,7,85.4,70.8,76.4,94,1385,1465,80,51,1,1,1,86.0,Yaxshi,low
264,STU-10264,student,Robiya,Sobirova,Robiya Sobirova,female,2010-11-27,16,+998945197413,@robiya_4352,7-son maktab,10,Yashnobod,24,DA-SQL-024,DA-SQL,3,117,202,Nodir Sobirova,Ota,+998983755560,@nodir267,phone,2026-02-02,750000,active,52,36,6,10,5,5,80.8,69.2,7,3,False,43,34,23,11,9,79.1,53.5,66.5,88,741,961,225,159,6,5,7,75.3,Yaxshi,medium
265,STU-10265,student,Bobur,Toshmatov,Bobur Toshmatov,male,2008-09-20,18,+998994892869,@bobur_7691,178-son maktab,11,Mirobod,24,DA-SQL-024,DA-SQL,3,117,202,Madina Toshmatova,Ona,+998998879429,@madina924,telegram,2026-02-02,750000,active,52,40,6,6,3,3,88.5,76.9,4,2,False,46,41,27,14,5,89.1,58.7,66.0,93,1033,1048,15,95,3,5,4,80.8,Yaxshi,low
266,STU-10266,student,Kamola,Xolmatova,Kamola Xolmatova,female,2011-09-11,15,+998919346402,@kamola_9756,89-son maktab,9,Mirzo Ulug'bek,24,DA-SQL-024,DA-SQL,3,117,202,Shahzoda Xolmatovaa,Ona,+998888878033,@shahzoda604,telegram,2026-02-02,750000,active,52,39,6,7,4,3,86.5,75.0,3,4,True,45,34,23,11,11,75.6,51.1,64.6,86,919,934,15,119,4,2,3,75.6,Yaxshi,low
267,STU-10267,student,Shohruh,Jalilov,Shohruh Jalilov,male,2008-02-05,18,+998906332449,@shohruh_3451,153-son maktab,11,Yunusobod,24,DA-SQL-024,DA-SQL,3,117,202,Muslima Jalilova,Ona,+998987459845,@muslima691,phone,2026-02-02,750000,active,52,44,3,5,4,1,90.4,84.6,5,0,False,47,44,40,4,3,93.6,85.1,80.3,100,1364,1369,5,58,2,1,5,87.8,Yaxshi,low
268,STU-10268,student,Akmal,Jalilov,Akmal Jalilov,male,2008-11-07,18,+998942080090,@akmal_6989,1-son maktab,11,Yashnobod,25,DA-SQL-025,DA-SQL,1,105,204,Akmal Jalilov,Ota,+998774194726,@akmal407,telegram,2026-02-02,750000,active,52,24,8,20,9,11,61.5,46.2,4,16,True,40,15,5,10,25,37.5,12.5,36.3,54,469,519,55,232,11,7,4,45.5,Past,high
269,STU-10269,student,Sanjar,Qodirov,Sanjar Qodirov,male,2010-11-04,16,+998915705846,@sanjar_5228,1-son maktab,10,Mirobod,25,DA-SQL-025,DA-SQL,1,105,204,Dilnoza Qodirova,Ona,+998771029782,@dilnoza372,telegram,2026-02-02,750000,active,52,24,9,19,10,9,63.5,46.2,10,9,True,39,14,3,11,25,35.9,7.7,36.4,51,481,526,45,229,10,5,10,45.7,Past,high
270,STU-10270,student,Husan,Sobirov,Husan Sobirov,male,2011-10-07,15,+998997795940,@husan_540,12-son maktab,9,Bektemir,25,DA-SQL-025,DA-SQL,1,105,204,Firdavs Sobirov,Ota,+998943040550,@firdavs373,telegram,2026-02-02,750000,active,52,41,6,5,2,3,90.4,78.8,4,1,False,45,38,29,9,7,84.4,64.4,67.7,90,868,1083,215,129,8,3,4,80.7,Yaxshi,low
271,STU-10271,student,Nargiza,Qodirova,Nargiza Qodirova,female,2009-09-05,17,+998983238038,@nargiza_5981,101-son maktab,11,Shayxontohur,25,DA-SQL-025,DA-SQL,1,105,204,Ozoda Qodirovaa,Ona,+998901913496,@ozoda537,sms,2026-02-02,750000,active,52,50,2,0,0,0,100.0,96.2,0,0,False,48,43,40,3,5,89.6,83.3,80.3,96,1023,1603,580,96,4,1,0,90.0,A'lo,low
272,STU-10272,student,Temur,Xolmatov,Temur Xolmatov,male,2010-03-04,16,+998331253646,@temur_1051,52-son maktab,10,Sergeli,25,DA-SQL-025,DA-SQL,1,105,204,Temur Xolmatov,Ota,+998332611762,@temur673,sms,2026-02-02,750000,active,52,48,1,3,1,2,94.2,92.3,3,0,False,46,42,37,5,4,91.3,80.4,81.2,100,659,1539,880,176,9,1,3,88.8,A'lo,low
273,STU-10273,student,Bekzod,Alimov,Bekzod Alimov,male,2009-04-25,17,+998908593801,@bekzod_8342,52-son maktab,11,Chilonzor,25,DA-SQL-025,DA-SQL,1,105,204,Sarvar Alimov,Ota,+998996629088,@sarvar587,telegram,2026-02-02,750000,active,52,43,5,4,0,4,92.3,82.7,3,1,False,44,40,33,7,4,90.9,75.0,79.5,100,402,1367,970,249,12,1,3,87.4,Yaxshi,low
274,STU-10274,student,Nodir,Umarov,Nodir Umarov,male,2011-05-03,15,+998885100076,@nodir_2634,33-son maktab,9,Shayxontohur,25,DA-SQL-025,DA-SQL,1,105,204,Laylo Umarova,Ona,+998982322707,@laylo533,telegram,2026-02-02,750000,active,52,45,4,3,0,3,94.2,86.5,3,0,False,45,43,42,1,2,95.6,93.3,90.5,100,1703,1793,95,20,1,0,3,93.3,A'lo,low
275,STU-10275,student,Shohruh,Qurbonov,Shohruh Qurbonov,male,2010-10-02,16,+998919739495,@shohruh_3233,201-son maktab,10,Sergeli,25,DA-SQL-025,DA-SQL,1,105,204,Dilnoza Qurbonova,Ona,+998905779974,@dilnoza619,telegram,2026-02-02,750000,active,52,47,4,1,0,1,98.1,90.4,1,0,False,47,46,42,4,1,97.9,89.4,81.4,98,951,1486,535,108,6,1,1,92.2,A'lo,low
276,STU-10276,student,Sanjar,Qurbonov,Sanjar Qurbonov,male,2009-11-15,17,+998992473213,@sanjar_8884,77-son maktab,11,Olmazor,25,DA-SQL-025,DA-SQL,1,105,204,Islom Qurbonov,Ota,+998904736705,@islom777,sms,2026-02-02,750000,active,52,48,2,2,1,1,96.2,92.3,2,0,False,47,46,45,1,1,97.9,95.7,90.0,100,1472,1897,425,38,2,1,2,94.5,A'lo,low
277,STU-10277,student,Diyor,Ochilov,Diyor Ochilov,male,2010-01-13,16,+998945414711,@diyor_1736,110-son maktab,10,Mirobod,25,DA-SQL-025,DA-SQL,1,105,204,Munisa Ochilova,Ona,+998913612738,@munisa186,telegram,2026-02-02,750000,active,52,51,0,1,0,1,98.1,98.1,0,1,False,48,46,40,6,2,95.8,83.3,88.5,99,1365,2070,705,57,3,1,0,94.0,A'lo,low
278,STU-10278,student,Kamola,Umarova,Kamola Umarova,female,2011-11-16,15,+998993131622,@kamola_512,33-son maktab,9,Bektemir,25,DA-SQL-025,DA-SQL,1,105,204,Nozima Umarovaa,Ona,+998778944234,@nozima229,phone,2026-02-02,750000,active,52,50,1,1,0,1,98.1,96.2,1,0,False,47,45,43,2,2,95.7,91.5,91.2,100,981,2186,1205,104,5,2,1,95.0,A'lo,low
279,STU-10279,student,Aziza,Yusupova,Aziza Yusupova,female,2011-02-26,15,+998987822431,@aziza_4637,33-son maktab,9,Uchtepa,25,DA-SQL-025,DA-SQL,1,105,204,Sevara Yusupovaa,Ona,+998945500529,@sevara456,phone,2026-02-02,750000,active,52,43,2,7,2,5,86.5,82.7,3,4,True,44,35,24,11,9,79.5,54.5,64.7,85,925,1070,145,115,7,4,3,76.8,Yaxshi,low
280,STU-10280,student,Alisher,Ergashev,Alisher Ergashev,male,2008-04-21,18,+998906932935,@alisher_1479,77-son maktab,11,Bektemir,26,DA-SQL-026,DA-SQL,11,109,209,Muhammadali Ergashev,Ota,+998917385213,@muhammadali194,phone,2026-02-02,750000,active,47,46,1,0,0,0,100.0,97.9,0,0,False,44,44,43,1,0,100.0,97.7,90.4,100,507,1907,1400,220,11,2,0,96.6,A'lo,low
281,STU-10281,student,Umar,Umarov,Umar Umarov,male,2009-09-07,17,+998333159009,@umar_8355,1-son maktab,11,Sergeli,26,DA-SQL-026,DA-SQL,11,109,209,Aziza Umarova,Ona,+998937269651,@aziza463,phone,2026-02-02,750000,active,47,38,4,5,4,1,89.4,80.9,3,2,False,43,33,21,12,10,76.7,48.8,64.8,91,808,1013,205,143,7,6,3,77.0,Yaxshi,low
282,STU-10282,student,Nodir,Yusupov,Nodir Yusupov,male,2009-05-04,17,+998977744902,@nodir_621,64-son maktab,11,Uchtepa,26,DA-SQL-026,DA-SQL,11,109,209,Laylo Yusupova,Ona,+998338991842,@laylo354,sms,2026-02-02,750000,active,47,36,5,6,3,3,87.2,76.6,2,4,True,41,33,27,6,8,80.5,65.9,70.5,95,297,992,695,278,15,6,2,79.3,Yaxshi,low
283,STU-10283,student,Sanjar,Shodmonov,Sanjar Shodmonov,male,2009-12-10,17,+998995291772,@sanjar_6103,1-son maktab,11,Shayxontohur,26,DA-SQL-026,DA-SQL,11,109,209,Ozoda Shodmonova,Ona,+998984479179,@ozoda945,phone,2026-02-02,750000,active,47,26,8,13,5,8,72.3,55.3,2,11,True,36,13,2,11,23,36.1,5.6,37.9,69,457,497,40,239,13,5,2,49.4,Past,high
284,STU-10284,student,Ravshan,Jalilov,Ravshan Jalilov,male,2008-01-14,18,+998939181620,@ravshan_1772,101-son maktab,11,Yashnobod,26,DA-SQL-026,DA-SQL,11,109,209,Nafisa Jalilova,Ona,+998986652485,@nafisa583,telegram,2026-02-02,750000,active,47,37,5,5,2,3,89.4,78.7,4,1,False,41,30,20,10,11,73.2,48.8,65.1,84,654,969,315,177,8,5,4,76.0,Yaxshi,low
285,STU-10285,student,Elyor,Yusupov,Elyor Yusupov,male,2010-06-28,16,+998933647412,@elyor_5870,64-son maktab,10,Chilonzor,26,DA-SQL-026,DA-SQL,11,109,209,Dilfuza Yusupova,Ona,+998978067034,@dilfuza259,telegram,2026-02-02,750000,active,47,45,1,1,1,0,97.9,95.7,1,0,False,44,44,42,2,0,100.0,95.5,91.2,100,1222,1922,700,72,4,1,1,96.2,A'lo,low
286,STU-10286,student,Dilfuza,Alimova,Dilfuza Alimova,female,2009-01-28,17,+998915556914,@dilfuza_7301,201-son maktab,11,Sergeli,26,DA-SQL-026,DA-SQL,11,109,209,Aziz Alimova,Ota,+998994226287,@aziz255,telegram,2026-02-02,750000,active,47,36,4,7,4,3,85.1,76.6,4,3,False,42,34,21,13,8,81.0,50.0,64.0,85,474,939,465,231,12,5,4,76.5,Yaxshi,low
287,STU-10287,student,Kamola,Rahimova,Kamola Rahimova,female,2008-07-06,18,+998904161175,@kamola_3489,1-son maktab,11,Bektemir,26,DA-SQL-026,DA-SQL,11,109,209,Nafisa Rahimovaa,Ona,+998982913771,@nafisa879,telegram,2026-02-02,750000,active,47,40,2,5,3,2,89.4,85.1,5,0,False,42,40,36,4,2,95.2,85.7,81.1,95,1314,1324,10,62,3,1,5,88.2,A'lo,low
288,STU-10288,student,Robiya,Jo'rayeva,Robiya Jo'rayeva,female,2009-02-07,17,+998332510067,@robiya_8456,153-son maktab,11,Yunusobod,26,DA-SQL-026,DA-SQL,11,109,209,Firdavs Jo'rayeva,Ota,+998776402291,@firdavs224,telegram,2026-02-02,750000,active,47,38,2,7,5,2,85.1,80.9,5,2,False,42,28,17,11,14,66.7,40.5,65.3,87,612,902,290,187,10,2,5,72.7,Qoniqarli,medium
289,STU-10289,student,Umar,Saidov,Umar Saidov,male,2008-06-01,18,+998775035983,@umar_6280,7-son maktab,11,Mirobod,26,DA-SQL-026,DA-SQL,11,109,209,Jasur Saidov,Ota,+998995032886,@jasur769,sms,2026-02-02,750000,active,47,39,5,3,2,1,93.6,83.0,2,1,False,43,42,38,4,1,97.7,88.4,79.4,94,1189,1194,5,75,5,3,2,89.9,A'lo,low
290,STU-10290,student,Nafisa,Saidova,Nafisa Saidova,female,2009-08-25,17,+998938877083,@nafisa_9084,110-son maktab,11,Mirzo Ulug'bek,26,DA-SQL-026,DA-SQL,11,109,209,Gulbahor Saidovaa,Ona,+998907380659,@gulbahor573,phone,2026-02-02,750000,active,47,37,5,5,2,3,89.4,78.7,2,3,False,41,31,21,10,10,75.6,51.2,65.7,94,308,923,615,273,14,3,2,77.0,Yaxshi,low
291,STU-10291,student,Dilnoza,Tursunova,Dilnoza Tursunova,female,2008-02-10,18,+998908257634,@dilnoza_6823,201-son maktab,11,Uchtepa,26,DA-SQL-026,DA-SQL,11,109,209,Dilfuza Tursunovaa,Ona,+998902132080,@dilfuza195,telegram,2026-02-02,750000,active,47,37,6,4,1,3,91.5,78.7,4,0,False,41,39,35,4,2,95.1,85.4,79.7,96,836,1231,395,132,6,2,4,88.4,A'lo,low
292,STU-10292,student,Sherzod,Jalilov,Sherzod Jalilov,male,2010-02-17,16,+998985596365,@sherzod_4752,12-son maktab,10,Bektemir,26,DA-SQL-026,DA-SQL,11,109,209,Dilnoza Jalilova,Ona,+998974515111,@dilnoza325,sms,2026-02-02,750000,active,47,39,2,6,3,3,87.2,83.0,5,1,False,41,35,30,5,6,85.4,73.2,79.5,94,644,1109,465,178,9,2,5,84.0,Yaxshi,low
293,STU-10293,student,Ozoda,Qodirova,Ozoda Qodirova,female,2009-11-18,17,+998984728772,@ozoda_6686,1-son maktab,11,Mirzo Ulug'bek,26,DA-SQL-026,DA-SQL,11,109,209,Gulnora Qodirovaa,Ona,+998916681119,@gulnora265,sms,2026-02-02,750000,active,47,45,2,0,0,0,100.0,95.7,0,0,False,44,42,39,3,2,95.5,88.6,91.2,100,1413,1743,330,46,2,2,0,95.6,A'lo,low
294,STU-10294,student,Madina,Shodmonova,Madina Shodmonova,female,2009-07-09,17,+998946381120,@madina_6677,7-son maktab,11,Uchtepa,26,DA-SQL-026,DA-SQL,11,109,209,Nodir Shodmonova,Ota,+998937290506,@nodir934,telegram,2026-02-02,750000,active,47,44,0,3,3,0,93.6,93.6,3,0,False,44,43,42,1,1,97.7,95.5,91.8,100,1842,1842,0,15,1,0,3,94.2,A'lo,low
